drug_keyword,ATC_first_level_code,ATC_first_level_group,source_pharmacological_class,classification_method
5-HT3 Receptor Antagonist,A,Alimentary tract and metabolism,,individual_llm_classification
Acacia Nilotica,A,Alimentary tract and metabolism,,individual_llm_classification
Acanthopanax Senticosus (Eleutherococcus),A,Alimentary tract and metabolism,,individual_llm_classification
Acarbose,A,Alimentary tract and metabolism,,individual_llm_classification
Agropyron Repens Extract,A,Alimentary tract and metabolism,,individual_llm_classification
Alfacalcidol,A,Alimentary tract and metabolism,,individual_llm_classification
Alginate,A,Alimentary tract and metabolism,,individual_llm_classification
Alginic Acid,A,Alimentary tract and metabolism,,individual_llm_classification
Alginic Acid/Antacid (Gaviscon),A,Alimentary tract and metabolism,,individual_llm_classification
Alglucosidase Alfa,A,Alimentary tract and metabolism,,individual_llm_classification
Almagate,A,Alimentary tract and metabolism,,individual_llm_classification
Alpha Lipoic Acid,A,Alimentary tract and metabolism,,individual_llm_classification
Alpha-Lipoic Acid,A,Alimentary tract and metabolism,,individual_llm_classification
Aluminium Hydroxide,A,Alimentary tract and metabolism,,individual_llm_classification
Aluminum Hydroxide,A,Alimentary tract and metabolism,,individual_llm_classification
American Ginseng (Panax quinquefolius) Extract,A,Alimentary tract and metabolism,,individual_llm_classification
Antacid,A,Alimentary tract and metabolism,,individual_llm_classification
aprepitant,A,Alimentary tract and metabolism,Antiemetics & GI motility agents,predefined_dictionary
Arabinogalactan,A,Alimentary tract and metabolism,,individual_llm_classification
Argemone Mexicana (Herbal Decoction),A,Alimentary tract and metabolism,,individual_llm_classification
Arginine,A,Alimentary tract and metabolism,,individual_llm_classification
ascorbic acid,A,Alimentary tract and metabolism,Vitamins/minerals/supplements,predefined_dictionary
Ashtamangala Gritha,A,Alimentary tract and metabolism,,individual_llm_classification
Bacillus coagulans,A,Alimentary tract and metabolism,,individual_llm_classification
Balsalazide,A,Alimentary tract and metabolism,,individual_llm_classification
Belladonna,A,Alimentary tract and metabolism,,individual_llm_classification
Benzydamine,A,Alimentary tract and metabolism,,individual_llm_classification
Beta-Carotene,A,Alimentary tract and metabolism,,individual_llm_classification
Betaine,A,Alimentary tract and metabolism,,individual_llm_classification
Bifidobacterium animalis subsp. lactis BB12,A,Alimentary tract and metabolism,,individual_llm_classification
Bifidobacterium bifidum,A,Alimentary tract and metabolism,,individual_llm_classification
Bifidobacterium breve (probiotic),A,Alimentary tract and metabolism,,individual_llm_classification
Bifidobacterium longum,A,Alimentary tract and metabolism,,individual_llm_classification
Billinaster (herbal manna drop),A,Alimentary tract and metabolism,,individual_llm_classification
Biotin,A,Alimentary tract and metabolism,,individual_llm_classification
Bisacodyl,A,Alimentary tract and metabolism,,individual_llm_classification
Bismuth,A,Alimentary tract and metabolism,,individual_llm_classification
Bismuth Subcitrate,A,Alimentary tract and metabolism,,individual_llm_classification
Bismuth Subgallate,A,Alimentary tract and metabolism,,individual_llm_classification
Bismuth Subsalicylate,A,Alimentary tract and metabolism,,individual_llm_classification
Bromopride,A,Alimentary tract and metabolism,,individual_llm_classification
calcium,A,Alimentary tract and metabolism,Vitamins/minerals/supplements,predefined_dictionary
Camphorated Paramonochlorophenol,A,Alimentary tract and metabolism,,individual_llm_classification
Carglumic Acid,A,Alimentary tract and metabolism,,individual_llm_classification
carnosine,A,Alimentary tract and metabolism,Vitamins/minerals/supplements,predefined_dictionary
Cassia Fistula,A,Alimentary tract and metabolism,,individual_llm_classification
Chlorphentermine,A,Alimentary tract and metabolism,,individual_llm_classification
Choline,A,Alimentary tract and metabolism,,individual_llm_classification
cimetidine,A,Alimentary tract and metabolism,Antiulcer & acid-suppressant agents,predefined_dictionary
Cimetropium Bromide,A,Alimentary tract and metabolism,,individual_llm_classification
cisapride,A,Alimentary tract and metabolism,Antiemetics & GI motility agents,predefined_dictionary
Citric Acid,A,Alimentary tract and metabolism,,individual_llm_classification
coenzyme q10,A,Alimentary tract and metabolism,Vitamins/minerals/supplements,predefined_dictionary
Compound Glycyrrhizin,A,Alimentary tract and metabolism,,individual_llm_classification
Cotoneaster Frigidus Extract,A,Alimentary tract and metabolism,,individual_llm_classification
Cotoneaster Nummularioides,A,Alimentary tract and metabolism,,individual_llm_classification
CPP-ACP,A,Alimentary tract and metabolism,,individual_llm_classification
creatine,A,Alimentary tract and metabolism,Vitamins/minerals/supplements,predefined_dictionary
Curcuma Longa (Turmeric),A,Alimentary tract and metabolism,,individual_llm_classification
Curcumin,A,Alimentary tract and metabolism,,individual_llm_classification
Dapagliflozin,A,Alimentary tract and metabolism,,individual_llm_classification
Descurainia sophia Seed Extract,A,Alimentary tract and metabolism,,individual_llm_classification
dexlansoprazole,A,Alimentary tract and metabolism,Antiulcer & acid-suppressant agents,predefined_dictionary
Dicyclomine,A,Alimentary tract and metabolism,,individual_llm_classification
Diethylpropion,A,Alimentary tract and metabolism,,individual_llm_classification
dimenhydrinate,A,Alimentary tract and metabolism,Antiemetics & GI motility agents,predefined_dictionary
Dimethicone,A,Alimentary tract and metabolism,,individual_llm_classification
Dioctahedral Smectite,A,Alimentary tract and metabolism,,individual_llm_classification
diosmectite,A,Alimentary tract and metabolism,Antiemetics & GI motility agents,predefined_dictionary
docosahexaenoic,A,Alimentary tract and metabolism,Vitamins/minerals/supplements,predefined_dictionary
Docusate Sodium,A,Alimentary tract and metabolism,,individual_llm_classification
dolasetron,A,Alimentary tract and metabolism,Antiemetics & GI motility agents,predefined_dictionary
domperidone,A,Alimentary tract and metabolism,Antiemetics & GI motility agents,predefined_dictionary
Doxercalciferol,A,Alimentary tract and metabolism,,individual_llm_classification
Drotaverine,A,Alimentary tract and metabolism,,individual_llm_classification
Dulaglutide,A,Alimentary tract and metabolism,,individual_llm_classification
Eicosapentaenoic Acid (EPA),A,Alimentary tract and metabolism,,individual_llm_classification
empagliflozin,A,Alimentary tract and metabolism,"Endocrine, growth & metabolic agents",predefined_dictionary
Enterococcus faecium L3,A,Alimentary tract and metabolism,,individual_llm_classification
Epigallocatechin Gallate,A,Alimentary tract and metabolism,,individual_llm_classification
esomeprazole,A,Alimentary tract and metabolism,Antiulcer & acid-suppressant agents,predefined_dictionary
Etrolizumab,A,Alimentary tract and metabolism,,individual_llm_classification
Eugenol,A,Alimentary tract and metabolism,,individual_llm_classification
Evening Primrose Oil (Gamma-Linolenic Acid),A,Alimentary tract and metabolism,,individual_llm_classification
Evening Primrose Oil (Gamolenic Acid),A,Alimentary tract and metabolism,,individual_llm_classification
exenatide,A,Alimentary tract and metabolism,"Endocrine, growth & metabolic agents",predefined_dictionary
Exendin-(9-39),A,Alimentary tract and metabolism,,individual_llm_classification
famotidine,A,Alimentary tract and metabolism,Antiulcer & acid-suppressant agents,predefined_dictionary
Ficus carica Extract,A,Alimentary tract and metabolism,,individual_llm_classification
Fidaxomicin,A,Alimentary tract and metabolism,,individual_llm_classification
fluoride,A,Alimentary tract and metabolism,Vitamins/minerals/supplements,predefined_dictionary
Formocresol,A,Alimentary tract and metabolism,,individual_llm_classification
Free Fatty Acids,A,Alimentary tract and metabolism,,individual_llm_classification
Freshol (herbal preparation),A,Alimentary tract and metabolism,,individual_llm_classification
"Fructose-1,6-Diphosphate",A,Alimentary tract and metabolism,,individual_llm_classification
Galsulfase,A,Alimentary tract and metabolism,,individual_llm_classification
Gelatin Tannate,A,Alimentary tract and metabolism,,individual_llm_classification
Genistein,A,Alimentary tract and metabolism,,individual_llm_classification
Ginsenosides,A,Alimentary tract and metabolism,,individual_llm_classification
Glimepiride,A,Alimentary tract and metabolism,,individual_llm_classification
glucose,A,Alimentary tract and metabolism,Vitamins/minerals/supplements,predefined_dictionary
Glutamic Acid,A,Alimentary tract and metabolism,,individual_llm_classification
glutamine,A,Alimentary tract and metabolism,Vitamins/minerals/supplements,predefined_dictionary
Glutathione,A,Alimentary tract and metabolism,,individual_llm_classification
Glycerin,A,Alimentary tract and metabolism,,individual_llm_classification
Glycerol,A,Alimentary tract and metabolism,,individual_llm_classification
Glycopyrronium,A,Alimentary tract and metabolism,,individual_llm_classification
Goleghand (herbal preparation),A,Alimentary tract and metabolism,,individual_llm_classification
granisetron,A,Alimentary tract and metabolism,Antiemetics & GI motility agents,predefined_dictionary
Hippophae Rhamnoides,A,Alimentary tract and metabolism,,individual_llm_classification
Hydroxyapatite,A,Alimentary tract and metabolism,,individual_llm_classification
Hyoscine,A,Alimentary tract and metabolism,,individual_llm_classification
Hyoscine (Scopolamine),A,Alimentary tract and metabolism,,individual_llm_classification
Hyoscine Butylbromide,A,Alimentary tract and metabolism,,individual_llm_classification
inositol,A,Alimentary tract and metabolism,Vitamins/minerals/supplements,predefined_dictionary
Korean Red Ginseng (Panax ginseng),A,Alimentary tract and metabolism,,individual_llm_classification
L-Arginine,A,Alimentary tract and metabolism,,individual_llm_classification
L-Citrulline,A,Alimentary tract and metabolism,,individual_llm_classification
Lactase,A,Alimentary tract and metabolism,,individual_llm_classification
Lactobacillus (probiotic),A,Alimentary tract and metabolism,,individual_llm_classification
Lactobacillus acidophilus,A,Alimentary tract and metabolism,,individual_llm_classification
Lactobacillus acidophilus (probiotic),A,Alimentary tract and metabolism,,individual_llm_classification
Lactobacillus helveticus,A,Alimentary tract and metabolism,,individual_llm_classification
Lactobacillus paracasei,A,Alimentary tract and metabolism,,individual_llm_classification
Lactobacillus Plantarum,A,Alimentary tract and metabolism,,individual_llm_classification
Lactobacillus reuteri,A,Alimentary tract and metabolism,,individual_llm_classification
Lactobacillus rhamnosus,A,Alimentary tract and metabolism,,individual_llm_classification
Lactobacillus rhamnosus GG,A,Alimentary tract and metabolism,,individual_llm_classification
Lactobacillus rhamnosus GG (Probiotic),A,Alimentary tract and metabolism,,individual_llm_classification
Lactoferrin,A,Alimentary tract and metabolism,,individual_llm_classification
Lactulose,A,Alimentary tract and metabolism,,individual_llm_classification
lansoprazole,A,Alimentary tract and metabolism,Antiulcer & acid-suppressant agents,predefined_dictionary
Laxative (unspecified),A,Alimentary tract and metabolism,,individual_llm_classification
Laxatives,A,Alimentary tract and metabolism,,individual_llm_classification
Licorice (Glycyrrhiza) extract,A,Alimentary tract and metabolism,,individual_llm_classification
Licorice Extract (Glycyrrhiza),A,Alimentary tract and metabolism,,individual_llm_classification
Linaclotide,A,Alimentary tract and metabolism,,individual_llm_classification
Linagliptin,A,Alimentary tract and metabolism,,individual_llm_classification
Liquid Paraffin (Mineral Oil),A,Alimentary tract and metabolism,,individual_llm_classification
liraglutide,A,Alimentary tract and metabolism,"Endocrine, growth & metabolic agents",predefined_dictionary
Lixisenatide,A,Alimentary tract and metabolism,,individual_llm_classification
loperamide,A,Alimentary tract and metabolism,Antiemetics & GI motility agents,predefined_dictionary
lubiprostone,A,Alimentary tract and metabolism,Antiemetics & GI motility agents,predefined_dictionary
Lumasiran,A,Alimentary tract and metabolism,,individual_llm_classification
Macrogol (Polyethylene Glycol),A,Alimentary tract and metabolism,,individual_llm_classification
magnesium,A,Alimentary tract and metabolism,Vitamins/minerals/supplements,predefined_dictionary
Manna (herbal laxative),A,Alimentary tract and metabolism,,individual_llm_classification
Manna (laxative),A,Alimentary tract and metabolism,,individual_llm_classification
Maralixibat,A,Alimentary tract and metabolism,,individual_llm_classification
Mebeverine,A,Alimentary tract and metabolism,,individual_llm_classification
Mesalamine,A,Alimentary tract and metabolism,,individual_llm_classification
metformin,A,Alimentary tract and metabolism,"Endocrine, growth & metabolic agents",predefined_dictionary
metoclopramide,A,Alimentary tract and metabolism,Antiemetics & GI motility agents,predefined_dictionary
Metopimazine,A,Alimentary tract and metabolism,,individual_llm_classification
Miglustat,A,Alimentary tract and metabolism,,individual_llm_classification
Milk Thistle Extract (Silymarin),A,Alimentary tract and metabolism,,individual_llm_classification
Mineral Oil (Paraffin),A,Alimentary tract and metabolism,,individual_llm_classification
Misoprostol,A,Alimentary tract and metabolism,,individual_llm_classification
Monosodium Phosphate,A,Alimentary tract and metabolism,,individual_llm_classification
Montmorillonite (Smectite),A,Alimentary tract and metabolism,,individual_llm_classification
Mosapride,A,Alimentary tract and metabolism,,individual_llm_classification
Multi-strain Probiotic/Synbiotic (unspecified strains),A,Alimentary tract and metabolism,,individual_llm_classification
Multivitamin,A,Alimentary tract and metabolism,,individual_llm_classification
myo-inositol,A,Alimentary tract and metabolism,Vitamins/minerals/supplements,predefined_dictionary
Nabilone,A,Alimentary tract and metabolism,,individual_llm_classification
Naringenin,A,Alimentary tract and metabolism,,individual_llm_classification
Nicotinamide,A,Alimentary tract and metabolism,,individual_llm_classification
Nigella Sativa,A,Alimentary tract and metabolism,,individual_llm_classification
Nizatidine,A,Alimentary tract and metabolism,,individual_llm_classification
Odevixibat,A,Alimentary tract and metabolism,,individual_llm_classification
Olsalazine,A,Alimentary tract and metabolism,,individual_llm_classification
omega-3,A,Alimentary tract and metabolism,Vitamins/minerals/supplements,predefined_dictionary
omeprazole,A,Alimentary tract and metabolism,Antiulcer & acid-suppressant agents,predefined_dictionary
ondansetron,A,Alimentary tract and metabolism,Antiemetics & GI motility agents,predefined_dictionary
Opium Tincture (Paregoric),A,Alimentary tract and metabolism,,individual_llm_classification
palonosetron,A,Alimentary tract and metabolism,Antiemetics & GI motility agents,predefined_dictionary
Pancrelipase,A,Alimentary tract and metabolism,,individual_llm_classification
Pancrelipase (Pancreatin),A,Alimentary tract and metabolism,,individual_llm_classification
pantoprazole,A,Alimentary tract and metabolism,Antiulcer & acid-suppressant agents,predefined_dictionary
Papain,A,Alimentary tract and metabolism,,individual_llm_classification
Paricalcitol,A,Alimentary tract and metabolism,,individual_llm_classification
Peppermint Oil,A,Alimentary tract and metabolism,,individual_llm_classification
Peppermint Oil (Mentha Piperita),A,Alimentary tract and metabolism,,individual_llm_classification
Pepsin,A,Alimentary tract and metabolism,,individual_llm_classification
Phentermine,A,Alimentary tract and metabolism,,individual_llm_classification
Phenylalanine,A,Alimentary tract and metabolism,,individual_llm_classification
Phenylbutyrate,A,Alimentary tract and metabolism,,individual_llm_classification
Phosphate,A,Alimentary tract and metabolism,,individual_llm_classification
Pine Bark Extract (Pycnogenol),A,Alimentary tract and metabolism,,individual_llm_classification
pioglitazone,A,Alimentary tract and metabolism,"Endocrine, growth & metabolic agents",predefined_dictionary
Pirenzepine,A,Alimentary tract and metabolism,,individual_llm_classification
Polyethylene Glycol,A,Alimentary tract and metabolism,,individual_llm_classification
Polyethylene Glycol 3350,A,Alimentary tract and metabolism,,individual_llm_classification
Polyethylene Glycol 4000,A,Alimentary tract and metabolism,,individual_llm_classification
Potassium Sodium Hydrogen Citrate,A,Alimentary tract and metabolism,,individual_llm_classification
Prebiotic),A,Alimentary tract and metabolism,,individual_llm_classification
"Probiotic (multi-strain, VSL#3-type)",A,Alimentary tract and metabolism,,individual_llm_classification
Probiotic (unspecified strain),A,Alimentary tract and metabolism,,individual_llm_classification
Probiotics,A,Alimentary tract and metabolism,,individual_llm_classification
Probiotics (Bifico),A,Alimentary tract and metabolism,,individual_llm_classification
Propolis,A,Alimentary tract and metabolism,,individual_llm_classification
Proton Pump Inhibitor,A,Alimentary tract and metabolism,,individual_llm_classification
Proton Pump Inhibitor (unspecified),A,Alimentary tract and metabolism,,individual_llm_classification
Prucalopride,A,Alimentary tract and metabolism,,individual_llm_classification
Punica Granatum (Pomegranate Extract),A,Alimentary tract and metabolism,,individual_llm_classification
Pycnogenol,A,Alimentary tract and metabolism,,individual_llm_classification
Pycnogenol (Pine Bark Extract),A,Alimentary tract and metabolism,,individual_llm_classification
pyridoxine,A,Alimentary tract and metabolism,Vitamins/minerals/supplements,predefined_dictionary
rabeprazole,A,Alimentary tract and metabolism,Antiulcer & acid-suppressant agents,predefined_dictionary
racecadotril,A,Alimentary tract and metabolism,Antiemetics & GI motility agents,predefined_dictionary
ramosetron,A,Alimentary tract and metabolism,Antiemetics & GI motility agents,predefined_dictionary
ranitidine,A,Alimentary tract and metabolism,Antiulcer & acid-suppressant agents,predefined_dictionary
Recombinant Human Bile Salt-Stimulated Lipase (rhBSSL),A,Alimentary tract and metabolism,,individual_llm_classification
Repaglinide,A,Alimentary tract and metabolism,,individual_llm_classification
Resveratrol,A,Alimentary tract and metabolism,,individual_llm_classification
Riboflavin,A,Alimentary tract and metabolism,,individual_llm_classification
Rifaximin,A,Alimentary tract and metabolism,,individual_llm_classification
rosiglitazone,A,Alimentary tract and metabolism,"Endocrine, growth & metabolic agents",predefined_dictionary
S-Adenosylmethionine,A,Alimentary tract and metabolism,,individual_llm_classification
Saccharomyces boulardii,A,Alimentary tract and metabolism,,individual_llm_classification
Sacrosidase,A,Alimentary tract and metabolism,,individual_llm_classification
Saffron (Crocus sativus),A,Alimentary tract and metabolism,,individual_llm_classification
Scopolamine,A,Alimentary tract and metabolism,,individual_llm_classification
Secretin,A,Alimentary tract and metabolism,,individual_llm_classification
Selenium,A,Alimentary tract and metabolism,,individual_llm_classification
Selenomethionine,A,Alimentary tract and metabolism,,individual_llm_classification
Semaglutide,A,Alimentary tract and metabolism,,individual_llm_classification
Senna,A,Alimentary tract and metabolism,,individual_llm_classification
Shenqu Xiaoshi Oral Liquid,A,Alimentary tract and metabolism,,individual_llm_classification
Silymarin,A,Alimentary tract and metabolism,,individual_llm_classification
simethicone,A,Alimentary tract and metabolism,Antiemetics & GI motility agents,predefined_dictionary
Sitagliptin,A,Alimentary tract and metabolism,,individual_llm_classification
Sodium Benzoate,A,Alimentary tract and metabolism,,individual_llm_classification
Sodium Butyrate,A,Alimentary tract and metabolism,,individual_llm_classification
Sodium Lauryl Sulfoacetate,A,Alimentary tract and metabolism,,individual_llm_classification
Sodium Phenylbutyrate,A,Alimentary tract and metabolism,,individual_llm_classification
Sodium Phosphate,A,Alimentary tract and metabolism,,individual_llm_classification
Sodium Picosulfate,A,Alimentary tract and metabolism,,individual_llm_classification
Stool Softener,A,Alimentary tract and metabolism,,individual_llm_classification
sucralfate,A,Alimentary tract and metabolism,Antiulcer & acid-suppressant agents,predefined_dictionary
Sulfasalazine,A,Alimentary tract and metabolism,,individual_llm_classification
Sulforaphane,A,Alimentary tract and metabolism,,individual_llm_classification
Synbiotic (Probiotic,A,Alimentary tract and metabolism,,individual_llm_classification
Synsorb Pk (synthetic oligosaccharide Shiga-toxin-binding agent),A,Alimentary tract and metabolism,,individual_llm_classification
Taliglucerase Alfa,A,Alimentary tract and metabolism,,individual_llm_classification
Tannic Acid,A,Alimentary tract and metabolism,,individual_llm_classification
Taurine,A,Alimentary tract and metabolism,,individual_llm_classification
Tauroursodeoxycholic Acid,A,Alimentary tract and metabolism,,individual_llm_classification
Teduglutide,A,Alimentary tract and metabolism,,individual_llm_classification
Terminalia Chebula,A,Alimentary tract and metabolism,,individual_llm_classification
Thymoquinone,A,Alimentary tract and metabolism,,individual_llm_classification
Tolazamide,A,Alimentary tract and metabolism,,individual_llm_classification
Triheptanoin,A,Alimentary tract and metabolism,,individual_llm_classification
Trimethobenzamide,A,Alimentary tract and metabolism,,individual_llm_classification
tropisetron,A,Alimentary tract and metabolism,Antiemetics & GI motility agents,predefined_dictionary
Ursodeoxycholic Acid,A,Alimentary tract and metabolism,,individual_llm_classification
Velmanase Alfa,A,Alimentary tract and metabolism,,individual_llm_classification
Verbascoside,A,Alimentary tract and metabolism,,individual_llm_classification
vitamin,A,Alimentary tract and metabolism,Vitamins/minerals/supplements,predefined_dictionary
Zataria multiflora Extract,A,Alimentary tract and metabolism,,individual_llm_classification
zinc,A,Alimentary tract and metabolism,Vitamins/minerals/supplements,predefined_dictionary
albumin,B,Blood and blood-forming organs,Blood & haematologic agents,predefined_dictionary
alteplase,B,Blood and blood-forming organs,Blood & haematologic agents,predefined_dictionary
aminocaproic acid,B,Blood and blood-forming organs,Blood & haematologic agents,predefined_dictionary
Ankaferd Blood Stopper,B,Blood and blood-forming organs,,individual_llm_classification
Ankaferd Blood Stopper (herbal hemostatic),B,Blood and blood-forming organs,,individual_llm_classification
Antithrombin,B,Blood and blood-forming organs,,individual_llm_classification
Antithrombin III,B,Blood and blood-forming organs,,individual_llm_classification
Aprotinin,B,Blood and blood-forming organs,,individual_llm_classification
Beraprost,B,Blood and blood-forming organs,,individual_llm_classification
Bivalirudin,B,Blood and blood-forming organs,,individual_llm_classification
C1 Esterase Inhibitor,B,Blood and blood-forming organs,,individual_llm_classification
Carbazochrome,B,Blood and blood-forming organs,,individual_llm_classification
Cilostazol,B,Blood and blood-forming organs,,individual_llm_classification
Citrate,B,Blood and blood-forming organs,,individual_llm_classification
Clopidogrel,B,Blood and blood-forming organs,,individual_llm_classification
Dabigatran,B,Blood and blood-forming organs,,individual_llm_classification
darbepoetin,B,Blood and blood-forming organs,Blood & haematologic agents,predefined_dictionary
deferasirox,B,Blood and blood-forming organs,Blood & haematologic agents,predefined_dictionary
deferiprone,B,Blood and blood-forming organs,Blood & haematologic agents,predefined_dictionary
Defibrotide,B,Blood and blood-forming organs,,individual_llm_classification
Dextran,B,Blood and blood-forming organs,,individual_llm_classification
Dextran 70,B,Blood and blood-forming organs,,individual_llm_classification
Dextrose,B,Blood and blood-forming organs,,individual_llm_classification
Dipyridamole,B,Blood and blood-forming organs,,individual_llm_classification
Drotrecogin Alfa,B,Blood and blood-forming organs,,individual_llm_classification
Edoxaban,B,Blood and blood-forming organs,,individual_llm_classification
eltrombopag,B,Blood and blood-forming organs,Blood & haematologic agents,predefined_dictionary
Emicizumab,B,Blood and blood-forming organs,,individual_llm_classification
enoxaparin,B,Blood and blood-forming organs,Blood & haematologic agents,predefined_dictionary
epoetin,B,Blood and blood-forming organs,Blood & haematologic agents,predefined_dictionary
Epoprostenol,B,Blood and blood-forming organs,,individual_llm_classification
Eptacog Beta,B,Blood and blood-forming organs,,individual_llm_classification
erythropoietin,B,Blood and blood-forming organs,Blood & haematologic agents,predefined_dictionary
Etamsylate,B,Blood and blood-forming organs,,individual_llm_classification
Ethamsylate,B,Blood and blood-forming organs,,individual_llm_classification
factor viii,B,Blood and blood-forming organs,Blood & haematologic agents,predefined_dictionary
Factor XIII,B,Blood and blood-forming organs,,individual_llm_classification
Feracrylum,B,Blood and blood-forming organs,,individual_llm_classification
Ferric Pyrophosphate,B,Blood and blood-forming organs,,individual_llm_classification
Ferric Sulfate,B,Blood and blood-forming organs,,individual_llm_classification
ferrous,B,Blood and blood-forming organs,Blood & haematologic agents,predefined_dictionary
Fibrin Sealant,B,Blood and blood-forming organs,,individual_llm_classification
Fibrinogen Concentrate,B,Blood and blood-forming organs,,individual_llm_classification
filgrastim,B,Blood and blood-forming organs,Blood & haematologic agents,predefined_dictionary
folic acid,B,Blood and blood-forming organs,Blood & haematologic agents,predefined_dictionary
Gelatin,B,Blood and blood-forming organs,,individual_llm_classification
Gelatin (Colloid Plasma Expander),B,Blood and blood-forming organs,,individual_llm_classification
heparin,B,Blood and blood-forming organs,Blood & haematologic agents,predefined_dictionary
Histidine-Tryptophan-Ketoglutarate (HTK) Solution,B,Blood and blood-forming organs,,individual_llm_classification
Histidine-Tryptophan-Ketoglutarate Solution,B,Blood and blood-forming organs,,individual_llm_classification
Hydroxyethyl Starch,B,Blood and blood-forming organs,,individual_llm_classification
Hypertonic Saline,B,Blood and blood-forming organs,,individual_llm_classification
Iloprost,B,Blood and blood-forming organs,,individual_llm_classification
Intravenous Lipid Emulsion,B,Blood and blood-forming organs,,individual_llm_classification
iron,B,Blood and blood-forming organs,Blood & haematologic agents,predefined_dictionary
Lipid Emulsion,B,Blood and blood-forming organs,,individual_llm_classification
Mannitol,B,Blood and blood-forming organs,,individual_llm_classification
MCT/LCT Lipid Emulsion,B,Blood and blood-forming organs,,individual_llm_classification
Meglumine Sodium Succinate (Reamberin),B,Blood and blood-forming organs,,individual_llm_classification
Methylcobalamin,B,Blood and blood-forming organs,,individual_llm_classification
Niprisan,B,Blood and blood-forming organs,,individual_llm_classification
Olive Oil-Based Lipid Emulsion,B,Blood and blood-forming organs,,individual_llm_classification
pegfilgrastim,B,Blood and blood-forming organs,Blood & haematologic agents,predefined_dictionary
plasminogen,B,Blood and blood-forming organs,Blood & haematologic agents,predefined_dictionary
prasugrel,B,Blood and blood-forming organs,Blood & haematologic agents,predefined_dictionary
Recombinant Factor VIIa,B,Blood and blood-forming organs,,individual_llm_classification
Reviparin Sodium,B,Blood and blood-forming organs,,individual_llm_classification
rivaroxaban,B,Blood and blood-forming organs,Blood & haematologic agents,predefined_dictionary
romiplostim,B,Blood and blood-forming organs,Blood & haematologic agents,predefined_dictionary
sargramostim,B,Blood and blood-forming organs,Blood & haematologic agents,predefined_dictionary
Sodium Bicarbonate,B,Blood and blood-forming organs,,individual_llm_classification
Sodium Chloride,B,Blood and blood-forming organs,,individual_llm_classification
Sodium Citrate,B,Blood and blood-forming organs,,individual_llm_classification
Sodium Feredetate (EDTA-Na-Fe),B,Blood and blood-forming organs,,individual_llm_classification
Sodium Lactate,B,Blood and blood-forming organs,,individual_llm_classification
Soybean Oil-Based Lipid Emulsion,B,Blood and blood-forming organs,,individual_llm_classification
Stannsoporfin,B,Blood and blood-forming organs,,individual_llm_classification
Stannsoporfin (Sn-mesoporphyrin),B,Blood and blood-forming organs,,individual_llm_classification
Succinylated Gelatin,B,Blood and blood-forming organs,,individual_llm_classification
Ticagrelor,B,Blood and blood-forming organs,,individual_llm_classification
tranexamic acid,B,Blood and blood-forming organs,Blood & haematologic agents,predefined_dictionary
Treprostinil,B,Blood and blood-forming organs,,individual_llm_classification
Turoctocog Alfa,B,Blood and blood-forming organs,,individual_llm_classification
Urokinase,B,Blood and blood-forming organs,,individual_llm_classification
vitamin k,B,Blood and blood-forming organs,Blood & haematologic agents,predefined_dictionary
Warfarin,B,Blood and blood-forming organs,,individual_llm_classification
ACE Inhibitor,C,Cardiovascular system,,individual_llm_classification
ACE Inhibitor (unspecified),C,Cardiovascular system,,individual_llm_classification
acetazolamide,C,Cardiovascular system,Cardiovascular agents,predefined_dictionary
Adenosine,C,Cardiovascular system,,individual_llm_classification
Aescin (Sodium Aescinate),C,Cardiovascular system,,individual_llm_classification
Aliskiren,C,Cardiovascular system,,individual_llm_classification
Alprostadil,C,Cardiovascular system,,individual_llm_classification
ambrisentan,C,Cardiovascular system,Cardiovascular agents,predefined_dictionary
Amiloride,C,Cardiovascular system,,individual_llm_classification
Aminaphtone,C,Cardiovascular system,,individual_llm_classification
amiodarone,C,Cardiovascular system,Cardiovascular agents,predefined_dictionary
amlodipine,C,Cardiovascular system,Cardiovascular agents,predefined_dictionary
Amrinone,C,Cardiovascular system,,individual_llm_classification
Angiotensin II Receptor Antagonist (unspecified),C,Cardiovascular system,,individual_llm_classification
Angiotensin Receptor Blocker (unspecified),C,Cardiovascular system,,individual_llm_classification
atenolol,C,Cardiovascular system,Cardiovascular agents,predefined_dictionary
Bendazol (Dibazol),C,Cardiovascular system,,individual_llm_classification
Bisoprolol,C,Cardiovascular system,,individual_llm_classification
bosentan,C,Cardiovascular system,Cardiovascular agents,predefined_dictionary
Breviscapine (Scutellarin),C,Cardiovascular system,,individual_llm_classification
bumetanide,C,Cardiovascular system,Cardiovascular agents,predefined_dictionary
Candesartan,C,Cardiovascular system,,individual_llm_classification
captopril,C,Cardiovascular system,Cardiovascular agents,predefined_dictionary
carvedilol,C,Cardiovascular system,Cardiovascular agents,predefined_dictionary
chlorothiazide,C,Cardiovascular system,Cardiovascular agents,predefined_dictionary
Chlorthalidone,C,Cardiovascular system,,individual_llm_classification
Cholestyramine,C,Cardiovascular system,,individual_llm_classification
Cilazapril,C,Cardiovascular system,,individual_llm_classification
Clofibrate,C,Cardiovascular system,,individual_llm_classification
Colesevelam,C,Cardiovascular system,,individual_llm_classification
Colestipol,C,Cardiovascular system,,individual_llm_classification
digoxin,C,Cardiovascular system,Cardiovascular agents,predefined_dictionary
diltiazem,C,Cardiovascular system,Cardiovascular agents,predefined_dictionary
Diuretic,C,Cardiovascular system,,individual_llm_classification
Diuretic (unspecified),C,Cardiovascular system,,individual_llm_classification
Diuretics,C,Cardiovascular system,,individual_llm_classification
dobutamine,C,Cardiovascular system,Cardiovascular agents,predefined_dictionary
dopamine,C,Cardiovascular system,Cardiovascular agents,predefined_dictionary
Dopexamine,C,Cardiovascular system,,individual_llm_classification
doxazosin,C,Cardiovascular system,Cardiovascular agents,predefined_dictionary
enalapril,C,Cardiovascular system,Cardiovascular agents,predefined_dictionary
Enoximone,C,Cardiovascular system,,individual_llm_classification
ephedrine,C,Cardiovascular system,Cardiovascular agents,predefined_dictionary
Epinephrine,C,Cardiovascular system,,individual_llm_classification
eplerenone,C,Cardiovascular system,Cardiovascular agents,predefined_dictionary
esmolol,C,Cardiovascular system,Cardiovascular agents,predefined_dictionary
Ethacrynic Acid,C,Cardiovascular system,,individual_llm_classification
Evinacumab,C,Cardiovascular system,,individual_llm_classification
Ezetimibe,C,Cardiovascular system,,individual_llm_classification
Felodipine,C,Cardiovascular system,,individual_llm_classification
Fenofibrate,C,Cardiovascular system,,individual_llm_classification
Fenoldopam,C,Cardiovascular system,,individual_llm_classification
Fosinopril,C,Cardiovascular system,,individual_llm_classification
furosemide,C,Cardiovascular system,Cardiovascular agents,predefined_dictionary
Gemfibrozil,C,Cardiovascular system,,individual_llm_classification
Glyceryl Trinitrate,C,Cardiovascular system,,individual_llm_classification
hydrochlorothiazide,C,Cardiovascular system,Cardiovascular agents,predefined_dictionary
Irbesartan,C,Cardiovascular system,,individual_llm_classification
Ivabradine,C,Cardiovascular system,,individual_llm_classification
Labetalol,C,Cardiovascular system,,individual_llm_classification
Lercanidipine,C,Cardiovascular system,,individual_llm_classification
levosimendan,C,Cardiovascular system,Cardiovascular agents,predefined_dictionary
Lisinopril,C,Cardiovascular system,,individual_llm_classification
Loop Diuretic (unspecified),C,Cardiovascular system,,individual_llm_classification
Losartan,C,Cardiovascular system,,individual_llm_classification
Mecamylamine,C,Cardiovascular system,,individual_llm_classification
Methoxamine,C,Cardiovascular system,,individual_llm_classification
Metolazone,C,Cardiovascular system,,individual_llm_classification
metoprolol,C,Cardiovascular system,Cardiovascular agents,predefined_dictionary
midodrine,C,Cardiovascular system,Cardiovascular agents,predefined_dictionary
milrinone,C,Cardiovascular system,Cardiovascular agents,predefined_dictionary
Minoxidil,C,Cardiovascular system,,individual_llm_classification
Mucopolysaccharide Polysulfate,C,Cardiovascular system,,individual_llm_classification
Nadolol,C,Cardiovascular system,,individual_llm_classification
Nesiritide,C,Cardiovascular system,,individual_llm_classification
nicardipine,C,Cardiovascular system,Cardiovascular agents,predefined_dictionary
Nifedipine,C,Cardiovascular system,,individual_llm_classification
Nimodipine,C,Cardiovascular system,,individual_llm_classification
nitroglycerin,C,Cardiovascular system,Cardiovascular agents,predefined_dictionary
nitroprusside,C,Cardiovascular system,Cardiovascular agents,predefined_dictionary
Norepinephrine,C,Cardiovascular system,,individual_llm_classification
Olmesartan,C,Cardiovascular system,,individual_llm_classification
Papaverine,C,Cardiovascular system,,individual_llm_classification
Pentoxifylline,C,Cardiovascular system,,individual_llm_classification
perindopril,C,Cardiovascular system,Cardiovascular agents,predefined_dictionary
Phenoxybenzamine,C,Cardiovascular system,,individual_llm_classification
phenylephrine,C,Cardiovascular system,Cardiovascular agents,predefined_dictionary
Pindolol,C,Cardiovascular system,,individual_llm_classification
Piperazine Ferulate,C,Cardiovascular system,,individual_llm_classification
Policosanol,C,Cardiovascular system,,individual_llm_classification
pravastatin,C,Cardiovascular system,Cardiovascular agents,predefined_dictionary
Prazosin,C,Cardiovascular system,,individual_llm_classification
propranolol,C,Cardiovascular system,Cardiovascular agents,predefined_dictionary
Quinapril,C,Cardiovascular system,,individual_llm_classification
ramipril,C,Cardiovascular system,Cardiovascular agents,predefined_dictionary
Reserpine,C,Cardiovascular system,,individual_llm_classification
Sacubitril,C,Cardiovascular system,,individual_llm_classification
sildenafil,C,Cardiovascular system,Cardiovascular agents,predefined_dictionary
spironolactone,C,Cardiovascular system,Cardiovascular agents,predefined_dictionary
statin,C,Cardiovascular system,Cardiovascular agents,predefined_dictionary
tadalafil,C,Cardiovascular system,Cardiovascular agents,predefined_dictionary
Telmisartan,C,Cardiovascular system,,individual_llm_classification
timolol,C,Cardiovascular system,Cardiovascular agents,predefined_dictionary
Tolazoline,C,Cardiovascular system,,individual_llm_classification
Tolvaptan,C,Cardiovascular system,,individual_llm_classification
Udenafil,C,Cardiovascular system,,individual_llm_classification
valsartan,C,Cardiovascular system,Cardiovascular agents,predefined_dictionary
vasopressin,C,Cardiovascular system,Cardiovascular agents,predefined_dictionary
Verapamil,C,Cardiovascular system,,individual_llm_classification
Zaprinast,C,Cardiovascular system,,individual_llm_classification
"1,2-Octanediol",D,Dermatologicals,,individual_llm_classification
Abrocitinib,D,Dermatologicals,,individual_llm_classification
Adapalene,D,Dermatologicals,,individual_llm_classification
Alclometasone,D,Dermatologicals,,individual_llm_classification
Allantoin,D,Dermatologicals,,individual_llm_classification
Benzoyl Peroxide,D,Dermatologicals,,individual_llm_classification
Berdazimer,D,Dermatologicals,,individual_llm_classification
Bovine Collagen,D,Dermatologicals,,individual_llm_classification
calcineurin,D,Dermatologicals,Topical dermatological agents,predefined_dictionary
Calcipotriol,D,Dermatologicals,,individual_llm_classification
cantharidin,D,Dermatologicals,Topical dermatological agents,predefined_dictionary
Cetrimide,D,Dermatologicals,,individual_llm_classification
chlorhexidine,D,Dermatologicals,Antiseptics & disinfectants,predefined_dictionary
Ciclopirox,D,Dermatologicals,,individual_llm_classification
Clobetasol Propionate,D,Dermatologicals,,individual_llm_classification
Clobetasone,D,Dermatologicals,,individual_llm_classification
Clobetasone Butyrate,D,Dermatologicals,,individual_llm_classification
Clotrimazole,D,Dermatologicals,,individual_llm_classification
crisaborole,D,Dermatologicals,Topical dermatological agents,predefined_dictionary
delgocitinib,D,Dermatologicals,Topical dermatological agents,predefined_dictionary
Desonide,D,Dermatologicals,,individual_llm_classification
Dexpanthenol,D,Dermatologicals,,individual_llm_classification
Difamilast,D,Dermatologicals,,individual_llm_classification
Ectoine,D,Dermatologicals,,individual_llm_classification
emollient,D,Dermatologicals,Topical dermatological agents,predefined_dictionary
Eosin,D,Dermatologicals,,individual_llm_classification
Epidermal Growth Factor (EGF),D,Dermatologicals,,individual_llm_classification
Ethanol (topical antiseptic),D,Dermatologicals,,individual_llm_classification
Fluocinolone Acetonide,D,Dermatologicals,,individual_llm_classification
Furfuryl Palmitate,D,Dermatologicals,,individual_llm_classification
Glutaraldehyde,D,Dermatologicals,,individual_llm_classification
Glycolic Acid,D,Dermatologicals,,individual_llm_classification
Henna (Lawsonia inermis),D,Dermatologicals,,individual_llm_classification
Hypochlorous Acid,D,Dermatologicals,,individual_llm_classification
Imiquimod,D,Dermatologicals,,individual_llm_classification
Iodoform,D,Dermatologicals,,individual_llm_classification
Isopropyl Alcohol,D,Dermatologicals,,individual_llm_classification
Isotretinoin,D,Dermatologicals,,individual_llm_classification
Lactic Acid,D,Dermatologicals,,individual_llm_classification
Lebrikizumab,D,Dermatologicals,,individual_llm_classification
Licochalcone A,D,Dermatologicals,,individual_llm_classification
Miconazole,D,Dermatologicals,,individual_llm_classification
Oleogel-S10 (Betulin),D,Dermatologicals,,individual_llm_classification
Phenol,D,Dermatologicals,,individual_llm_classification
pimecrolimus,D,Dermatologicals,Topical dermatological agents,predefined_dictionary
Potassium hydroxide,D,Dermatologicals,,individual_llm_classification
Povidone,D,Dermatologicals,,individual_llm_classification
povidone-iodine,D,Dermatologicals,Antiseptics & disinfectants,predefined_dictionary
Retapamulin,D,Dermatologicals,,individual_llm_classification
Ritlecitinib,D,Dermatologicals,,individual_llm_classification
Salicylic Acid,D,Dermatologicals,,individual_llm_classification
Selenium Sulfide,D,Dermatologicals,,individual_llm_classification
Silver,D,Dermatologicals,,individual_llm_classification
silver nitrate,D,Dermatologicals,Antiseptics & disinfectants,predefined_dictionary
silver sulfadiazine,D,Dermatologicals,Antiseptics & disinfectants,predefined_dictionary
sodium hypochlorite,D,Dermatologicals,Antiseptics & disinfectants,predefined_dictionary
Sulfonated Shale Oil,D,Dermatologicals,,individual_llm_classification
Sunflower Oleodistillate,D,Dermatologicals,,individual_llm_classification
Superoxide Dismutase,D,Dermatologicals,,individual_llm_classification
Superoxide Dismutase (rhSOD),D,Dermatologicals,,individual_llm_classification
Symphytum (Comfrey) Extract,D,Dermatologicals,,individual_llm_classification
Terpinen-4-ol,D,Dermatologicals,,individual_llm_classification
Thymol,D,Dermatologicals,,individual_llm_classification
topical steroid,D,Dermatologicals,Topical dermatological agents,predefined_dictionary
Tralokinumab,D,Dermatologicals,,individual_llm_classification
Tretinoin,D,Dermatologicals,,individual_llm_classification
Triclosan,D,Dermatologicals,,individual_llm_classification
Triple Dye,D,Dermatologicals,,individual_llm_classification
Tris-EDTA,D,Dermatologicals,,individual_llm_classification
Urea,D,Dermatologicals,,individual_llm_classification
Androgen (unspecified),G,Genitourinary system and sex hormones,,individual_llm_classification
Bethanechol,G,Genitourinary system and sex hormones,,individual_llm_classification
Bromocriptine,G,Genitourinary system and sex hormones,,individual_llm_classification
Carbetocin,G,Genitourinary system and sex hormones,,individual_llm_classification
Chorionic Gonadotropin,G,Genitourinary system and sex hormones,,individual_llm_classification
"Combined Oral Contraceptive (Estrogen-Progestin, unspecified)",G,Genitourinary system and sex hormones,,individual_llm_classification
Combined Oral Contraceptive (unspecified estrogen/progestin),G,Genitourinary system and sex hormones,,individual_llm_classification
Conjugated Estrogens,G,Genitourinary system and sex hormones,,individual_llm_classification
Cyproterone Acetate,G,Genitourinary system and sex hormones,,individual_llm_classification
Danazol,G,Genitourinary system and sex hormones,,individual_llm_classification
Desogestrel,G,Genitourinary system and sex hormones,,individual_llm_classification
DHEA,G,Genitourinary system and sex hormones,,individual_llm_classification
Drospirenone,G,Genitourinary system and sex hormones,,individual_llm_classification
Estrogen,G,Genitourinary system and sex hormones,,individual_llm_classification
Etonogestrel,G,Genitourinary system and sex hormones,,individual_llm_classification
Fesoterodine,G,Genitourinary system and sex hormones,,individual_llm_classification
Finasteride,G,Genitourinary system and sex hormones,,individual_llm_classification
Follicle-Stimulating Hormone,G,Genitourinary system and sex hormones,,individual_llm_classification
Human Chorionic Gonadotropin,G,Genitourinary system and sex hormones,,individual_llm_classification
Human Chorionic Gonadotropin (hCG),G,Genitourinary system and sex hormones,,individual_llm_classification
Isoflavones,G,Genitourinary system and sex hormones,,individual_llm_classification
Levonorgestrel,G,Genitourinary system and sex hormones,,individual_llm_classification
Megestrol Acetate,G,Genitourinary system and sex hormones,,individual_llm_classification
Mirabegron,G,Genitourinary system and sex hormones,,individual_llm_classification
Norethisterone Enanthate,G,Genitourinary system and sex hormones,,individual_llm_classification
Norgestimate,G,Genitourinary system and sex hormones,,individual_llm_classification
Oral Contraceptive (unspecified),G,Genitourinary system and sex hormones,,individual_llm_classification
Oxybutynin,G,Genitourinary system and sex hormones,,individual_llm_classification
Potassium Citrate,G,Genitourinary system and sex hormones,,individual_llm_classification
Promestriene,G,Genitourinary system and sex hormones,,individual_llm_classification
Propiverine,G,Genitourinary system and sex hormones,,individual_llm_classification
Ritodrine,G,Genitourinary system and sex hormones,,individual_llm_classification
Silodosin,G,Genitourinary system and sex hormones,,individual_llm_classification
Solifenacin,G,Genitourinary system and sex hormones,,individual_llm_classification
Tamsulosin,G,Genitourinary system and sex hormones,,individual_llm_classification
Terodiline,G,Genitourinary system and sex hormones,,individual_llm_classification
Tolterodine,G,Genitourinary system and sex hormones,,individual_llm_classification
Trospium,G,Genitourinary system and sex hormones,,individual_llm_classification
anastrozole,H,"Systemic hormonal preparations, excluding sex hormones and insulins","Endocrine, growth & metabolic agents",predefined_dictionary
betamethasone,H,"Systemic hormonal preparations, excluding sex hormones and insulins",Systemic corticosteroids,predefined_dictionary
calcitriol,H,"Systemic hormonal preparations, excluding sex hormones and insulins","Endocrine, growth & metabolic agents",predefined_dictionary
carnitine,H,"Systemic hormonal preparations, excluding sex hormones and insulins","Endocrine, growth & metabolic agents",predefined_dictionary
cholecalciferol,H,"Systemic hormonal preparations, excluding sex hormones and insulins","Endocrine, growth & metabolic agents",predefined_dictionary
Cinacalcet,H,"Systemic hormonal preparations, excluding sex hormones and insulins",,individual_llm_classification
Corticorelin (CRH),H,"Systemic hormonal preparations, excluding sex hormones and insulins",,individual_llm_classification
corticosteroid,H,"Systemic hormonal preparations, excluding sex hormones and insulins",Systemic corticosteroids,predefined_dictionary
corticosteroids,H,"Systemic hormonal preparations, excluding sex hormones and insulins",Systemic corticosteroids,predefined_dictionary
corticotropin,H,"Systemic hormonal preparations, excluding sex hormones and insulins","Endocrine, growth & metabolic agents",predefined_dictionary
Cortisone,H,"Systemic hormonal preparations, excluding sex hormones and insulins",,individual_llm_classification
Cosyntropin,H,"Systemic hormonal preparations, excluding sex hormones and insulins",,individual_llm_classification
DA-3002 (investigational agent),H,"Systemic hormonal preparations, excluding sex hormones and insulins",,individual_llm_classification
Dasiglucagon,H,"Systemic hormonal preparations, excluding sex hormones and insulins",,individual_llm_classification
deflazacort,H,"Systemic hormonal preparations, excluding sex hormones and insulins",Systemic corticosteroids,predefined_dictionary
deslorelin,H,"Systemic hormonal preparations, excluding sex hormones and insulins","Endocrine, growth & metabolic agents",predefined_dictionary
desmopressin,H,"Systemic hormonal preparations, excluding sex hormones and insulins","Endocrine, growth & metabolic agents",predefined_dictionary
dexamethasone,H,"Systemic hormonal preparations, excluding sex hormones and insulins",Systemic corticosteroids,predefined_dictionary
Diazoxide,H,"Systemic hormonal preparations, excluding sex hormones and insulins",,individual_llm_classification
estradiol,H,"Systemic hormonal preparations, excluding sex hormones and insulins","Endocrine, growth & metabolic agents",predefined_dictionary
ethinyl estradiol,H,"Systemic hormonal preparations, excluding sex hormones and insulins","Endocrine, growth & metabolic agents",predefined_dictionary
ethinylestradiol,H,"Systemic hormonal preparations, excluding sex hormones and insulins","Endocrine, growth & metabolic agents",predefined_dictionary
FIC-383,H,"Systemic hormonal preparations, excluding sex hormones and insulins",,individual_llm_classification
fludrocortisone,H,"Systemic hormonal preparations, excluding sex hormones and insulins",Systemic corticosteroids,predefined_dictionary
flutamide,H,"Systemic hormonal preparations, excluding sex hormones and insulins","Endocrine, growth & metabolic agents",predefined_dictionary
Glucagon,H,"Systemic hormonal preparations, excluding sex hormones and insulins",,individual_llm_classification
Glucocorticoid,H,"Systemic hormonal preparations, excluding sex hormones and insulins",,individual_llm_classification
Glucocorticoid (unspecified),H,"Systemic hormonal preparations, excluding sex hormones and insulins",,individual_llm_classification
gonadorelin,H,"Systemic hormonal preparations, excluding sex hormones and insulins","Endocrine, growth & metabolic agents",predefined_dictionary
growth hormone,H,"Systemic hormonal preparations, excluding sex hormones and insulins","Endocrine, growth & metabolic agents",predefined_dictionary
hydrocortisone,H,"Systemic hormonal preparations, excluding sex hormones and insulins",Systemic corticosteroids,predefined_dictionary
Ibutamoren,H,"Systemic hormonal preparations, excluding sex hormones and insulins",,individual_llm_classification
idebenone,H,"Systemic hormonal preparations, excluding sex hormones and insulins","Endocrine, growth & metabolic agents",predefined_dictionary
insulin,H,"Systemic hormonal preparations, excluding sex hormones and insulins","Endocrine, growth & metabolic agents",predefined_dictionary
Iodized Oil,H,"Systemic hormonal preparations, excluding sex hormones and insulins",,individual_llm_classification
letrozole,H,"Systemic hormonal preparations, excluding sex hormones and insulins","Endocrine, growth & metabolic agents",predefined_dictionary
leuprolide,H,"Systemic hormonal preparations, excluding sex hormones and insulins","Endocrine, growth & metabolic agents",predefined_dictionary
levothyroxine,H,"Systemic hormonal preparations, excluding sex hormones and insulins","Endocrine, growth & metabolic agents",predefined_dictionary
liothyronine,H,"Systemic hormonal preparations, excluding sex hormones and insulins","Endocrine, growth & metabolic agents",predefined_dictionary
LUM-201 (Ibutamoren),H,"Systemic hormonal preparations, excluding sex hormones and insulins",,individual_llm_classification
mecasermin,H,"Systemic hormonal preparations, excluding sex hormones and insulins","Endocrine, growth & metabolic agents",predefined_dictionary
medroxyprogesterone,H,"Systemic hormonal preparations, excluding sex hormones and insulins","Endocrine, growth & metabolic agents",predefined_dictionary
Methimazole,H,"Systemic hormonal preparations, excluding sex hormones and insulins",,individual_llm_classification
methylprednisolone,H,"Systemic hormonal preparations, excluding sex hormones and insulins",Systemic corticosteroids,predefined_dictionary
Octreotide,H,"Systemic hormonal preparations, excluding sex hormones and insulins",,individual_llm_classification
orlistat,H,"Systemic hormonal preparations, excluding sex hormones and insulins","Endocrine, growth & metabolic agents",predefined_dictionary
Ornipressin,H,"Systemic hormonal preparations, excluding sex hormones and insulins",,individual_llm_classification
oxandrolone,H,"Systemic hormonal preparations, excluding sex hormones and insulins","Endocrine, growth & metabolic agents",predefined_dictionary
oxytocin,H,"Systemic hormonal preparations, excluding sex hormones and insulins","Endocrine, growth & metabolic agents",predefined_dictionary
Potassium Iodide,H,"Systemic hormonal preparations, excluding sex hormones and insulins",,individual_llm_classification
Pralmorelin (GHRP-2),H,"Systemic hormonal preparations, excluding sex hormones and insulins",,individual_llm_classification
pramlintide,H,"Systemic hormonal preparations, excluding sex hormones and insulins","Endocrine, growth & metabolic agents",predefined_dictionary
prednisolone,H,"Systemic hormonal preparations, excluding sex hormones and insulins",Systemic corticosteroids,predefined_dictionary
prednisone,H,"Systemic hormonal preparations, excluding sex hormones and insulins",Systemic corticosteroids,predefined_dictionary
Pregnenolone,H,"Systemic hormonal preparations, excluding sex hormones and insulins",,individual_llm_classification
progesterone,H,"Systemic hormonal preparations, excluding sex hormones and insulins","Endocrine, growth & metabolic agents",predefined_dictionary
Protirelin,H,"Systemic hormonal preparations, excluding sex hormones and insulins",,individual_llm_classification
rhIGFBP-3,H,"Systemic hormonal preparations, excluding sex hormones and insulins",,individual_llm_classification
sapropterin,H,"Systemic hormonal preparations, excluding sex hormones and insulins","Endocrine, growth & metabolic agents",predefined_dictionary
Sermorelin,H,"Systemic hormonal preparations, excluding sex hormones and insulins",,individual_llm_classification
Sermorelin (GHRH 1-29),H,"Systemic hormonal preparations, excluding sex hormones and insulins",,individual_llm_classification
Sermorelin (GHRH),H,"Systemic hormonal preparations, excluding sex hormones and insulins",,individual_llm_classification
sibutramine,H,"Systemic hormonal preparations, excluding sex hormones and insulins","Endocrine, growth & metabolic agents",predefined_dictionary
somapacitan,H,"Systemic hormonal preparations, excluding sex hormones and insulins","Endocrine, growth & metabolic agents",predefined_dictionary
Somatorelin,H,"Systemic hormonal preparations, excluding sex hormones and insulins",,individual_llm_classification
Somatrem,H,"Systemic hormonal preparations, excluding sex hormones and insulins",,individual_llm_classification
somatrogon,H,"Systemic hormonal preparations, excluding sex hormones and insulins","Endocrine, growth & metabolic agents",predefined_dictionary
somatropin,H,"Systemic hormonal preparations, excluding sex hormones and insulins","Endocrine, growth & metabolic agents",predefined_dictionary
Somavaratan,H,"Systemic hormonal preparations, excluding sex hormones and insulins",,individual_llm_classification
Teriparatide,H,"Systemic hormonal preparations, excluding sex hormones and insulins",,individual_llm_classification
Terlipressin,H,"Systemic hormonal preparations, excluding sex hormones and insulins",,individual_llm_classification
testolactone,H,"Systemic hormonal preparations, excluding sex hormones and insulins","Endocrine, growth & metabolic agents",predefined_dictionary
testosterone,H,"Systemic hormonal preparations, excluding sex hormones and insulins","Endocrine, growth & metabolic agents",predefined_dictionary
tetracosactide,H,"Systemic hormonal preparations, excluding sex hormones and insulins","Endocrine, growth & metabolic agents",predefined_dictionary
Thionamide,H,"Systemic hormonal preparations, excluding sex hormones and insulins",,individual_llm_classification
Thionamide (unspecified antithyroid drug),H,"Systemic hormonal preparations, excluding sex hormones and insulins",,individual_llm_classification
Thyroid Extract (Desiccated Thyroid),H,"Systemic hormonal preparations, excluding sex hormones and insulins",,individual_llm_classification
triamcinolone,H,"Systemic hormonal preparations, excluding sex hormones and insulins",Systemic corticosteroids,predefined_dictionary
triptorelin,H,"Systemic hormonal preparations, excluding sex hormones and insulins","Endocrine, growth & metabolic agents",predefined_dictionary
Vamorolone,H,"Systemic hormonal preparations, excluding sex hormones and insulins",,individual_llm_classification
vosoritide,H,"Systemic hormonal preparations, excluding sex hormones and insulins","Endocrine, growth & metabolic agents",predefined_dictionary
abacavir,J,Antiinfectives for systemic use,Antivirals: antiretrovirals,predefined_dictionary
aciclovir,J,Antiinfectives for systemic use,Antivirals: non-HIV,predefined_dictionary
acyclovir,J,Antiinfectives for systemic use,Antivirals: non-HIV,predefined_dictionary
Adefovir,J,Antiinfectives for systemic use,,individual_llm_classification
ALX-0171,J,Antiinfectives for systemic use,,individual_llm_classification
Amantadine,J,Antiinfectives for systemic use,,individual_llm_classification
Amdinocillin,J,Antiinfectives for systemic use,,individual_llm_classification
amikacin,J,Antiinfectives for systemic use,Antibacterials,predefined_dictionary
Aminosalicylic Acid,J,Antiinfectives for systemic use,,individual_llm_classification
amoxicillin,J,Antiinfectives for systemic use,Antibacterials,predefined_dictionary
amphotericin,J,Antiinfectives for systemic use,Antifungals,predefined_dictionary
ampicillin,J,Antiinfectives for systemic use,Antibacterials,predefined_dictionary
antibiotic,J,Antiinfectives for systemic use,Antibacterials,predefined_dictionary
antiretroviral,J,Antiinfectives for systemic use,Antivirals: antiretrovirals,predefined_dictionary
Atazanavir,J,Antiinfectives for systemic use,,individual_llm_classification
Avibactam,J,Antiinfectives for systemic use,,individual_llm_classification
azithromycin,J,Antiinfectives for systemic use,Antibacterials,predefined_dictionary
Azlocillin,J,Antiinfectives for systemic use,,individual_llm_classification
aztreonam,J,Antiinfectives for systemic use,Antibacterials,predefined_dictionary
bacitracin,J,Antiinfectives for systemic use,Antibacterials,predefined_dictionary
Baloxavir Marboxil,J,Antiinfectives for systemic use,,individual_llm_classification
BCG,J,Antiinfectives for systemic use,,individual_llm_classification
BCG (Bacillus Calmette-Guérin),J,Antiinfectives for systemic use,,individual_llm_classification
Brodimoprim,J,Antiinfectives for systemic use,,individual_llm_classification
Carbenicillin,J,Antiinfectives for systemic use,,individual_llm_classification
caspofungin,J,Antiinfectives for systemic use,Antifungals,predefined_dictionary
cefaclor,J,Antiinfectives for systemic use,Antibacterials,predefined_dictionary
cefadroxil,J,Antiinfectives for systemic use,Antibacterials,predefined_dictionary
cefalexin,J,Antiinfectives for systemic use,Antibacterials,predefined_dictionary
Cefamandole,J,Antiinfectives for systemic use,,individual_llm_classification
Cefatrizine,J,Antiinfectives for systemic use,,individual_llm_classification
Cefazolin,J,Antiinfectives for systemic use,,individual_llm_classification
Cefcapene Pivoxil,J,Antiinfectives for systemic use,,individual_llm_classification
cefdinir,J,Antiinfectives for systemic use,Antibacterials,predefined_dictionary
Cefditoren,J,Antiinfectives for systemic use,,individual_llm_classification
cefepime,J,Antiinfectives for systemic use,Antibacterials,predefined_dictionary
cefetamet,J,Antiinfectives for systemic use,Antibacterials,predefined_dictionary
cefixime,J,Antiinfectives for systemic use,Antibacterials,predefined_dictionary
Cefoperazone,J,Antiinfectives for systemic use,,individual_llm_classification
cefotaxime,J,Antiinfectives for systemic use,Antibacterials,predefined_dictionary
Cefoxitin,J,Antiinfectives for systemic use,,individual_llm_classification
Cefozopran,J,Antiinfectives for systemic use,,individual_llm_classification
cefpodoxime,J,Antiinfectives for systemic use,Antibacterials,predefined_dictionary
cefprozil,J,Antiinfectives for systemic use,Antibacterials,predefined_dictionary
ceftaroline,J,Antiinfectives for systemic use,Antibacterials,predefined_dictionary
ceftazidime,J,Antiinfectives for systemic use,Antibacterials,predefined_dictionary
ceftibuten,J,Antiinfectives for systemic use,Antibacterials,predefined_dictionary
Ceftizoxime,J,Antiinfectives for systemic use,,individual_llm_classification
Ceftobiprole,J,Antiinfectives for systemic use,,individual_llm_classification
Ceftolozane,J,Antiinfectives for systemic use,,individual_llm_classification
ceftriaxone,J,Antiinfectives for systemic use,Antibacterials,predefined_dictionary
cefuroxime,J,Antiinfectives for systemic use,Antibacterials,predefined_dictionary
cephalexin,J,Antiinfectives for systemic use,Antibacterials,predefined_dictionary
Cephaloridine,J,Antiinfectives for systemic use,,individual_llm_classification
Cephalosporin (first-generation),J,Antiinfectives for systemic use,,individual_llm_classification
Cephalosporin (unspecified),J,Antiinfectives for systemic use,,individual_llm_classification
Cephalothin,J,Antiinfectives for systemic use,,individual_llm_classification
Cephradine,J,Antiinfectives for systemic use,,individual_llm_classification
chloramphenicol,J,Antiinfectives for systemic use,Antibacterials,predefined_dictionary
ciprofloxacin,J,Antiinfectives for systemic use,Antibacterials,predefined_dictionary
clarithromycin,J,Antiinfectives for systemic use,Antibacterials,predefined_dictionary
clavulanate,J,Antiinfectives for systemic use,Antibacterials,predefined_dictionary
clavulanic acid,J,Antiinfectives for systemic use,Antibacterials,predefined_dictionary
clindamycin,J,Antiinfectives for systemic use,Antibacterials,predefined_dictionary
cloxacillin,J,Antiinfectives for systemic use,Antibacterials,predefined_dictionary
Co-trimoxazole,J,Antiinfectives for systemic use,,individual_llm_classification
Colistimethate Sodium,J,Antiinfectives for systemic use,,individual_llm_classification
Colistin,J,Antiinfectives for systemic use,,individual_llm_classification
Colistin (Colistimethate Sodium),J,Antiinfectives for systemic use,,individual_llm_classification
Cotrimoxazole,J,Antiinfectives for systemic use,,individual_llm_classification
Cyclacillin,J,Antiinfectives for systemic use,,individual_llm_classification
Cycloserine,J,Antiinfectives for systemic use,,individual_llm_classification
D-Cycloserine,J,Antiinfectives for systemic use,,individual_llm_classification
Dalbavancin,J,Antiinfectives for systemic use,,individual_llm_classification
dapsone,J,Antiinfectives for systemic use,Antibacterials,predefined_dictionary
daptomycin,J,Antiinfectives for systemic use,Antibacterials,predefined_dictionary
Darunavir,J,Antiinfectives for systemic use,,individual_llm_classification
didanosine,J,Antiinfectives for systemic use,Antivirals: antiretrovirals,predefined_dictionary
Dolutegravir,J,Antiinfectives for systemic use,,individual_llm_classification
doxycycline,J,Antiinfectives for systemic use,Antibacterials,predefined_dictionary
efavirenz,J,Antiinfectives for systemic use,Antivirals: antiretrovirals,predefined_dictionary
Emtricitabine,J,Antiinfectives for systemic use,,individual_llm_classification
Entecavir,J,Antiinfectives for systemic use,,individual_llm_classification
Ergoferon,J,Antiinfectives for systemic use,,individual_llm_classification
ertapenem,J,Antiinfectives for systemic use,Antibacterials,predefined_dictionary
erythromycin,J,Antiinfectives for systemic use,Antibacterials,predefined_dictionary
Ethambutol,J,Antiinfectives for systemic use,,individual_llm_classification
First-Generation Cephalosporin (unspecified),J,Antiinfectives for systemic use,,individual_llm_classification
flucloxacillin,J,Antiinfectives for systemic use,Antibacterials,predefined_dictionary
fluconazole,J,Antiinfectives for systemic use,Antifungals,predefined_dictionary
Fosfomycin,J,Antiinfectives for systemic use,,individual_llm_classification
fusidic acid,J,Antiinfectives for systemic use,Antibacterials,predefined_dictionary
ganciclovir,J,Antiinfectives for systemic use,Antivirals: non-HIV,predefined_dictionary
Gatifloxacin,J,Antiinfectives for systemic use,,individual_llm_classification
gentamicin,J,Antiinfectives for systemic use,Antibacterials,predefined_dictionary
griseofulvin,J,Antiinfectives for systemic use,Antifungals,predefined_dictionary
Hyperimmune Antischistosome Gamma Globulin,J,Antiinfectives for systemic use,,individual_llm_classification
Imipenem,J,Antiinfectives for systemic use,,individual_llm_classification
Immune Globulin,J,Antiinfectives for systemic use,,individual_llm_classification
Immune Globulin (Gamma Globulin),J,Antiinfectives for systemic use,,individual_llm_classification
Immune Globulin (IVIG),J,Antiinfectives for systemic use,,individual_llm_classification
immunisation,J,Antiinfectives for systemic use,Vaccines/immunologicals,predefined_dictionary
immunization,J,Antiinfectives for systemic use,Vaccines/immunologicals,predefined_dictionary
immunoglobulin,J,Antiinfectives for systemic use,Vaccines/immunologicals,predefined_dictionary
Indinavir,J,Antiinfectives for systemic use,,individual_llm_classification
Inosine Pranobex,J,Antiinfectives for systemic use,,individual_llm_classification
isoniazid,J,Antiinfectives for systemic use,Antibacterials,predefined_dictionary
itraconazole,J,Antiinfectives for systemic use,Antifungals,predefined_dictionary
JNJ-53718678,J,Antiinfectives for systemic use,,individual_llm_classification
Josamycin,J,Antiinfectives for systemic use,,individual_llm_classification
Kanamycin,J,Antiinfectives for systemic use,,individual_llm_classification
ketoconazole,J,Antiinfectives for systemic use,Antifungals,predefined_dictionary
lamivudine,J,Antiinfectives for systemic use,Antivirals: antiretrovirals,predefined_dictionary
laninamivir,J,Antiinfectives for systemic use,Antivirals: non-HIV,predefined_dictionary
Latamoxef,J,Antiinfectives for systemic use,,individual_llm_classification
Ledipasvir,J,Antiinfectives for systemic use,,individual_llm_classification
levofloxacin,J,Antiinfectives for systemic use,Antibacterials,predefined_dictionary
linezolid,J,Antiinfectives for systemic use,Antibacterials,predefined_dictionary
lopinavir,J,Antiinfectives for systemic use,Antivirals: antiretrovirals,predefined_dictionary
loracarbef,J,Antiinfectives for systemic use,Antibacterials,predefined_dictionary
Macrolide (unspecified),J,Antiinfectives for systemic use,,individual_llm_classification
meropenem,J,Antiinfectives for systemic use,Antibacterials,predefined_dictionary
Methicillin,J,Antiinfectives for systemic use,,individual_llm_classification
metronidazole,J,Antiinfectives for systemic use,Antibacterials,predefined_dictionary
Mezlocillin,J,Antiinfectives for systemic use,,individual_llm_classification
Micafungin,J,Antiinfectives for systemic use,,individual_llm_classification
minocycline,J,Antiinfectives for systemic use,Antibacterials,predefined_dictionary
moxalactam,J,Antiinfectives for systemic use,Antibacterials,predefined_dictionary
Moxifloxacin,J,Antiinfectives for systemic use,,individual_llm_classification
mupirocin,J,Antiinfectives for systemic use,Antibacterials,predefined_dictionary
Nalidixic Acid,J,Antiinfectives for systemic use,,individual_llm_classification
Nebacumab,J,Antiinfectives for systemic use,,individual_llm_classification
Nelfinavir,J,Antiinfectives for systemic use,,individual_llm_classification
neomycin,J,Antiinfectives for systemic use,Antibacterials,predefined_dictionary
Netilmicin,J,Antiinfectives for systemic use,,individual_llm_classification
nevirapine,J,Antiinfectives for systemic use,Antivirals: antiretrovirals,predefined_dictionary
Nifuratel,J,Antiinfectives for systemic use,,individual_llm_classification
nitrofurantoin,J,Antiinfectives for systemic use,Antibacterials,predefined_dictionary
Norfloxacin,J,Antiinfectives for systemic use,,individual_llm_classification
nystatin,J,Antiinfectives for systemic use,Antifungals,predefined_dictionary
ofloxacin,J,Antiinfectives for systemic use,Antibacterials,predefined_dictionary
oseltamivir,J,Antiinfectives for systemic use,Antivirals: non-HIV,predefined_dictionary
Oxacillin,J,Antiinfectives for systemic use,,individual_llm_classification
oxytetracycline,J,Antiinfectives for systemic use,Antibacterials,predefined_dictionary
Pagibaximab,J,Antiinfectives for systemic use,,individual_llm_classification
penicillin,J,Antiinfectives for systemic use,Antibacterials,predefined_dictionary
Peramivir,J,Antiinfectives for systemic use,,individual_llm_classification
Phenethicillin,J,Antiinfectives for systemic use,,individual_llm_classification
piperacillin,J,Antiinfectives for systemic use,Antibacterials,predefined_dictionary
pivmecillinam,J,Antiinfectives for systemic use,Antibacterials,predefined_dictionary
Pleconaril,J,Antiinfectives for systemic use,,individual_llm_classification
Polymyxin,J,Antiinfectives for systemic use,,individual_llm_classification
polymyxin b,J,Antiinfectives for systemic use,Antibacterials,predefined_dictionary
Protease Inhibitor,J,Antiinfectives for systemic use,,individual_llm_classification
Protease Inhibitor (unspecified),J,Antiinfectives for systemic use,,individual_llm_classification
pyrazinamide,J,Antiinfectives for systemic use,Antibacterials,predefined_dictionary
Reduning Injection,J,Antiinfectives for systemic use,,individual_llm_classification
Rho(D) Immune Globulin,J,Antiinfectives for systemic use,,individual_llm_classification
ribavirin,J,Antiinfectives for systemic use,Antivirals: non-HIV,predefined_dictionary
Rifabutin,J,Antiinfectives for systemic use,,individual_llm_classification
rifampicin,J,Antiinfectives for systemic use,Antibacterials,predefined_dictionary
rifampin,J,Antiinfectives for systemic use,Antibacterials,predefined_dictionary
Rimantadine,J,Antiinfectives for systemic use,,individual_llm_classification
ritonavir,J,Antiinfectives for systemic use,Antivirals: antiretrovirals,predefined_dictionary
Roxithromycin,J,Antiinfectives for systemic use,,individual_llm_classification
SB 209763,J,Antiinfectives for systemic use,,individual_llm_classification
Scorpion Antivenom,J,Antiinfectives for systemic use,,individual_llm_classification
Scorpion Antivenom (Anascorp),J,Antiinfectives for systemic use,,individual_llm_classification
Sisomicin,J,Antiinfectives for systemic use,,individual_llm_classification
Sofosbuvir,J,Antiinfectives for systemic use,,individual_llm_classification
Solithromycin,J,Antiinfectives for systemic use,,individual_llm_classification
Spiramycin,J,Antiinfectives for systemic use,,individual_llm_classification
stavudine,J,Antiinfectives for systemic use,Antivirals: antiretrovirals,predefined_dictionary
Streptomycin,J,Antiinfectives for systemic use,,individual_llm_classification
sulbactam,J,Antiinfectives for systemic use,Antibacterials,predefined_dictionary
Sulfabenzamide,J,Antiinfectives for systemic use,,individual_llm_classification
Sulfadiazine,J,Antiinfectives for systemic use,,individual_llm_classification
Sulfadimidine,J,Antiinfectives for systemic use,,individual_llm_classification
Sulfalene,J,Antiinfectives for systemic use,,individual_llm_classification
Sulfamethizole,J,Antiinfectives for systemic use,,individual_llm_classification
sulfamethoxazole,J,Antiinfectives for systemic use,Antibacterials,predefined_dictionary
Sulfamethoxypyrazine,J,Antiinfectives for systemic use,,individual_llm_classification
Sulfametrole,J,Antiinfectives for systemic use,,individual_llm_classification
Sulfathiazole,J,Antiinfectives for systemic use,,individual_llm_classification
Sulfisoxazole,J,Antiinfectives for systemic use,,individual_llm_classification
Sulfonamide,J,Antiinfectives for systemic use,,individual_llm_classification
sultamicillin,J,Antiinfectives for systemic use,Antibacterials,predefined_dictionary
Taurolidine,J,Antiinfectives for systemic use,,individual_llm_classification
tazobactam,J,Antiinfectives for systemic use,Antibacterials,predefined_dictionary
Tedizolid,J,Antiinfectives for systemic use,,individual_llm_classification
Teicoplanin,J,Antiinfectives for systemic use,,individual_llm_classification
tenofovir,J,Antiinfectives for systemic use,Antivirals: antiretrovirals,predefined_dictionary
terbinafine,J,Antiinfectives for systemic use,Antifungals,predefined_dictionary
Tetanus Antitoxin (Equine),J,Antiinfectives for systemic use,,individual_llm_classification
tetracycline,J,Antiinfectives for systemic use,Antibacterials,predefined_dictionary
Thiamphenicol,J,Antiinfectives for systemic use,,individual_llm_classification
ticarcillin,J,Antiinfectives for systemic use,Antibacterials,predefined_dictionary
Tipranavir,J,Antiinfectives for systemic use,,individual_llm_classification
tobramycin,J,Antiinfectives for systemic use,Antibacterials,predefined_dictionary
trimethoprim,J,Antiinfectives for systemic use,Antibacterials,predefined_dictionary
Trisulfapyrimidines,J,Antiinfectives for systemic use,,individual_llm_classification
Troleandomycin,J,Antiinfectives for systemic use,,individual_llm_classification
Trovafloxacin,J,Antiinfectives for systemic use,,individual_llm_classification
vaccine,J,Antiinfectives for systemic use,Vaccines/immunologicals,predefined_dictionary
vancomycin,J,Antiinfectives for systemic use,Antibacterials,predefined_dictionary
vidarabine,J,Antiinfectives for systemic use,Antivirals: non-HIV,predefined_dictionary
voriconazole,J,Antiinfectives for systemic use,Antifungals,predefined_dictionary
Zalcitabine,J,Antiinfectives for systemic use,,individual_llm_classification
Zanamivir,J,Antiinfectives for systemic use,,individual_llm_classification
zidovudine,J,Antiinfectives for systemic use,Antivirals: antiretrovirals,predefined_dictionary
6-Azauridine,L,Antineoplastic and immunomodulating agents,,individual_llm_classification
abatacept,L,Antineoplastic and immunomodulating agents,Antineoplastic & immunosuppressive agents,predefined_dictionary
adalimumab,L,Antineoplastic and immunomodulating agents,Biologics/monoclonal antibodies & disease-modifying agents,predefined_dictionary
Aldesleukin,L,Antineoplastic and immunomodulating agents,,individual_llm_classification
allopurinol,L,Antineoplastic and immunomodulating agents,Antineoplastic & immunosuppressive agents,predefined_dictionary
Aminolevulinic Acid,L,Antineoplastic and immunomodulating agents,,individual_llm_classification
Amsacrine,L,Antineoplastic and immunomodulating agents,,individual_llm_classification
anakinra,L,Antineoplastic and immunomodulating agents,Antineoplastic & immunosuppressive agents,predefined_dictionary
Anthracycline (unspecified),L,Antineoplastic and immunomodulating agents,,individual_llm_classification
Antithymocyte Globulin,L,Antineoplastic and immunomodulating agents,,individual_llm_classification
Aromatase Inhibitor,L,Antineoplastic and immunomodulating agents,,individual_llm_classification
arsenic trioxide,L,Antineoplastic and immunomodulating agents,Antineoplastic & immunosuppressive agents,predefined_dictionary
asparaginase,L,Antineoplastic and immunomodulating agents,Antineoplastic & immunosuppressive agents,predefined_dictionary
azathioprine,L,Antineoplastic and immunomodulating agents,Antineoplastic & immunosuppressive agents,predefined_dictionary
B-C7 (anti-TNF monoclonal antibody),L,Antineoplastic and immunomodulating agents,,individual_llm_classification
Bacterial Lysate (OM-85),L,Antineoplastic and immunomodulating agents,,individual_llm_classification
Bacterial Lysate (OM-89/Uro-Vaxom),L,Antineoplastic and immunomodulating agents,,individual_llm_classification
Baricitinib,L,Antineoplastic and immunomodulating agents,,individual_llm_classification
basiliximab,L,Antineoplastic and immunomodulating agents,Antineoplastic & immunosuppressive agents,predefined_dictionary
BCG Polysaccharide Nucleic Acid (BCG-PSN),L,Antineoplastic and immunomodulating agents,,individual_llm_classification
Belimumab,L,Antineoplastic and immunomodulating agents,,individual_llm_classification
bevacizumab,L,Antineoplastic and immunomodulating agents,Biologics/monoclonal antibodies & disease-modifying agents,predefined_dictionary
bleomycin,L,Antineoplastic and immunomodulating agents,Antineoplastic & immunosuppressive agents,predefined_dictionary
Blinatumomab,L,Antineoplastic and immunomodulating agents,,individual_llm_classification
Bortezomib,L,Antineoplastic and immunomodulating agents,,individual_llm_classification
Brentuximab Vedotin,L,Antineoplastic and immunomodulating agents,,individual_llm_classification
burosumab,L,Antineoplastic and immunomodulating agents,Biologics/monoclonal antibodies & disease-modifying agents,predefined_dictionary
Buserelin,L,Antineoplastic and immunomodulating agents,,individual_llm_classification
Busulfan,L,Antineoplastic and immunomodulating agents,,individual_llm_classification
Canakinumab,L,Antineoplastic and immunomodulating agents,,individual_llm_classification
carboplatin,L,Antineoplastic and immunomodulating agents,Antineoplastic & immunosuppressive agents,predefined_dictionary
Carboxymethyl-beta-glucan,L,Antineoplastic and immunomodulating agents,,individual_llm_classification
CD25highCD127- Regulatory T Cells (Cell Therapy),L,Antineoplastic and immunomodulating agents,,individual_llm_classification
chemotherapy,L,Antineoplastic and immunomodulating agents,Antineoplastic & immunosuppressive agents,predefined_dictionary
Chlorambucil,L,Antineoplastic and immunomodulating agents,,individual_llm_classification
ciclosporin,L,Antineoplastic and immunomodulating agents,Antineoplastic & immunosuppressive agents,predefined_dictionary
cisplatin,L,Antineoplastic and immunomodulating agents,Antineoplastic & immunosuppressive agents,predefined_dictionary
Cladribine,L,Antineoplastic and immunomodulating agents,,individual_llm_classification
Clofarabine,L,Antineoplastic and immunomodulating agents,,individual_llm_classification
Cyclocytidine,L,Antineoplastic and immunomodulating agents,,individual_llm_classification
cyclophosphamide,L,Antineoplastic and immunomodulating agents,Antineoplastic & immunosuppressive agents,predefined_dictionary
cyclosporine,L,Antineoplastic and immunomodulating agents,Antineoplastic & immunosuppressive agents,predefined_dictionary
cytarabine,L,Antineoplastic and immunomodulating agents,Antineoplastic & immunosuppressive agents,predefined_dictionary
dacarbazine,L,Antineoplastic and immunomodulating agents,Antineoplastic & immunosuppressive agents,predefined_dictionary
Daclizumab,L,Antineoplastic and immunomodulating agents,,individual_llm_classification
dactinomycin,L,Antineoplastic and immunomodulating agents,Antineoplastic & immunosuppressive agents,predefined_dictionary
Dasatinib,L,Antineoplastic and immunomodulating agents,,individual_llm_classification
daunorubicin,L,Antineoplastic and immunomodulating agents,Antineoplastic & immunosuppressive agents,predefined_dictionary
dexrazoxane,L,Antineoplastic and immunomodulating agents,Antineoplastic & immunosuppressive agents,predefined_dictionary
Dimethyl Fumarate,L,Antineoplastic and immunomodulating agents,,individual_llm_classification
Dinutuximab,L,Antineoplastic and immunomodulating agents,,individual_llm_classification
DMARD (unspecified),L,Antineoplastic and immunomodulating agents,,individual_llm_classification
Docetaxel,L,Antineoplastic and immunomodulating agents,,individual_llm_classification
doxorubicin,L,Antineoplastic and immunomodulating agents,Antineoplastic & immunosuppressive agents,predefined_dictionary
drisapersen,L,Antineoplastic and immunomodulating agents,Biologics/monoclonal antibodies & disease-modifying agents,predefined_dictionary
edasalonexent,L,Antineoplastic and immunomodulating agents,Biologics/monoclonal antibodies & disease-modifying agents,predefined_dictionary
Efgartigimod,L,Antineoplastic and immunomodulating agents,,individual_llm_classification
Epirubicin,L,Antineoplastic and immunomodulating agents,,individual_llm_classification
Erlotinib,L,Antineoplastic and immunomodulating agents,,individual_llm_classification
etanercept,L,Antineoplastic and immunomodulating agents,Biologics/monoclonal antibodies & disease-modifying agents,predefined_dictionary
etoposide,L,Antineoplastic and immunomodulating agents,Antineoplastic & immunosuppressive agents,predefined_dictionary
everolimus,L,Antineoplastic and immunomodulating agents,Antineoplastic & immunosuppressive agents,predefined_dictionary
evolocumab,L,Antineoplastic and immunomodulating agents,Biologics/monoclonal antibodies & disease-modifying agents,predefined_dictionary
fludarabine,L,Antineoplastic and immunomodulating agents,Antineoplastic & immunosuppressive agents,predefined_dictionary
fluorouracil,L,Antineoplastic and immunomodulating agents,Antineoplastic & immunosuppressive agents,predefined_dictionary
Formestane,L,Antineoplastic and immunomodulating agents,,individual_llm_classification
GAD-Alum,L,Antineoplastic and immunomodulating agents,,individual_llm_classification
GAD65 (Glutamic Acid Decarboxylase),L,Antineoplastic and immunomodulating agents,,individual_llm_classification
GAD65 (Glutamic Acid Decarboxylase) with Alum Adjuvant,L,Antineoplastic and immunomodulating agents,,individual_llm_classification
gemtuzumab,L,Antineoplastic and immunomodulating agents,Antineoplastic & immunosuppressive agents,predefined_dictionary
GM-CSF,L,Antineoplastic and immunomodulating agents,,individual_llm_classification
GnRH Agonist,L,Antineoplastic and immunomodulating agents,,individual_llm_classification
GnRH agonist (unspecified),L,Antineoplastic and immunomodulating agents,,individual_llm_classification
GnRH Analog (unspecified),L,Antineoplastic and immunomodulating agents,,individual_llm_classification
GnRH Analogue (unspecified),L,Antineoplastic and immunomodulating agents,,individual_llm_classification
Golimumab,L,Antineoplastic and immunomodulating agents,,individual_llm_classification
Gonadotropin-Releasing Hormone (GnRH),L,Antineoplastic and immunomodulating agents,,individual_llm_classification
Gonadotropin-Releasing Hormone Agonist,L,Antineoplastic and immunomodulating agents,,individual_llm_classification
Granulocyte Colony-Stimulating Factor (G-CSF),L,Antineoplastic and immunomodulating agents,,individual_llm_classification
Granulocyte-Macrophage Colony-Stimulating Factor (GM-CSF),L,Antineoplastic and immunomodulating agents,,individual_llm_classification
Homoharringtonine,L,Antineoplastic and immunomodulating agents,,individual_llm_classification
Huaiqihuang,L,Antineoplastic and immunomodulating agents,,individual_llm_classification
hydroxycarbamide,L,Antineoplastic and immunomodulating agents,Antineoplastic & immunosuppressive agents,predefined_dictionary
hydroxyurea,L,Antineoplastic and immunomodulating agents,Antineoplastic & immunosuppressive agents,predefined_dictionary
idarubicin,L,Antineoplastic and immunomodulating agents,Antineoplastic & immunosuppressive agents,predefined_dictionary
idursulfase,L,Antineoplastic and immunomodulating agents,Biologics/monoclonal antibodies & disease-modifying agents,predefined_dictionary
ifosfamide,L,Antineoplastic and immunomodulating agents,Antineoplastic & immunosuppressive agents,predefined_dictionary
Imatinib,L,Antineoplastic and immunomodulating agents,,individual_llm_classification
Immunomodulator (unspecified),L,Antineoplastic and immunomodulating agents,,individual_llm_classification
Imunomet (unspecified immunostimulant),L,Antineoplastic and immunomodulating agents,,individual_llm_classification
Inactivated Mycobacterium phlei,L,Antineoplastic and immunomodulating agents,,individual_llm_classification
infliximab,L,Antineoplastic and immunomodulating agents,Biologics/monoclonal antibodies & disease-modifying agents,predefined_dictionary
Interferon,L,Antineoplastic and immunomodulating agents,,individual_llm_classification
Interferon Alfa,L,Antineoplastic and immunomodulating agents,,individual_llm_classification
Interferon Alfa-1b,L,Antineoplastic and immunomodulating agents,,individual_llm_classification
Interferon Alfa-2,L,Antineoplastic and immunomodulating agents,,individual_llm_classification
Interferon Alfa-2a,L,Antineoplastic and immunomodulating agents,,individual_llm_classification
Interferon Alfa-2b,L,Antineoplastic and immunomodulating agents,,individual_llm_classification
Interferon Alfa-n1,L,Antineoplastic and immunomodulating agents,,individual_llm_classification
Interferon Alpha-1b,L,Antineoplastic and immunomodulating agents,,individual_llm_classification
Interferon Beta,L,Antineoplastic and immunomodulating agents,,individual_llm_classification
Interferon Beta-1a,L,Antineoplastic and immunomodulating agents,,individual_llm_classification
Interferon Gamma,L,Antineoplastic and immunomodulating agents,,individual_llm_classification
Interleukin-1 alpha (rhIL-1a),L,Antineoplastic and immunomodulating agents,,individual_llm_classification
Interleukin-2,L,Antineoplastic and immunomodulating agents,,individual_llm_classification
Interleukin-2 (Aldesleukin),L,Antineoplastic and immunomodulating agents,,individual_llm_classification
Iproplatin,L,Antineoplastic and immunomodulating agents,,individual_llm_classification
irinotecan,L,Antineoplastic and immunomodulating agents,Antineoplastic & immunosuppressive agents,predefined_dictionary
Ixekizumab,L,Antineoplastic and immunomodulating agents,,individual_llm_classification
Lapatinib,L,Antineoplastic and immunomodulating agents,,individual_llm_classification
Leflunomide,L,Antineoplastic and immunomodulating agents,,individual_llm_classification
Leizumab,L,Antineoplastic and immunomodulating agents,,individual_llm_classification
Leuprorelin,L,Antineoplastic and immunomodulating agents,,individual_llm_classification
LHRH Analog,L,Antineoplastic and immunomodulating agents,,individual_llm_classification
LHRH Analog (GnRH agonist),L,Antineoplastic and immunomodulating agents,,individual_llm_classification
Lomustine,L,Antineoplastic and immunomodulating agents,,individual_llm_classification
Mechlorethamine,L,Antineoplastic and immunomodulating agents,,individual_llm_classification
Melphalan,L,Antineoplastic and immunomodulating agents,,individual_llm_classification
mercaptopurine,L,Antineoplastic and immunomodulating agents,Antineoplastic & immunosuppressive agents,predefined_dictionary
methotrexate,L,Antineoplastic and immunomodulating agents,Antineoplastic & immunosuppressive agents,predefined_dictionary
mitomycin,L,Antineoplastic and immunomodulating agents,Antineoplastic & immunosuppressive agents,predefined_dictionary
Mitoxantrone,L,Antineoplastic and immunomodulating agents,,individual_llm_classification
Mizoribine,L,Antineoplastic and immunomodulating agents,,individual_llm_classification
motavizumab,L,Antineoplastic and immunomodulating agents,Biologics/monoclonal antibodies & disease-modifying agents,predefined_dictionary
mycophenolate,L,Antineoplastic and immunomodulating agents,Antineoplastic & immunosuppressive agents,predefined_dictionary
Nintedanib,L,Antineoplastic and immunomodulating agents,,individual_llm_classification
nirsevimab,L,Antineoplastic and immunomodulating agents,Biologics/monoclonal antibodies & disease-modifying agents,predefined_dictionary
Ofatumumab,L,Antineoplastic and immunomodulating agents,,individual_llm_classification
OK-432 (Picibanil),L,Antineoplastic and immunomodulating agents,,individual_llm_classification
OM-85 (Bacterial Lysate),L,Antineoplastic and immunomodulating agents,,individual_llm_classification
Palifermin,L,Antineoplastic and immunomodulating agents,,individual_llm_classification
palivizumab,L,Antineoplastic and immunomodulating agents,Biologics/monoclonal antibodies & disease-modifying agents,predefined_dictionary
pegaspargase,L,Antineoplastic and immunomodulating agents,Antineoplastic & immunosuppressive agents,predefined_dictionary
Peginterferon alfa,L,Antineoplastic and immunomodulating agents,,individual_llm_classification
Peginterferon Alfa-2a,L,Antineoplastic and immunomodulating agents,,individual_llm_classification
Peginterferon Alfa-2b,L,Antineoplastic and immunomodulating agents,,individual_llm_classification
Pidotimod,L,Antineoplastic and immunomodulating agents,,individual_llm_classification
Pingyangmycin,L,Antineoplastic and immunomodulating agents,,individual_llm_classification
Pirarubicin,L,Antineoplastic and immunomodulating agents,,individual_llm_classification
Plerixafor,L,Antineoplastic and immunomodulating agents,,individual_llm_classification
Poly(I:C),L,Antineoplastic and immunomodulating agents,,individual_llm_classification
Polyvalent Bacterial Lysate,L,Antineoplastic and immunomodulating agents,,individual_llm_classification
Polyvalent Mechanical Bacterial Lysate,L,Antineoplastic and immunomodulating agents,,individual_llm_classification
Procarbazine,L,Antineoplastic and immunomodulating agents,,individual_llm_classification
Propionibacterium Parvum,L,Antineoplastic and immunomodulating agents,,individual_llm_classification
rasburicase,L,Antineoplastic and immunomodulating agents,Antineoplastic & immunosuppressive agents,predefined_dictionary
Realgar-Indigo Naturalis Formula,L,Antineoplastic and immunomodulating agents,,individual_llm_classification
Regorafenib,L,Antineoplastic and immunomodulating agents,,individual_llm_classification
Ribociclib,L,Antineoplastic and immunomodulating agents,,individual_llm_classification
Ribosomal Immunostimulant (Ribomunyl),L,Antineoplastic and immunomodulating agents,,individual_llm_classification
Rilonacept,L,Antineoplastic and immunomodulating agents,,individual_llm_classification
rituximab,L,Antineoplastic and immunomodulating agents,Biologics/monoclonal antibodies & disease-modifying agents,predefined_dictionary
secukinumab,L,Antineoplastic and immunomodulating agents,Biologics/monoclonal antibodies & disease-modifying agents,predefined_dictionary
sirolimus,L,Antineoplastic and immunomodulating agents,Antineoplastic & immunosuppressive agents,predefined_dictionary
tacrolimus,L,Antineoplastic and immunomodulating agents,Antineoplastic & immunosuppressive agents,predefined_dictionary
Tamoxifen,L,Antineoplastic and immunomodulating agents,,individual_llm_classification
temozolomide,L,Antineoplastic and immunomodulating agents,Antineoplastic & immunosuppressive agents,predefined_dictionary
teniposide,L,Antineoplastic and immunomodulating agents,Antineoplastic & immunosuppressive agents,predefined_dictionary
Teriflunomide,L,Antineoplastic and immunomodulating agents,,individual_llm_classification
thalidomide,L,Antineoplastic and immunomodulating agents,Antineoplastic & immunosuppressive agents,predefined_dictionary
thioguanine,L,Antineoplastic and immunomodulating agents,Antineoplastic & immunosuppressive agents,predefined_dictionary
Thymic Humoral Factor,L,Antineoplastic and immunomodulating agents,,individual_llm_classification
Thymopentin,L,Antineoplastic and immunomodulating agents,,individual_llm_classification
Thymostimulin,L,Antineoplastic and immunomodulating agents,,individual_llm_classification
tioguanine,L,Antineoplastic and immunomodulating agents,Antineoplastic & immunosuppressive agents,predefined_dictionary
Tipifarnib,L,Antineoplastic and immunomodulating agents,,individual_llm_classification
tocilizumab,L,Antineoplastic and immunomodulating agents,Biologics/monoclonal antibodies & disease-modifying agents,predefined_dictionary
Tofacitinib,L,Antineoplastic and immunomodulating agents,,individual_llm_classification
topotecan,L,Antineoplastic and immunomodulating agents,Antineoplastic & immunosuppressive agents,predefined_dictionary
Transfer Factor,L,Antineoplastic and immunomodulating agents,,individual_llm_classification
Tretinoin (All-trans Retinoic Acid),L,Antineoplastic and immunomodulating agents,,individual_llm_classification
Tretinoin (ATRA),L,Antineoplastic and immunomodulating agents,,individual_llm_classification
Tripterygium Glycosides,L,Antineoplastic and immunomodulating agents,,individual_llm_classification
Upadacitinib,L,Antineoplastic and immunomodulating agents,,individual_llm_classification
Ustekinumab,L,Antineoplastic and immunomodulating agents,,individual_llm_classification
vinblastine,L,Antineoplastic and immunomodulating agents,Antineoplastic & immunosuppressive agents,predefined_dictionary
vincristine,L,Antineoplastic and immunomodulating agents,Antineoplastic & immunosuppressive agents,predefined_dictionary
Vindesine,L,Antineoplastic and immunomodulating agents,,individual_llm_classification
Vinorelbine,L,Antineoplastic and immunomodulating agents,,individual_llm_classification
Yupingfeng,L,Antineoplastic and immunomodulating agents,,individual_llm_classification
Alcuronium,M,Musculoskeletal system,,individual_llm_classification
Alendronate,M,Musculoskeletal system,,individual_llm_classification
atracurium,M,Musculoskeletal system,"Anaesthetics, sedatives & perioperative analgesics",predefined_dictionary
Auranofin,M,Musculoskeletal system,,individual_llm_classification
baclofen,M,Musculoskeletal system,"Anaesthetics, sedatives & perioperative analgesics",predefined_dictionary
Bone Morphogenetic Protein-2,M,Musculoskeletal system,,individual_llm_classification
cisatracurium,M,Musculoskeletal system,"Anaesthetics, sedatives & perioperative analgesics",predefined_dictionary
Colchicine,M,Musculoskeletal system,,individual_llm_classification
dantrolene,M,Musculoskeletal system,"Anaesthetics, sedatives & perioperative analgesics",predefined_dictionary
Diacerein,M,Musculoskeletal system,,individual_llm_classification
Domagrozumab,M,Musculoskeletal system,,individual_llm_classification
Doxacurium,M,Musculoskeletal system,,individual_llm_classification
Ezutromid,M,Musculoskeletal system,,individual_llm_classification
Felbinac,M,Musculoskeletal system,,individual_llm_classification
Fentiazac,M,Musculoskeletal system,,individual_llm_classification
Flavocoxid,M,Musculoskeletal system,,individual_llm_classification
Flurbiprofen,M,Musculoskeletal system,,individual_llm_classification
Gold Sodium Thiomalate,M,Musculoskeletal system,,individual_llm_classification
Golodirsen,M,Musculoskeletal system,,individual_llm_classification
Mahamasha Thailam (Ayurvedic Herbal Oil),M,Musculoskeletal system,,individual_llm_classification
Mefenamic Acid,M,Musculoskeletal system,,individual_llm_classification
mivacurium,M,Musculoskeletal system,"Anaesthetics, sedatives & perioperative analgesics",predefined_dictionary
Morniflumate,M,Musculoskeletal system,,individual_llm_classification
Muscle Relaxant,M,Musculoskeletal system,,individual_llm_classification
Muscle Relaxant (unspecified),M,Musculoskeletal system,,individual_llm_classification
Neridronate,M,Musculoskeletal system,,individual_llm_classification
Neuromuscular blocking agent (unspecified),M,Musculoskeletal system,,individual_llm_classification
NSAID (unspecified),M,Musculoskeletal system,,individual_llm_classification
Olpadronate,M,Musculoskeletal system,,individual_llm_classification
Pamidronate,M,Musculoskeletal system,,individual_llm_classification
pancuronium,M,Musculoskeletal system,"Anaesthetics, sedatives & perioperative analgesics",predefined_dictionary
Parecoxib,M,Musculoskeletal system,,individual_llm_classification
Probenecid,M,Musculoskeletal system,,individual_llm_classification
rapacuronium,M,Musculoskeletal system,"Anaesthetics, sedatives & perioperative analgesics",predefined_dictionary
Risedronate,M,Musculoskeletal system,,individual_llm_classification
rocuronium,M,Musculoskeletal system,"Anaesthetics, sedatives & perioperative analgesics",predefined_dictionary
succinylcholine,M,Musculoskeletal system,"Anaesthetics, sedatives & perioperative analgesics",predefined_dictionary
sugammadex,M,Musculoskeletal system,"Anaesthetics, sedatives & perioperative analgesics",predefined_dictionary
Sulindac,M,Musculoskeletal system,,individual_llm_classification
suxamethonium,M,Musculoskeletal system,"Anaesthetics, sedatives & perioperative analgesics",predefined_dictionary
TAS-205,M,Musculoskeletal system,,individual_llm_classification
TAS-205 (investigational agent),M,Musculoskeletal system,,individual_llm_classification
Tiaprofenic Acid,M,Musculoskeletal system,,individual_llm_classification
Tizanidine,M,Musculoskeletal system,,individual_llm_classification
Total Glucosides of Paeony,M,Musculoskeletal system,,individual_llm_classification
Traumeel S,M,Musculoskeletal system,,individual_llm_classification
Tubocurarine,M,Musculoskeletal system,,individual_llm_classification
vecuronium,M,Musculoskeletal system,"Anaesthetics, sedatives & perioperative analgesics",predefined_dictionary
Zoledronic acid,M,Musculoskeletal system,,individual_llm_classification
5-Hydroxytryptophan,N,Nervous system,,individual_llm_classification
ABT-089,N,Nervous system,,individual_llm_classification
Acamprosate,N,Nervous system,,individual_llm_classification
acetaminophen,N,Nervous system,Analgesics/antipyretics/NSAIDs,predefined_dictionary
acetylsalicylic acid,N,Nervous system,Analgesics/antipyretics/NSAIDs,predefined_dictionary
Agomelatine,N,Nervous system,,individual_llm_classification
alfentanil,N,Nervous system,"Anaesthetics, sedatives & perioperative analgesics",predefined_dictionary
Allobarbital,N,Nervous system,,individual_llm_classification
Almotriptan,N,Nervous system,,individual_llm_classification
Alprazolam,N,Nervous system,,individual_llm_classification
Aminophenazone,N,Nervous system,,individual_llm_classification
Amisulpride,N,Nervous system,,individual_llm_classification
amitriptyline,N,Nervous system,CNS/psychiatric agents incl. psychostimulants,predefined_dictionary
amphetamine,N,Nervous system,CNS/psychiatric agents incl. psychostimulants,predefined_dictionary
Analgesic (unspecified),N,Nervous system,,individual_llm_classification
Analgesics,N,Nervous system,,individual_llm_classification
Anticonvulsants,N,Nervous system,,individual_llm_classification
Antidepressant (unspecified),N,Nervous system,,individual_llm_classification
Antiepilepsirine,N,Nervous system,,individual_llm_classification
Antiepileptic Drugs (unspecified),N,Nervous system,,individual_llm_classification
Antipsychotic,N,Nervous system,,individual_llm_classification
Antipsychotic (unspecified),N,Nervous system,,individual_llm_classification
Antipsychotics (unspecified),N,Nervous system,,individual_llm_classification
Antiseizure Medication (unspecified),N,Nervous system,,individual_llm_classification
Arimoclomol,N,Nervous system,,individual_llm_classification
aripiprazole,N,Nervous system,CNS/psychiatric agents incl. psychostimulants,predefined_dictionary
articaine,N,Nervous system,"Anaesthetics, sedatives & perioperative analgesics",predefined_dictionary
asenapine,N,Nervous system,CNS/psychiatric agents incl. psychostimulants,predefined_dictionary
aspirin,N,Nervous system,Analgesics/antipyretics/NSAIDs,predefined_dictionary
ataluren,N,Nervous system,CNS/psychiatric agents incl. psychostimulants,predefined_dictionary
atomoxetine,N,Nervous system,CNS/psychiatric agents incl. psychostimulants,predefined_dictionary
atropine,N,Nervous system,"Anaesthetics, sedatives & perioperative analgesics",predefined_dictionary
Bacopa Monnieri,N,Nervous system,,individual_llm_classification
Benzocaine,N,Nervous system,,individual_llm_classification
Benztropine,N,Nervous system,,individual_llm_classification
Blonanserin,N,Nervous system,,individual_llm_classification
botulinum,N,Nervous system,"Anaesthetics, sedatives & perioperative analgesics",predefined_dictionary
Brain Factor-7 (BF-7),N,Nervous system,,individual_llm_classification
bupivacaine,N,Nervous system,"Anaesthetics, sedatives & perioperative analgesics",predefined_dictionary
buprenorphine,N,Nervous system,"Anaesthetics, sedatives & perioperative analgesics",predefined_dictionary
bupropion,N,Nervous system,CNS/psychiatric agents incl. psychostimulants,predefined_dictionary
buspirone,N,Nervous system,CNS/psychiatric agents incl. psychostimulants,predefined_dictionary
Butabarbital,N,Nervous system,,individual_llm_classification
Butobarbital,N,Nervous system,,individual_llm_classification
butorphanol,N,Nervous system,"Anaesthetics, sedatives & perioperative analgesics",predefined_dictionary
caffeine,N,Nervous system,"Neonatal-specific pharmacotherapy (surfactant, caffeine for apnoea)",predefined_dictionary
cannabidiol,N,Nervous system,CNS/psychiatric agents incl. psychostimulants,predefined_dictionary
carbamazepine,N,Nervous system,CNS/psychiatric agents incl. psychostimulants,predefined_dictionary
carbidopa,N,Nervous system,CNS/psychiatric agents incl. psychostimulants,predefined_dictionary
celecoxib,N,Nervous system,Analgesics/antipyretics/NSAIDs,predefined_dictionary
Centbucridine,N,Nervous system,,individual_llm_classification
Cerebrolysin,N,Nervous system,,individual_llm_classification
chloral hydrate,N,Nervous system,"Anaesthetics, sedatives & perioperative analgesics",predefined_dictionary
Chlordiazepoxide,N,Nervous system,,individual_llm_classification
Chloroprocaine,N,Nervous system,,individual_llm_classification
chlorpromazine,N,Nervous system,CNS/psychiatric agents incl. psychostimulants,predefined_dictionary
Cinnarizine,N,Nervous system,,individual_llm_classification
Cinromide,N,Nervous system,,individual_llm_classification
citalopram,N,Nervous system,CNS/psychiatric agents incl. psychostimulants,predefined_dictionary
Citicoline,N,Nervous system,,individual_llm_classification
clobazam,N,Nervous system,CNS/psychiatric agents incl. psychostimulants,predefined_dictionary
clomipramine,N,Nervous system,CNS/psychiatric agents incl. psychostimulants,predefined_dictionary
clonazepam,N,Nervous system,CNS/psychiatric agents incl. psychostimulants,predefined_dictionary
clonidine,N,Nervous system,"Anaesthetics, sedatives & perioperative analgesics",predefined_dictionary
Clorgyline,N,Nervous system,,individual_llm_classification
clozapine,N,Nervous system,CNS/psychiatric agents incl. psychostimulants,predefined_dictionary
Cocaine,N,Nervous system,,individual_llm_classification
codeine,N,Nervous system,Analgesics/antipyretics/NSAIDs,predefined_dictionary
D-Serine,N,Nervous system,,individual_llm_classification
dasotraline,N,Nervous system,CNS/psychiatric agents incl. psychostimulants,predefined_dictionary
Deanol,N,Nervous system,,individual_llm_classification
desflurane,N,Nervous system,"Anaesthetics, sedatives & perioperative analgesics",predefined_dictionary
desipramine,N,Nervous system,CNS/psychiatric agents incl. psychostimulants,predefined_dictionary
Deutetrabenazine,N,Nervous system,,individual_llm_classification
dexibuprofen,N,Nervous system,Analgesics/antipyretics/NSAIDs,predefined_dictionary
dexmedetomidine,N,Nervous system,"Anaesthetics, sedatives & perioperative analgesics",predefined_dictionary
dextroamphetamine,N,Nervous system,CNS/psychiatric agents incl. psychostimulants,predefined_dictionary
dezocine,N,Nervous system,"Anaesthetics, sedatives & perioperative analgesics",predefined_dictionary
Diallylbarbituric Acid,N,Nervous system,,individual_llm_classification
diazepam,N,Nervous system,"Anaesthetics, sedatives & perioperative analgesics",predefined_dictionary
dichloroacetate,N,Nervous system,CNS/psychiatric agents incl. psychostimulants,predefined_dictionary
diclofenac,N,Nervous system,Analgesics/antipyretics/NSAIDs,predefined_dictionary
Dimethylglycine,N,Nervous system,,individual_llm_classification
Disulfiram,N,Nervous system,,individual_llm_classification
Divalproex Sodium,N,Nervous system,,individual_llm_classification
Dixyrazine,N,Nervous system,,individual_llm_classification
donepezil,N,Nervous system,CNS/psychiatric agents incl. psychostimulants,predefined_dictionary
droperidol,N,Nervous system,"Anaesthetics, sedatives & perioperative analgesics",predefined_dictionary
duloxetine,N,Nervous system,CNS/psychiatric agents incl. psychostimulants,predefined_dictionary
Echium amoenum extract,N,Nervous system,,individual_llm_classification
ecopipam,N,Nervous system,CNS/psychiatric agents incl. psychostimulants,predefined_dictionary
Edivoxetine,N,Nervous system,,individual_llm_classification
edrophonium,N,Nervous system,"Anaesthetics, sedatives & perioperative analgesics",predefined_dictionary
Eletriptan,N,Nervous system,,individual_llm_classification
emla,N,Nervous system,"Anaesthetics, sedatives & perioperative analgesics",predefined_dictionary
Enflurane,N,Nervous system,,individual_llm_classification
ephedrine,N,Nervous system,"Anaesthetics, sedatives & perioperative analgesics",predefined_dictionary
escitalopram,N,Nervous system,CNS/psychiatric agents incl. psychostimulants,predefined_dictionary
Eslicarbazepine,N,Nervous system,,individual_llm_classification
Eszopiclone,N,Nervous system,,individual_llm_classification
eteplirsen,N,Nervous system,CNS/psychiatric agents incl. psychostimulants,predefined_dictionary
ethosuximide,N,Nervous system,CNS/psychiatric agents incl. psychostimulants,predefined_dictionary
ethyl chloride,N,Nervous system,"Anaesthetics, sedatives & perioperative analgesics",predefined_dictionary
etomidate,N,Nervous system,"Anaesthetics, sedatives & perioperative analgesics",predefined_dictionary
fenfluramine,N,Nervous system,CNS/psychiatric agents incl. psychostimulants,predefined_dictionary
fentanyl,N,Nervous system,"Anaesthetics, sedatives & perioperative analgesics",predefined_dictionary
fingolimod,N,Nervous system,CNS/psychiatric agents incl. psychostimulants,predefined_dictionary
Flunarizine,N,Nervous system,,individual_llm_classification
flunitrazepam,N,Nervous system,CNS/psychiatric agents incl. psychostimulants,predefined_dictionary
fluoxetine,N,Nervous system,CNS/psychiatric agents incl. psychostimulants,predefined_dictionary
Fluphenazine,N,Nervous system,,individual_llm_classification
fluvoxamine,N,Nervous system,CNS/psychiatric agents incl. psychostimulants,predefined_dictionary
gabapentin,N,Nervous system,CNS/psychiatric agents incl. psychostimulants,predefined_dictionary
Galantamine,N,Nervous system,,individual_llm_classification
Gamma-Aminobutyric Acid (GABA),N,Nervous system,,individual_llm_classification
Gamma-Hydroxybutyric Acid (GHB),N,Nervous system,,individual_llm_classification
Ganaxolone,N,Nervous system,,individual_llm_classification
Ganglioside,N,Nervous system,,individual_llm_classification
General Anesthetics (unspecified),N,Nervous system,,individual_llm_classification
Ginkgo biloba,N,Nervous system,,individual_llm_classification
Ginkgolide B (BN52021),N,Nervous system,,individual_llm_classification
glycopyrrolate,N,Nervous system,"Anaesthetics, sedatives & perioperative analgesics",predefined_dictionary
guanfacine,N,Nervous system,CNS/psychiatric agents incl. psychostimulants,predefined_dictionary
haloperidol,N,Nervous system,CNS/psychiatric agents incl. psychostimulants,predefined_dictionary
halothane,N,Nervous system,"Anaesthetics, sedatives & perioperative analgesics",predefined_dictionary
Hydrocodone,N,Nervous system,,individual_llm_classification
hydromorphone,N,Nervous system,"Anaesthetics, sedatives & perioperative analgesics",predefined_dictionary
hydroxyzine,N,Nervous system,CNS/psychiatric agents incl. psychostimulants,predefined_dictionary
Hypericum Perforatum (St John's Wort),N,Nervous system,,individual_llm_classification
ibuprofen,N,Nervous system,Analgesics/antipyretics/NSAIDs,predefined_dictionary
Ifenprodil,N,Nervous system,,individual_llm_classification
imipramine,N,Nervous system,CNS/psychiatric agents incl. psychostimulants,predefined_dictionary
indomethacin,N,Nervous system,Analgesics/antipyretics/NSAIDs,predefined_dictionary
Isaxonine,N,Nervous system,,individual_llm_classification
isoflurane,N,Nervous system,"Anaesthetics, sedatives & perioperative analgesics",predefined_dictionary
ketamine,N,Nervous system,"Anaesthetics, sedatives & perioperative analgesics",predefined_dictionary
Ketobemidone,N,Nervous system,,individual_llm_classification
ketoprofen,N,Nervous system,Analgesics/antipyretics/NSAIDs,predefined_dictionary
ketorolac,N,Nervous system,Analgesics/antipyretics/NSAIDs,predefined_dictionary
L-Theanine,N,Nervous system,,individual_llm_classification
Lacosamide,N,Nervous system,,individual_llm_classification
lamotrigine,N,Nervous system,CNS/psychiatric agents incl. psychostimulants,predefined_dictionary
levetiracetam,N,Nervous system,CNS/psychiatric agents incl. psychostimulants,predefined_dictionary
levobupivacaine,N,Nervous system,"Anaesthetics, sedatives & perioperative analgesics",predefined_dictionary
levodopa,N,Nervous system,CNS/psychiatric agents incl. psychostimulants,predefined_dictionary
lidocaine,N,Nervous system,"Anaesthetics, sedatives & perioperative analgesics",predefined_dictionary
lisdexamfetamine,N,Nervous system,CNS/psychiatric agents incl. psychostimulants,predefined_dictionary
lithium,N,Nervous system,CNS/psychiatric agents incl. psychostimulants,predefined_dictionary
Local Anesthetic,N,Nervous system,,individual_llm_classification
Local Anesthetic (unspecified),N,Nervous system,,individual_llm_classification
Lofexidine,N,Nervous system,,individual_llm_classification
lorazepam,N,Nervous system,CNS/psychiatric agents incl. psychostimulants,predefined_dictionary
lornoxicam,N,Nervous system,Analgesics/antipyretics/NSAIDs,predefined_dictionary
lurasidone,N,Nervous system,CNS/psychiatric agents incl. psychostimulants,predefined_dictionary
Mavoglurant,N,Nervous system,,individual_llm_classification
Mazindol,N,Nervous system,,individual_llm_classification
melatonin,N,Nervous system,CNS/psychiatric agents incl. psychostimulants,predefined_dictionary
Melissa Officinalis (Lemon Balm),N,Nervous system,,individual_llm_classification
Melissa officinalis extract,N,Nervous system,,individual_llm_classification
meloxicam,N,Nervous system,Analgesics/antipyretics/NSAIDs,predefined_dictionary
memantine,N,Nervous system,CNS/psychiatric agents incl. psychostimulants,predefined_dictionary
meperidine,N,Nervous system,"Anaesthetics, sedatives & perioperative analgesics",predefined_dictionary
Mephobarbital,N,Nervous system,,individual_llm_classification
mepivacaine,N,Nervous system,"Anaesthetics, sedatives & perioperative analgesics",predefined_dictionary
Meptazinol,N,Nervous system,,individual_llm_classification
metamizole,N,Nervous system,Analgesics/antipyretics/NSAIDs,predefined_dictionary
methadone,N,Nervous system,"Anaesthetics, sedatives & perioperative analgesics",predefined_dictionary
methohexital,N,Nervous system,"Anaesthetics, sedatives & perioperative analgesics",predefined_dictionary
Methoxyflurane,N,Nervous system,,individual_llm_classification
Methylpentynol,N,Nervous system,,individual_llm_classification
methylphenidate,N,Nervous system,CNS/psychiatric agents incl. psychostimulants,predefined_dictionary
midazolam,N,Nervous system,"Anaesthetics, sedatives & perioperative analgesics",predefined_dictionary
Milnacipran,N,Nervous system,,individual_llm_classification
Mirtazapine,N,Nervous system,,individual_llm_classification
modafinil,N,Nervous system,CNS/psychiatric agents incl. psychostimulants,predefined_dictionary
molindone,N,Nervous system,CNS/psychiatric agents incl. psychostimulants,predefined_dictionary
Monosialoganglioside (GM1),N,Nervous system,,individual_llm_classification
Monosialotetrahexosylganglioside Sodium,N,Nervous system,,individual_llm_classification
morphine,N,Nervous system,"Anaesthetics, sedatives & perioperative analgesics",predefined_dictionary
N-Acetylaspartylglutamic Acid (NAAGA),N,Nervous system,,individual_llm_classification
Nabiximols,N,Nervous system,,individual_llm_classification
nalbuphine,N,Nervous system,"Anaesthetics, sedatives & perioperative analgesics",predefined_dictionary
Nalmefene,N,Nervous system,,individual_llm_classification
naloxone,N,Nervous system,"Anaesthetics, sedatives & perioperative analgesics",predefined_dictionary
naltrexone,N,Nervous system,CNS/psychiatric agents incl. psychostimulants,predefined_dictionary
naproxen,N,Nervous system,Analgesics/antipyretics/NSAIDs,predefined_dictionary
Nefopam,N,Nervous system,,individual_llm_classification
neostigmine,N,Nervous system,"Anaesthetics, sedatives & perioperative analgesics",predefined_dictionary
Niaprazine,N,Nervous system,,individual_llm_classification
Nicotine,N,Nervous system,,individual_llm_classification
nimesulide,N,Nervous system,Analgesics/antipyretics/NSAIDs,predefined_dictionary
Nitrazepam,N,Nervous system,,individual_llm_classification
nitrous oxide,N,Nervous system,"Anaesthetics, sedatives & perioperative analgesics",predefined_dictionary
nortriptyline,N,Nervous system,CNS/psychiatric agents incl. psychostimulants,predefined_dictionary
nusinersen,N,Nervous system,CNS/psychiatric agents incl. psychostimulants,predefined_dictionary
olanzapine,N,Nervous system,CNS/psychiatric agents incl. psychostimulants,predefined_dictionary
Opioid (unspecified),N,Nervous system,,individual_llm_classification
Opioids,N,Nervous system,,individual_llm_classification
Opium,N,Nervous system,,individual_llm_classification
ORG 2766,N,Nervous system,,individual_llm_classification
Org 2766 (ACTH 4-9 Analog),N,Nervous system,,individual_llm_classification
Org 2766 (ACTH(4-9) analog),N,Nervous system,,individual_llm_classification
oxcarbazepine,N,Nervous system,CNS/psychiatric agents incl. psychostimulants,predefined_dictionary
oxycodone,N,Nervous system,"Anaesthetics, sedatives & perioperative analgesics",predefined_dictionary
Paliperidone,N,Nervous system,,individual_llm_classification
Palmitoylethanolamide,N,Nervous system,,individual_llm_classification
Papaveretum,N,Nervous system,,individual_llm_classification
paracetamol,N,Nervous system,Analgesics/antipyretics/NSAIDs,predefined_dictionary
paroxetine,N,Nervous system,CNS/psychiatric agents incl. psychostimulants,predefined_dictionary
Pecazine,N,Nervous system,,individual_llm_classification
pemoline,N,Nervous system,CNS/psychiatric agents incl. psychostimulants,predefined_dictionary
Pentazocine,N,Nervous system,,individual_llm_classification
Pentobarbital,N,Nervous system,,individual_llm_classification
perampanel,N,Nervous system,CNS/psychiatric agents incl. psychostimulants,predefined_dictionary
Pergolide,N,Nervous system,,individual_llm_classification
Perphenazine,N,Nervous system,,individual_llm_classification
pethidine,N,Nervous system,"Anaesthetics, sedatives & perioperative analgesics",predefined_dictionary
phenobarbital,N,Nervous system,CNS/psychiatric agents incl. psychostimulants,predefined_dictionary
Phenoperidine,N,Nervous system,,individual_llm_classification
phentolamine,N,Nervous system,"Anaesthetics, sedatives & perioperative analgesics",predefined_dictionary
phenytoin,N,Nervous system,CNS/psychiatric agents incl. psychostimulants,predefined_dictionary
Phosphatidylserine,N,Nervous system,,individual_llm_classification
physostigmine,N,Nervous system,"Anaesthetics, sedatives & perioperative analgesics",predefined_dictionary
pimozide,N,Nervous system,CNS/psychiatric agents incl. psychostimulants,predefined_dictionary
piracetam,N,Nervous system,CNS/psychiatric agents incl. psychostimulants,predefined_dictionary
piroxicam,N,Nervous system,Analgesics/antipyretics/NSAIDs,predefined_dictionary
Pizotifen,N,Nervous system,,individual_llm_classification
Pramipexole,N,Nervous system,,individual_llm_classification
pregabalin,N,Nervous system,CNS/psychiatric agents incl. psychostimulants,predefined_dictionary
prilocaine,N,Nervous system,"Anaesthetics, sedatives & perioperative analgesics",predefined_dictionary
Procaine,N,Nervous system,,individual_llm_classification
propacetamol,N,Nervous system,Analgesics/antipyretics/NSAIDs,predefined_dictionary
Propentofylline,N,Nervous system,,individual_llm_classification
Propericiazine,N,Nervous system,,individual_llm_classification
propofol,N,Nervous system,"Anaesthetics, sedatives & perioperative analgesics",predefined_dictionary
Psychostimulant (unspecified),N,Nervous system,,individual_llm_classification
pyridostigmine,N,Nervous system,"Anaesthetics, sedatives & perioperative analgesics",predefined_dictionary
Pyritinol,N,Nervous system,,individual_llm_classification
quetiapine,N,Nervous system,CNS/psychiatric agents incl. psychostimulants,predefined_dictionary
Ramelteon,N,Nervous system,,individual_llm_classification
reboxetine,N,Nervous system,CNS/psychiatric agents incl. psychostimulants,predefined_dictionary
remifentanil,N,Nervous system,"Anaesthetics, sedatives & perioperative analgesics",predefined_dictionary
Remimazolam,N,Nervous system,,individual_llm_classification
riluzole,N,Nervous system,CNS/psychiatric agents incl. psychostimulants,predefined_dictionary
risperidone,N,Nervous system,CNS/psychiatric agents incl. psychostimulants,predefined_dictionary
Rizatriptan,N,Nervous system,,individual_llm_classification
rofecoxib,N,Nervous system,Analgesics/antipyretics/NSAIDs,predefined_dictionary
ropivacaine,N,Nervous system,"Anaesthetics, sedatives & perioperative analgesics",predefined_dictionary
Sarcosine,N,Nervous system,,individual_llm_classification
Sedative,N,Nervous system,,individual_llm_classification
selegiline,N,Nervous system,CNS/psychiatric agents incl. psychostimulants,predefined_dictionary
sertraline,N,Nervous system,CNS/psychiatric agents incl. psychostimulants,predefined_dictionary
sevoflurane,N,Nervous system,"Anaesthetics, sedatives & perioperative analgesics",predefined_dictionary
sodium oxybate,N,Nervous system,CNS/psychiatric agents incl. psychostimulants,predefined_dictionary
Soticlestat,N,Nervous system,,individual_llm_classification
SSRI (unspecified selective serotonin reuptake inhibitor),N,Nervous system,,individual_llm_classification
SSRI (unspecified),N,Nervous system,,individual_llm_classification
Stimulant (unspecified),N,Nervous system,,individual_llm_classification
Stiripentol,N,Nervous system,,individual_llm_classification
Sucrose,N,Nervous system,,individual_llm_classification
sufentanil,N,Nervous system,"Anaesthetics, sedatives & perioperative analgesics",predefined_dictionary
Sulthiame,N,Nervous system,,individual_llm_classification
Sumatriptan,N,Nervous system,,individual_llm_classification
Tandospirone,N,Nervous system,,individual_llm_classification
Tapentadol,N,Nervous system,,individual_llm_classification
temazepam,N,Nervous system,CNS/psychiatric agents incl. psychostimulants,predefined_dictionary
tenoxicam,N,Nervous system,Analgesics/antipyretics/NSAIDs,predefined_dictionary
tetracaine,N,Nervous system,"Anaesthetics, sedatives & perioperative analgesics",predefined_dictionary
Tetrahydrocannabinol,N,Nervous system,,individual_llm_classification
thiopental,N,Nervous system,"Anaesthetics, sedatives & perioperative analgesics",predefined_dictionary
thiopentone,N,Nervous system,"Anaesthetics, sedatives & perioperative analgesics",predefined_dictionary
thioridazine,N,Nervous system,CNS/psychiatric agents incl. psychostimulants,predefined_dictionary
tianeptine,N,Nervous system,CNS/psychiatric agents incl. psychostimulants,predefined_dictionary
Tiapride,N,Nervous system,,individual_llm_classification
Topical Anesthetic (unspecified),N,Nervous system,,individual_llm_classification
topiramate,N,Nervous system,CNS/psychiatric agents incl. psychostimulants,predefined_dictionary
tramadol,N,Nervous system,"Anaesthetics, sedatives & perioperative analgesics",predefined_dictionary
Trazodone,N,Nervous system,,individual_llm_classification
Triazolam,N,Nervous system,,individual_llm_classification
Triclofos,N,Nervous system,,individual_llm_classification
Triclofos Sodium,N,Nervous system,,individual_llm_classification
Trihexyphenidyl,N,Nervous system,,individual_llm_classification
Trofinetide,N,Nervous system,,individual_llm_classification
valproate,N,Nervous system,CNS/psychiatric agents incl. psychostimulants,predefined_dictionary
valproic,N,Nervous system,CNS/psychiatric agents incl. psychostimulants,predefined_dictionary
Varenicline,N,Nervous system,,individual_llm_classification
venlafaxine,N,Nervous system,CNS/psychiatric agents incl. psychostimulants,predefined_dictionary
vigabatrin,N,Nervous system,CNS/psychiatric agents incl. psychostimulants,predefined_dictionary
vilazodone,N,Nervous system,CNS/psychiatric agents incl. psychostimulants,predefined_dictionary
Viloxazine,N,Nervous system,,individual_llm_classification
viltolarsen,N,Nervous system,CNS/psychiatric agents incl. psychostimulants,predefined_dictionary
xenon,N,Nervous system,"Anaesthetics, sedatives & perioperative analgesics",predefined_dictionary
ziprasidone,N,Nervous system,CNS/psychiatric agents incl. psychostimulants,predefined_dictionary
Zolmitriptan,N,Nervous system,,individual_llm_classification
zolpidem,N,Nervous system,CNS/psychiatric agents incl. psychostimulants,predefined_dictionary
zonisamide,N,Nervous system,CNS/psychiatric agents incl. psychostimulants,predefined_dictionary
Zuclopenthixol,N,Nervous system,,individual_llm_classification
albendazole,P,"Antiparasitic products, insecticides and repellents",Antiparasitics: antimalarials & anthelmintics,predefined_dictionary
amodiaquine,P,"Antiparasitic products, insecticides and repellents",Antiparasitics: antimalarials & anthelmintics,predefined_dictionary
Anthelmintic,P,"Antiparasitic products, insecticides and repellents",,individual_llm_classification
Anthelmintic (unspecified),P,"Antiparasitic products, insecticides and repellents",,individual_llm_classification
Antimalarial,P,"Antiparasitic products, insecticides and repellents",,individual_llm_classification
Antimalarial (unspecified),P,"Antiparasitic products, insecticides and repellents",,individual_llm_classification
Antiprotozoal (unspecified),P,"Antiparasitic products, insecticides and repellents",,individual_llm_classification
Arteether,P,"Antiparasitic products, insecticides and repellents",,individual_llm_classification
artemether,P,"Antiparasitic products, insecticides and repellents",Antiparasitics: antimalarials & anthelmintics,predefined_dictionary
artemisinin,P,"Antiparasitic products, insecticides and repellents",Antiparasitics: antimalarials & anthelmintics,predefined_dictionary
Artemotil,P,"Antiparasitic products, insecticides and repellents",,individual_llm_classification
Arterolane,P,"Antiparasitic products, insecticides and repellents",,individual_llm_classification
Arterolane Maleate,P,"Antiparasitic products, insecticides and repellents",,individual_llm_classification
artesunate,P,"Antiparasitic products, insecticides and repellents",Antiparasitics: antimalarials & anthelmintics,predefined_dictionary
Atovaquone,P,"Antiparasitic products, insecticides and repellents",,individual_llm_classification
Benznidazole,P,"Antiparasitic products, insecticides and repellents",,individual_llm_classification
Benzyl Benzoate,P,"Antiparasitic products, insecticides and repellents",,individual_llm_classification
chloroquine,P,"Antiparasitic products, insecticides and repellents",Antiparasitics: antimalarials & anthelmintics,predefined_dictionary
chlorproguanil,P,"Antiparasitic products, insecticides and repellents",Antiparasitics: antimalarials & anthelmintics,predefined_dictionary
Crotamiton,P,"Antiparasitic products, insecticides and repellents",,individual_llm_classification
Diethylcarbamazine,P,"Antiparasitic products, insecticides and repellents",,individual_llm_classification
dihydroartemisinin,P,"Antiparasitic products, insecticides and repellents",Antiparasitics: antimalarials & anthelmintics,predefined_dictionary
Dimeticone,P,"Antiparasitic products, insecticides and repellents",,individual_llm_classification
Fosmidomycin,P,"Antiparasitic products, insecticides and repellents",,individual_llm_classification
furazolidone,P,"Antiparasitic products, insecticides and repellents",Antiparasitics: antimalarials & anthelmintics,predefined_dictionary
Halofantrine,P,"Antiparasitic products, insecticides and repellents",,individual_llm_classification
ivermectin,P,"Antiparasitic products, insecticides and repellents",Antiparasitics: antimalarials & anthelmintics,predefined_dictionary
Krimimudgara Rasa (Ayurvedic Herbo-Mineral Formulation),P,"Antiparasitic products, insecticides and repellents",,individual_llm_classification
levamisole,P,"Antiparasitic products, insecticides and repellents",Antiparasitics: antimalarials & anthelmintics,predefined_dictionary
Lindane,P,"Antiparasitic products, insecticides and repellents",,individual_llm_classification
lumefantrine,P,"Antiparasitic products, insecticides and repellents",Antiparasitics: antimalarials & anthelmintics,predefined_dictionary
mebendazole,P,"Antiparasitic products, insecticides and repellents",Antiparasitics: antimalarials & anthelmintics,predefined_dictionary
mefloquine,P,"Antiparasitic products, insecticides and repellents",Antiparasitics: antimalarials & anthelmintics,predefined_dictionary
Meglumine Antimoniate,P,"Antiparasitic products, insecticides and repellents",,individual_llm_classification
metrifonate,P,"Antiparasitic products, insecticides and repellents",Antiparasitics: antimalarials & anthelmintics,predefined_dictionary
Miltefosine,P,"Antiparasitic products, insecticides and repellents",,individual_llm_classification
moxidectin,P,"Antiparasitic products, insecticides and repellents",Antiparasitics: antimalarials & anthelmintics,predefined_dictionary
Naphthoquine,P,"Antiparasitic products, insecticides and repellents",,individual_llm_classification
Niclosamide,P,"Antiparasitic products, insecticides and repellents",,individual_llm_classification
Niridazole,P,"Antiparasitic products, insecticides and repellents",,individual_llm_classification
nitazoxanide,P,"Antiparasitic products, insecticides and repellents",Antiparasitics: antimalarials & anthelmintics,predefined_dictionary
ornidazole,P,"Antiparasitic products, insecticides and repellents",Antiparasitics: antimalarials & anthelmintics,predefined_dictionary
Oxamniquine,P,"Antiparasitic products, insecticides and repellents",,individual_llm_classification
oxantel,P,"Antiparasitic products, insecticides and repellents",Antiparasitics: antimalarials & anthelmintics,predefined_dictionary
Permethrin,P,"Antiparasitic products, insecticides and repellents",,individual_llm_classification
piperaquine,P,"Antiparasitic products, insecticides and repellents",Antiparasitics: antimalarials & anthelmintics,predefined_dictionary
Piperazine,P,"Antiparasitic products, insecticides and repellents",,individual_llm_classification
Piperonyl Butoxide,P,"Antiparasitic products, insecticides and repellents",,individual_llm_classification
praziquantel,P,"Antiparasitic products, insecticides and repellents",Antiparasitics: antimalarials & anthelmintics,predefined_dictionary
primaquine,P,"Antiparasitic products, insecticides and repellents",Antiparasitics: antimalarials & anthelmintics,predefined_dictionary
proguanil,P,"Antiparasitic products, insecticides and repellents",Antiparasitics: antimalarials & anthelmintics,predefined_dictionary
Pyrantel,P,"Antiparasitic products, insecticides and repellents",,individual_llm_classification
Pyrantel Pamoate,P,"Antiparasitic products, insecticides and repellents",,individual_llm_classification
Pyrethrin,P,"Antiparasitic products, insecticides and repellents",,individual_llm_classification
pyrimethamine,P,"Antiparasitic products, insecticides and repellents",Antiparasitics: antimalarials & anthelmintics,predefined_dictionary
pyronaridine,P,"Antiparasitic products, insecticides and repellents",Antiparasitics: antimalarials & anthelmintics,predefined_dictionary
Pyrvinium Pamoate,P,"Antiparasitic products, insecticides and repellents",,individual_llm_classification
Quinfamide,P,"Antiparasitic products, insecticides and repellents",,individual_llm_classification
Quinimax,P,"Antiparasitic products, insecticides and repellents",,individual_llm_classification
quinine,P,"Antiparasitic products, insecticides and repellents",Antiparasitics: antimalarials & anthelmintics,predefined_dictionary
Secnidazole,P,"Antiparasitic products, insecticides and repellents",,individual_llm_classification
Sodium Stibogluconate,P,"Antiparasitic products, insecticides and repellents",,individual_llm_classification
sulfadoxine,P,"Antiparasitic products, insecticides and repellents",Antiparasitics: antimalarials & anthelmintics,predefined_dictionary
Suramin,P,"Antiparasitic products, insecticides and repellents",,individual_llm_classification
Tetrachloroethylene,P,"Antiparasitic products, insecticides and repellents",,individual_llm_classification
Thiabendazole,P,"Antiparasitic products, insecticides and repellents",,individual_llm_classification
tinidazole,P,"Antiparasitic products, insecticides and repellents",Antiparasitics: antimalarials & anthelmintics,predefined_dictionary
tribendimidine,P,"Antiparasitic products, insecticides and repellents",Antiparasitics: antimalarials & anthelmintics,predefined_dictionary
Triclabendazole,P,"Antiparasitic products, insecticides and repellents",,individual_llm_classification
acetylcysteine,R,Respiratory system,Respiratory drugs: bronchodilators & inhaled corticosteroids,predefined_dictionary
albuterol,R,Respiratory system,Respiratory drugs: bronchodilators & inhaled corticosteroids,predefined_dictionary
alimemazine,R,Respiratory system,Antihistamines & antiallergic agents,predefined_dictionary
allergen,R,Respiratory system,Antihistamines & antiallergic agents,predefined_dictionary
ambroxol,R,Respiratory system,Respiratory drugs: bronchodilators & inhaled corticosteroids,predefined_dictionary
aminophylline,R,Respiratory system,Respiratory drugs: bronchodilators & inhaled corticosteroids,predefined_dictionary
Antihistamine,R,Respiratory system,,individual_llm_classification
Antihistamine (unspecified),R,Respiratory system,,individual_llm_classification
astemizole,R,Respiratory system,Antihistamines & antiallergic agents,predefined_dictionary
azelastine,R,Respiratory system,Antihistamines & antiallergic agents,predefined_dictionary
bambuterol,R,Respiratory system,Respiratory drugs: bronchodilators & inhaled corticosteroids,predefined_dictionary
Beclometasone Dipropionate,R,Respiratory system,,individual_llm_classification
beclomethasone,R,Respiratory system,Respiratory drugs: bronchodilators & inhaled corticosteroids,predefined_dictionary
Benralizumab,R,Respiratory system,,individual_llm_classification
bepotastine,R,Respiratory system,Antihistamines & antiallergic agents,predefined_dictionary
beractant,R,Respiratory system,"Neonatal-specific pharmacotherapy (surfactant, caffeine for apnoea)",predefined_dictionary
Bilastine,R,Respiratory system,,individual_llm_classification
Bitolterol,R,Respiratory system,,individual_llm_classification
Biyuan Tongqiao Granules,R,Respiratory system,,individual_llm_classification
Bovactant,R,Respiratory system,,individual_llm_classification
Bromhexine,R,Respiratory system,,individual_llm_classification
brompheniramine,R,Respiratory system,Antihistamines & antiallergic agents,predefined_dictionary
Bronchodilator (unspecified),R,Respiratory system,,individual_llm_classification
budesonide,R,Respiratory system,Respiratory drugs: bronchodilators & inhaled corticosteroids,predefined_dictionary
calfactant,R,Respiratory system,"Neonatal-specific pharmacotherapy (surfactant, caffeine for apnoea)",predefined_dictionary
Carbocisteine,R,Respiratory system,,individual_llm_classification
Carbocysteine,R,Respiratory system,,individual_llm_classification
Carbuterol,R,Respiratory system,,individual_llm_classification
cetirizine,R,Respiratory system,Antihistamines & antiallergic agents,predefined_dictionary
chlorpheniramine,R,Respiratory system,Antihistamines & antiallergic agents,predefined_dictionary
ciclesonide,R,Respiratory system,Respiratory drugs: bronchodilators & inhaled corticosteroids,predefined_dictionary
Cineole-Limonene-Pinene Terpene Combination,R,Respiratory system,,individual_llm_classification
Clemastine,R,Respiratory system,,individual_llm_classification
Clenbuterol,R,Respiratory system,,individual_llm_classification
colfosceril,R,Respiratory system,"Neonatal-specific pharmacotherapy (surfactant, caffeine for apnoea)",predefined_dictionary
cromoglycate,R,Respiratory system,Respiratory drugs: bronchodilators & inhaled corticosteroids,predefined_dictionary
cromolyn,R,Respiratory system,Respiratory drugs: bronchodilators & inhaled corticosteroids,predefined_dictionary
Cyproheptadine,R,Respiratory system,,individual_llm_classification
Decongestant,R,Respiratory system,,individual_llm_classification
Decongestant (unspecified),R,Respiratory system,,individual_llm_classification
desloratadine,R,Respiratory system,Antihistamines & antiallergic agents,predefined_dictionary
dextromethorphan,R,Respiratory system,Respiratory drugs: bronchodilators & inhaled corticosteroids,predefined_dictionary
Dimetindene,R,Respiratory system,,individual_llm_classification
diphenhydramine,R,Respiratory system,Antihistamines & antiallergic agents,predefined_dictionary
Domiodol,R,Respiratory system,,individual_llm_classification
dornase alfa,R,Respiratory system,Respiratory drugs: bronchodilators & inhaled corticosteroids,predefined_dictionary
doxapram,R,Respiratory system,Respiratory drugs: bronchodilators & inhaled corticosteroids,predefined_dictionary
dupilumab,R,Respiratory system,Antihistamines & antiallergic agents,predefined_dictionary
Dyphylline,R,Respiratory system,,individual_llm_classification
Ebastine,R,Respiratory system,,individual_llm_classification
Echinacea,R,Respiratory system,,individual_llm_classification
Echinacea Purpurea Extract,R,Respiratory system,,individual_llm_classification
Elderberry Extract,R,Respiratory system,,individual_llm_classification
Elexacaftor,R,Respiratory system,,individual_llm_classification
Erdosteine,R,Respiratory system,,individual_llm_classification
fenoterol,R,Respiratory system,Respiratory drugs: bronchodilators & inhaled corticosteroids,predefined_dictionary
fexofenadine,R,Respiratory system,Antihistamines & antiallergic agents,predefined_dictionary
Flos Magnoliae Oil,R,Respiratory system,,individual_llm_classification
flunisolide,R,Respiratory system,Respiratory drugs: bronchodilators & inhaled corticosteroids,predefined_dictionary
fluticasone,R,Respiratory system,Respiratory drugs: bronchodilators & inhaled corticosteroids,predefined_dictionary
formoterol,R,Respiratory system,Respiratory drugs: bronchodilators & inhaled corticosteroids,predefined_dictionary
guaifenesin,R,Respiratory system,Respiratory drugs: bronchodilators & inhaled corticosteroids,predefined_dictionary
Iota-Carrageenan,R,Respiratory system,,individual_llm_classification
ipratropium,R,Respiratory system,Respiratory drugs: bronchodilators & inhaled corticosteroids,predefined_dictionary
Isoetharine,R,Respiratory system,,individual_llm_classification
Isoprenaline,R,Respiratory system,,individual_llm_classification
isoproterenol,R,Respiratory system,Respiratory drugs: bronchodilators & inhaled corticosteroids,predefined_dictionary
Ivacaftor,R,Respiratory system,,individual_llm_classification
Ivy Leaf Extract (Hedera Helix),R,Respiratory system,,individual_llm_classification
Kantakari (Solanum xanthocarpum) Extract,R,Respiratory system,,individual_llm_classification
ketotifen,R,Respiratory system,Antihistamines & antiallergic agents,predefined_dictionary
Leukotriene Receptor Antagonist (unspecified),R,Respiratory system,,individual_llm_classification
levocabastine,R,Respiratory system,Antihistamines & antiallergic agents,predefined_dictionary
Levodropropizine,R,Respiratory system,,individual_llm_classification
Ligelizumab,R,Respiratory system,,individual_llm_classification
loratadine,R,Respiratory system,Antihistamines & antiallergic agents,predefined_dictionary
lucinactant,R,Respiratory system,"Neonatal-specific pharmacotherapy (surfactant, caffeine for apnoea)",predefined_dictionary
Meclizine,R,Respiratory system,,individual_llm_classification
Menthol,R,Respiratory system,,individual_llm_classification
Mepolizumab,R,Respiratory system,,individual_llm_classification
Mepyramine,R,Respiratory system,,individual_llm_classification
metaproterenol,R,Respiratory system,Respiratory drugs: bronchodilators & inhaled corticosteroids,predefined_dictionary
Methacholine,R,Respiratory system,,individual_llm_classification
mometasone,R,Respiratory system,Respiratory drugs: bronchodilators & inhaled corticosteroids,predefined_dictionary
montelukast,R,Respiratory system,Respiratory drugs: bronchodilators & inhaled corticosteroids,predefined_dictionary
n-acetylcysteine,R,Respiratory system,Respiratory drugs: bronchodilators & inhaled corticosteroids,predefined_dictionary
nedocromil,R,Respiratory system,Antihistamines & antiallergic agents,predefined_dictionary
Nitric Oxide,R,Respiratory system,,individual_llm_classification
olopatadine,R,Respiratory system,Antihistamines & antiallergic agents,predefined_dictionary
omalizumab,R,Respiratory system,Antihistamines & antiallergic agents,predefined_dictionary
Oxatomide,R,Respiratory system,,individual_llm_classification
oxitropium,R,Respiratory system,Respiratory drugs: bronchodilators & inhaled corticosteroids,predefined_dictionary
Oxygen,R,Respiratory system,,individual_llm_classification
Oxymetazoline,R,Respiratory system,,individual_llm_classification
Pelargonium Sidoides Extract,R,Respiratory system,,individual_llm_classification
Pelargonium sidoides extract (EPs 7630),R,Respiratory system,,individual_llm_classification
Phenylpropanolamine,R,Respiratory system,,individual_llm_classification
Pholcodine,R,Respiratory system,,individual_llm_classification
Pirfenidone,R,Respiratory system,,individual_llm_classification
poractant,R,Respiratory system,"Neonatal-specific pharmacotherapy (surfactant, caffeine for apnoea)",predefined_dictionary
pranlukast,R,Respiratory system,Respiratory drugs: bronchodilators & inhaled corticosteroids,predefined_dictionary
procaterol,R,Respiratory system,Respiratory drugs: bronchodilators & inhaled corticosteroids,predefined_dictionary
Promethazine,R,Respiratory system,,individual_llm_classification
Qufeng Zhidong Recipe (Traditional Chinese Herbal Formula),R,Respiratory system,,individual_llm_classification
Quifenadine,R,Respiratory system,,individual_llm_classification
Reduning Injection (herbal preparation),R,Respiratory system,,individual_llm_classification
Reproterol,R,Respiratory system,,individual_llm_classification
Reslizumab,R,Respiratory system,,individual_llm_classification
Rupatadine,R,Respiratory system,,individual_llm_classification
salbutamol,R,Respiratory system,Respiratory drugs: bronchodilators & inhaled corticosteroids,predefined_dictionary
Salmefamol,R,Respiratory system,,individual_llm_classification
salmeterol,R,Respiratory system,Respiratory drugs: bronchodilators & inhaled corticosteroids,predefined_dictionary
Sambucus Nigra,R,Respiratory system,,individual_llm_classification
Short-acting Beta2-agonist (unspecified),R,Respiratory system,,individual_llm_classification
Sivelestat,R,Respiratory system,,individual_llm_classification
Suplatast Tosilate,R,Respiratory system,,individual_llm_classification
surfactant,R,Respiratory system,"Neonatal-specific pharmacotherapy (surfactant, caffeine for apnoea)",predefined_dictionary
Tanreqing Injection,R,Respiratory system,,individual_llm_classification
terbutaline,R,Respiratory system,Respiratory drugs: bronchodilators & inhaled corticosteroids,predefined_dictionary
terfenadine,R,Respiratory system,Antihistamines & antiallergic agents,predefined_dictionary
Tezacaftor,R,Respiratory system,,individual_llm_classification
theophylline,R,Respiratory system,Respiratory drugs: bronchodilators & inhaled corticosteroids,predefined_dictionary
Thymus Vulgaris,R,Respiratory system,,individual_llm_classification
tiotropium,R,Respiratory system,Respiratory drugs: bronchodilators & inhaled corticosteroids,predefined_dictionary
Tipepidine,R,Respiratory system,,individual_llm_classification
Tranilast,R,Respiratory system,,individual_llm_classification
trimeprazine,R,Respiratory system,Antihistamines & antiallergic agents,predefined_dictionary
Triprolidine,R,Respiratory system,,individual_llm_classification
tulobuterol,R,Respiratory system,Respiratory drugs: bronchodilators & inhaled corticosteroids,predefined_dictionary
vilanterol,R,Respiratory system,Respiratory drugs: bronchodilators & inhaled corticosteroids,predefined_dictionary
Xiaoerchiqiaoqingre Granule,R,Respiratory system,,individual_llm_classification
Xylometazoline,R,Respiratory system,,individual_llm_classification
Zafirlukast,R,Respiratory system,,individual_llm_classification
Zedoary Turmeric Oil,R,Respiratory system,,individual_llm_classification
Aflibercept,S,Sensory organs,,individual_llm_classification
Antipyrine,S,Sensory organs,,individual_llm_classification
Aqueous Suppressant (unspecified topical glaucoma medication),S,Sensory organs,,individual_llm_classification
Auriclosene,S,Sensory organs,,individual_llm_classification
Auriclosene (NVC-422),S,Sensory organs,,individual_llm_classification
Besifloxacin,S,Sensory organs,,individual_llm_classification
Betaxolol,S,Sensory organs,,individual_llm_classification
Bimatoprost,S,Sensory organs,,individual_llm_classification
Brinzolamide,S,Sensory organs,,individual_llm_classification
Brolucizumab,S,Sensory organs,,individual_llm_classification
Bromfenac,S,Sensory organs,,individual_llm_classification
Carboxymethylcellulose,S,Sensory organs,,individual_llm_classification
Carteolol,S,Sensory organs,,individual_llm_classification
Conbercept,S,Sensory organs,,individual_llm_classification
cyclopentolate,S,Sensory organs,Ophthalmological agents,predefined_dictionary
Difluprednate,S,Sensory organs,,individual_llm_classification
Dorzolamide,S,Sensory organs,,individual_llm_classification
Emedastine,S,Sensory organs,,individual_llm_classification
fluorometholone,S,Sensory organs,Ophthalmological agents,predefined_dictionary
Hyaluronic Acid,S,Sensory organs,,individual_llm_classification
Latanoprost,S,Sensory organs,,individual_llm_classification
Levobetaxolol,S,Sensory organs,,individual_llm_classification
Lodoxamide,S,Sensory organs,,individual_llm_classification
Loteprednol,S,Sensory organs,,individual_llm_classification
Loteprednol Etabonate,S,Sensory organs,,individual_llm_classification
Mydriatics,S,Sensory organs,,individual_llm_classification
Nerve Growth Factor,S,Sensory organs,,individual_llm_classification
Ocriplasmin,S,Sensory organs,,individual_llm_classification
Pegaptanib,S,Sensory organs,,individual_llm_classification
Phenazone,S,Sensory organs,,individual_llm_classification
Pranoprofen,S,Sensory organs,,individual_llm_classification
proparacaine,S,Sensory organs,Ophthalmological agents,predefined_dictionary
ranibizumab,S,Sensory organs,Ophthalmological agents,predefined_dictionary
Rimexolone,S,Sensory organs,,individual_llm_classification
Sodium Hyaluronate,S,Sensory organs,,individual_llm_classification
Squalamine,S,Sensory organs,,individual_llm_classification
Sulfacetamide,S,Sensory organs,,individual_llm_classification
Travoprost,S,Sensory organs,,individual_llm_classification
Triethanolamine Polypeptide Oleate-Condensate,S,Sensory organs,,individual_llm_classification
tropicamide,S,Sensory organs,Ophthalmological agents,predefined_dictionary
ACP (unspecified compound),V,Various,,individual_llm_classification
Amifostine,V,Various,,individual_llm_classification
Beta-Glucuronidase,V,Various,,individual_llm_classification
Bromodeoxyuridine,V,Various,,individual_llm_classification
Carbon Dioxide,V,Various,,individual_llm_classification
CD4,V,Various,,individual_llm_classification
Cholecystokinin,V,Various,,individual_llm_classification
Combuxil (unidentified proprietary drug product),V,Various,,individual_llm_classification
Deferoxamine,V,Various,,individual_llm_classification
Dermatophagoides Farinae Extract,V,Various,,individual_llm_classification
Diatrizoate,V,Various,,individual_llm_classification
Edetate (EDTA),V,Various,,individual_llm_classification
Edetate Disodium,V,Various,,individual_llm_classification
Ethanol,V,Various,,individual_llm_classification
Flumazenil,V,Various,,individual_llm_classification
Folinic Acid,V,Various,,individual_llm_classification
Gastrin-Releasing Peptide,V,Various,,individual_llm_classification
House Dust Mite Allergoid Extract,V,Various,,individual_llm_classification
Hyaluronidase,V,Various,,individual_llm_classification
Hydroxocobalamin,V,Various,,individual_llm_classification
Iodixanol,V,Various,,individual_llm_classification
Iohexol,V,Various,,individual_llm_classification
Iopamidol,V,Various,,individual_llm_classification
Iopentol,V,Various,,individual_llm_classification
Laevadosin,V,Various,,individual_llm_classification
Leucovorin,V,Various,,individual_llm_classification
Methylene Blue,V,Various,,individual_llm_classification
Metrizamide,V,Various,,individual_llm_classification
Mipragoside,V,Various,,individual_llm_classification
Nalorphine,V,Various,,individual_llm_classification
NE-1530,V,Various,,individual_llm_classification
Penicillamine,V,Various,,individual_llm_classification
Protamine,V,Various,,individual_llm_classification
Rye Grass Pollen Extract,V,Various,,individual_llm_classification
Sevelamer,V,Various,,individual_llm_classification
Sincalide,V,Various,,individual_llm_classification
Sincalide (Cholecystokinin-octapeptide),V,Various,,individual_llm_classification
Sodium Nitrite,V,Various,,individual_llm_classification
Sodium Thiosulfate,V,Various,,individual_llm_classification
Succimer,V,Various,,individual_llm_classification
Succimer (DMSA),V,Various,,individual_llm_classification
Traditional Chinese Medicine (unspecified formula),V,Various,,individual_llm_classification
Tuberculin Purified Protein Derivative (PPD),V,Various,,individual_llm_classification
Tyramine,V,Various,,individual_llm_classification