Disease_clean,gbd_l2_cause,confidence,note
Asthma,Chronic respiratory diseases,high,
pain,Not applicable,high,"titles confirm generic post-procedural/venepuncture pain, no specific disease named"
Attention Deficit Hyperactivity Disorder (ADHD),Mental disorders,high,
Malaria,Neglected tropical diseases and malaria,high,
sedation,Not applicable,high,"titles confirm procedural/premedication sedation context, not a disease"
leukemia,Neoplasms,high,
Otitis Media,Sense organ diseases,high,
Diabetes,Diabetes and kidney diseases,high,
NI,Not applicable,high,placeholder value; titles are generic anesthesia/perioperative studies with no disease named
Autism,Mental disorders,high,
seizures,Neurological disorders,high,
Respiratory distress syndrome,Maternal and neonatal disorders,high,
vomiting,Not applicable,high,"titles confirm postoperative/chemotherapy-associated vomiting as a symptom/side effect, not a specific disease"
Emergence agitation,Not applicable,high,"titles confirm this is a post-anesthesia emergence phenomenon after sevoflurane/propofol, not a distinct GBD disease"
rhinitis,Chronic respiratory diseases,low,"titles confirm seasonal allergic rhinitis (pollen-related); no dedicated GBD allergy bucket exists, kept as chronic respiratory per rubric convention over Other NCD"
anesthesia,Not applicable,high,"titles confirm generic anesthesia induction/technique studies, no disease named"
Bronchiolitis,Respiratory infections and tuberculosis,high,
HIV,HIV/AIDS and sexually transmitted infections,high,
Atopic dermatitis,Skin and subcutaneous diseases,high,
anxiety,Not applicable,high,"titles show procedural/preoperative anxiety before dental and surgical procedures (premedication/sedation context), not a diagnosed anxiety disorder"
bacterial meningitis,Other infectious diseases,high,
pneumonia,Respiratory infections and tuberculosis,high,
anemia,Other non-communicable diseases,low,"titles reveal 3 distinct populations sharing this term: cancer/chemo-induced anemia and sickle cell anemia both map to Other NCD (non-malignant hematologic), but anemia of prematurity would need Maternal and neonatal disorders"
Congenital heart defects,Other non-communicable diseases,high,
Cystic fibrosis,Other non-communicable diseases,high,
respiratory tract infection,Respiratory infections and tuberculosis,high,
Patent ductus arteriosus,Maternal and neonatal disorders,high,
Cancer,Neoplasms,high,
Tonsillectomy,Not applicable,high,"titles confirm post-tonsillectomy pain/morbidity procedural studies, no distinct disease named"
sepsis,Maternal and neonatal disorders,high,"all three example titles are explicitly neonatal sepsis trials, confirming neonatal framing"
Bronchopulmonary dysplasia,Chronic respiratory diseases,high,titles confirm classic BPD-prevention trials in preterm infants; rubric explicitly assigns BPD to chronic respiratory regardless of neonatal onset
diarrhea,Enteric infections,high,
Fever,Not applicable,high,titles confirm generic antipyretic-management trials for fever as a symptom
Depression,Mental disorders,high,
Hypertension,Cardiovascular diseases,low,"titles reveal 3 distinct conditions sharing this term: pulmonary arterial hypertension in cardiac surgery (Cardiovascular), persistent pulmonary hypertension of the newborn (arguably Maternal and neonatal disorders), and ocular hypertension (Sense organ diseases, unrelated to cardiac HTN)"
enuresis,Diabetes and kidney diseases,high,
Caries,Other non-communicable diseases,high,
wheezing,Chronic respiratory diseases,low,titles show recurrent/viral-triggered wheeze in preschool children overlapping with asthma spectrum; could alternatively be Respiratory infections if framed as a single acute viral illness
Cerebral palsy,Neurological disorders,high,
"Growth Hormone 
Deficient",Other non-communicable diseases,high,
tonsillopharyngitis,Respiratory infections and tuberculosis,high,
migraine,Neurological disorders,high,
hernia,Digestive diseases,high,
Gastroesophageal reflux,Digestive diseases,high,
Duchenne muscular dystrophy,Neurological disorders,low,"titles confirm classic DMD genetic-therapy and cardiomyopathy-prevention trials; GBD's neuromuscular/motor-disease framework groups muscular dystrophies under neurological disorders rather than musculoskeletal, though this remains a judgment call"
Myopia,Sense organ diseases,high,
Obesity,Other non-communicable diseases,low,"titles confirm primary obesity-treatment trials; GBD treats obesity as a risk factor not a disease cause, no better GBD home available"
strabismus,Sense organ diseases,high,
Short stature,Other non-communicable diseases,low,"titles confirm growth-hormone-treated non-GHD short stature; no clean GBD home, defaults to Other NCD per rubric guidance for homeless endocrine/growth conditions"
Apnea,Maternal and neonatal disorders,high,
Chronic lung disease,Chronic respiratory diseases,high,titles confirm classic chronic-lung-disease-of-prematurity/BPD follow-up trials; rubric explicitly assigns this to chronic respiratory regardless of neonatal onset
Analgesia,Not applicable,high,"titles confirm postoperative analgesia technique studies, procedural context"
Urinary tract infections,Other infectious diseases,low,titles confirm typical uncomplicated pediatric UTI antibiotic trials; classification between Other infectious diseases and Diabetes and kidney diseases (which rubric limits to non-infectious urologic conditions) remains a rubric-structural judgment call
gastroenteritis,Enteric infections,high,
Bipolar Disorder,Mental disorders,high,
appendicitis,Digestive diseases,high,
Nephrotic syndrome,Diabetes and kidney diseases,high,
No specific disease,Not applicable,high,placeholder label confirmed by generic anesthesia/sedation titles
tonsillitis,Respiratory infections and tuberculosis,high,
Chronic Hepatitis B,Digestive diseases,high,
elective surgery,Not applicable,high,"titles confirm generic premedication/anesthesia studies for elective surgery, no disease named"
Febrile neutropenia,Other infectious diseases,high,"titles show febrile neutropenia trials are fundamentally about treating/preventing infection with antibiotics in neutropenic cancer patients, not a primary hematologic disease; corrected from Other NCD"
Retinopathy of prematurity,Maternal and neonatal disorders,high,
Cardiac disease,Other non-communicable diseases,low,"titles are purely procedural (cardiac catheterization/surgery anesthesia) without naming a specific cardiac disease; pediatric cardiac surgery/catheterization populations are overwhelmingly congenital heart disease, which per rubric belongs to Other NCD rather than Cardiovascular"
Juvenile idiopathic arthritis,Musculoskeletal disorders,high,
Helicobacter pylori infection,Digestive diseases,low,"titles confirm H. pylori eradication therapy trials; kept under Digestive diseases per rubric's peptic ulcer/gastritis inclusion, though Other infectious diseases remains a defensible alternative"
hemangioma,Skin and subcutaneous diseases,high,
colitis,Maternal and neonatal disorders,high,"all three example titles are necrotizing enterocolitis trials in preterm/premature neonates, confirming neonatal/prematurity framing per rubric"
Hyperactivity,Mental disorders,high,
Respiratory syncytial virus (RSV),Respiratory infections and tuberculosis,high,
Idiopathic short stature,Other non-communicable diseases,low,"titles confirm classic idiopathic short stature growth-hormone-therapy trials; no dedicated GBD bucket, defaults to Other NCD per rubric guidance"
puberty,Other non-communicable diseases,low,titles confirm precocious/early puberty endocrine-disorder framing (GnRH agonist treatment); no dedicated GBD bucket
purpura,Other non-communicable diseases,high,
Turner Syndrome,Other non-communicable diseases,high,
Kawasaki disease,Cardiovascular diseases,low,"titles show standard IVIG/immunomodulatory treatment for acute Kawasaki disease without specifying coronary involvement; kept as Cardiovascular per convention of classifying KD there due to coronary-sequelae risk, though Other NCD remains a plausible alternative"
Tourette syndrome,Mental disorders,low,"titles show a mix of neurologic (levetiracetam) and psychiatric/behavioral (NAC, guanfacine) drug trials for tic symptoms; genuinely borderline between Mental disorders and Neurological disorders, kept as originally classified"
Spasms,Neurological disorders,high,
neuroblastoma,Neoplasms,high,
cough,Not applicable,low,"titles reveal heterogeneous causes across trials sharing this term (GERD-related cough, chronic cough/wheeze suggestive of asthma, generic non-productive cough) with no single dominant disease"
Crohn disease,Digestive diseases,high,
Tinea capitis,Skin and subcutaneous diseases,high,
Hypospadias,Other non-communicable diseases,high,
Croup,Respiratory infections and tuberculosis,high,
Asphyxia,Maternal and neonatal disorders,high,
Trachoma,Neglected tropical diseases and malaria,high,
Injury,Unintentional injuries,high,"titles show burn injury, chemical/corrosive esophageal injury, and iatrogenic surgical ischemia-reperfusion injury — all map to Unintentional injuries despite differing mechanisms"
Feed intolerance,Maternal and neonatal disorders,high,
Severe burns,Unintentional injuries,high,
Conjunctivitis,Sense organ diseases,high,
Hyperbilirubinemia,Maternal and neonatal disorders,high,
head injury,Unintentional injuries,high,
Respiratory disease,Not applicable,low,"titles show purely procedural/critical-care contexts (ECMO cannulation, bronchoscopy anesthesia, neonatal intubation) without naming a specific respiratory disease; term too generic to assign a specific GBD respiratory cause"
Burns,Unintentional injuries,high,
Juvenile rheumatoid arthritis,Musculoskeletal disorders,high,
Obsessive compulsive disorder,Mental disorders,high,
Typhoid Fever,Enteric infections,high,
Turner syndrome,Other non-communicable diseases,high,
sinusitis,Respiratory infections and tuberculosis,high,
Amblyopia,Sense organ diseases,high,
Chronic kidney disease,Diabetes and kidney diseases,high,
Hypotension,Not applicable,low,"titles reveal heterogeneous/mismatched use: one title is actually about hypertension (unrelated), one is genuine neonatal hypotension of prematurity, and one is anesthesia-induced intraoperative hypotension (procedural); genuinely mixed across different conditions"
Stress disorder,Digestive diseases,high,"titles show this term is used for GI 'stress ulcer' prophylaxis studies in critically ill/postoperative children, not psychiatric stress/PTSD; reclassified from Mental disorders"
Prader-Willi syndrome,Other non-communicable diseases,high,
Cleft Lip,Other non-communicable diseases,high,
Molluscum contagiosum,Skin and subcutaneous diseases,high,
Functional constipation,Digestive diseases,high,
Inflammation,Not applicable,high,"titles confirm postoperative/surgical inflammatory response management, not a distinct disease"
Infection,Other infectious diseases,low,titles reveal this generic term spans a lymphatic filariasis trial (Neglected tropical diseases and malaria) and generic antibiotic PK studies with unspecified infection (Other infectious diseases as residual)
Schizophrenia,Mental disorders,high,
Preterm birth,Maternal and neonatal disorders,high,
Familial hypercholesterolaemia,Other non-communicable diseases,low,titles confirm statin treatment for genetic familial hypercholesterolemia; lipid disorder has no dedicated GBD bucket
Vesicoureteric reflux,Diabetes and kidney diseases,high,
Vernal Keratoconjunctivitis,Sense organ diseases,high,
Intraventricular hemorrhage,Maternal and neonatal disorders,high,
Hypoxic ischaemic encephalopathy,Maternal and neonatal disorders,high,
Influenza,Respiratory infections and tuberculosis,low,"titles show mostly routine/community influenza framing (baloxavir, rimantadine prophylaxis) with one severe/immunocompromised-host title; kept as routine framing per majority, though rubric's severe/hospitalized carve-out could apply to the outlier trial"
Cataract,Sense organ diseases,high,
Schistosomiasis,Neglected tropical diseases and malaria,high,
Cryptorchidism,Other non-communicable diseases,high,titles confirm hormonal treatment of congenital undescended testis (cryptorchidism); congenital anomaly per rubric maps to Other NCD
Eczema,Skin and subcutaneous diseases,high,
Idiopathic scoliosis,Musculoskeletal disorders,high,
Tetralogy of fallot,Other non-communicable diseases,high,
Sickle cell disease,Other non-communicable diseases,high,
convulsions,Neurological disorders,high,"all titles confirm febrile convulsions treatment/prophylaxis trials, a seizure/neurological event"
Skin infections,Skin and subcutaneous diseases,high,
pyelonephritis,Other infectious diseases,low,titles confirm classic acute pyelonephritis antibiotic trials; category ambiguity between Other infectious diseases and Diabetes and kidney diseases remains a rubric-structural judgment call
Trauma,Unintentional injuries,low,"titles are messy/largely mismatched (generic sedation, unrelated dental pulp study) but one title explicitly confirms head trauma; kept as Unintentional injuries given explicit injury title, intent unspecified"
Cleft palate,Other non-communicable diseases,high,
Osteogenesis imperfecta,Musculoskeletal disorders,high,
Giardiasis,Enteric infections,high,
infection,Maternal and neonatal disorders,high,titles confirm neonatal/nosocomial infection framing in low-birth-weight infants
Adenoid hypertrophy,Other non-communicable diseases,low,titles confirm adenoid hypertrophy treatment trials (nasal steroids/montelukast); structural ENT lymphoid-tissue condition with no dedicated GBD bucket
Impetigo,Skin and subcutaneous diseases,high,
Jaundice,Maternal and neonatal disorders,high,
Laceration,Unintentional injuries,high,"titles confirm treatment of lacerations (wounds) themselves via suturing procedures — the laceration is an injury, not merely an anesthesia procedure"
Trichuris trichiura infection,Neglected tropical diseases and malaria,high,
Heterozygous familial hypercholesterolemia,Other non-communicable diseases,low,titles confirm statin/PCSK9-inhibitor treatment for genetic familial hypercholesterolemia; no dedicated GBD bucket
encephalitis,Other infectious diseases,high,
Adenotonsillectomy,Not applicable,high,procedure name; titles confirm perioperative/procedural framing
Adolescent idiopathic scoliosis,Musculoskeletal disorders,high,
adenoidectomy,Not applicable,high,procedure name; titles confirm generic anesthesia technique comparisons
Chronic renal failure,Diabetes and kidney diseases,high,
Transient tachypnea,Maternal and neonatal disorders,high,
Conduct disorder,Mental disorders,high,
,Not applicable,high,blank/missing Disease_clean value; titles are generic anesthesia pharmacokinetic studies with no disease named
Plaque psoriasis,Skin and subcutaneous diseases,high,
Neuromuscular blockade,Not applicable,high,"titles confirm pharmacologic reversal-agent studies, procedural context"
Dental extraction,Not applicable,high,"titles confirm sedation/premedication for dental extraction, procedure not disease"
Hookworm infection,Neglected tropical diseases and malaria,high,
Surgery,Not applicable,high,"titles confirm generic premedication/sedation studies, no disease named"
Cardiac Surgery,Not applicable,high,"titles confirm generic perioperative/hemodynamic management during cardiac surgery, no specific cardiac disease named"
Constitutional delay of growth,Other non-communicable diseases,low,titles confirm androgen/testosterone treatment for constitutional delay of growth and puberty; endocrine growth disorder with no dedicated GBD bucket
Tuberculosis,Respiratory infections and tuberculosis,high,
Neonatal abstinence syndrome,Maternal and neonatal disorders,high,
Lacerations,Unintentional injuries,high,"titles confirm treatment of lacerations (wounds) via suturing/topical anesthesia, an injury type"
Disruptive behavior disorders,Mental disorders,high,
emesis,Not applicable,high,"titles confirm postoperative emesis as a procedural symptom, not a disease"
Hodgkin's disease,Neoplasms,high,
Shigellosis,Enteric infections,high,
Obstructive sleep apnea,Chronic respiratory diseases,high,"titles confirm classic chronic obstructive sleep apnea management trials (fluticasone, montelukast)"
Behavior management,Not applicable,low,"titles reveal heterogeneous contexts sharing this term: dental behavior management (procedural), preterm thyroxine effect on behavior, and delinquent boys treated with a stimulant-type medication (suggestive of conduct/ADHD disorder) -- genuinely mixed"
Ascariasis,Neglected tropical diseases and malaria,high,
Exercise-induced bronchoconstriction,Chronic respiratory diseases,high,
infantsile colic,Digestive diseases,low,"titles confirm infant colic symptom-management trials (probiotics, mentha piperita); functional GI disorder framing, though 'benign self-limited symptom' (Not applicable) remains a defensible alternative"
Hyperglycemia,Maternal and neonatal disorders,low,"titles show stress/critical-illness hyperglycemia predominantly in preterm/VLBW infants rather than primary diabetes mellitus; reclassified from Diabetes and kidney diseases, though one title (general PICU) is less clearly neonatal"
kidney injury,Diabetes and kidney diseases,high,
Dental procedures,Not applicable,high,"titles confirm sedation for dental procedures, procedural context"
Frequently relapsing nephrotic syndrome,Diabetes and kidney diseases,high,
Minimal brain dysfunction,Mental disorders,high,"titles confirm stimulant-drug trials (methylphenidate, dextroamphetamine, pemoline) for this archaic ADHD-equivalent term"
Anorexia nervosa,Mental disorders,high,
Polycystic ovary syndrome,Other non-communicable diseases,low,titles confirm metformin/OCP treatment for PCOS; reproductive-endocrine disorder with no dedicated GBD bucket
Chronic constipation,Digestive diseases,high,
Prader-Willi Syndrome,Other non-communicable diseases,high,
Phimosis,Diabetes and kidney diseases,low,"titles confirm topical steroid treatment of phimosis, a benign non-infectious urologic/genital condition; reclassified to align with rubric's inclusion of benign urologic conditions under Diabetes and kidney diseases, though this remains a judgment call"
Acne vulgaris,Skin and subcutaneous diseases,high,
Craniosynostosis,Other non-communicable diseases,high,
withdrawal movement,Not applicable,high,"titles confirm rocuronium-injection withdrawal reflex movement, a procedural phenomenon not opioid/drug withdrawal syndrome"
Liver transplantation,Not applicable,low,"titles confirm transplant-recipient management trials (immunosuppression, CMV prophylaxis); underlying liver disease unspecified, kept as procedural per rubric"
Medulloblastoma,Neoplasms,high,
Intestinal helminth infections,Neglected tropical diseases and malaria,high,
Rhabdomyosarcoma,Neoplasms,high,
Meconium Aspiration Syndrome,Maternal and neonatal disorders,high,
Infraumbilical surgeries,Not applicable,high,"titles confirm generic anesthetic technique studies for infraumbilical surgery location, no specific disease named"
X-linked hypophosphatemia,Other non-communicable diseases,low,titles confirm burosumab treatment for this genetic metabolic bone disorder; no dedicated GBD bucket
Common cold,Respiratory infections and tuberculosis,high,
premedication,Not applicable,high,"titles confirm generic anesthesia premedication studies, procedural context"
Cholera,Enteric infections,high,two of three titles explicitly confirm Cholera treatment trials in children; the first title (cholestasis) appears to be a mismatched/unrelated entry
Eosinophilic esophagitis,Digestive diseases,high,
Tracheal intubation,Not applicable,high,"titles confirm procedural intubation-technique studies, no disease named"
Critical illness,Not applicable,high,titles confirm generic ICU/critical-care context studies with no named diagnosis
Down syndrome,Other non-communicable diseases,high,
Chronic functional constipation,Digestive diseases,high,
Cyanotic heart disease,Other non-communicable diseases,high,
Juvenile chronic arthritis,Musculoskeletal disorders,high,
Chronic hepatitis C,Digestive diseases,high,
Blood loss,Not applicable,high,"titles confirm tranexamic acid trials for surgical/perioperative blood loss, an outcome measure not a disease"
Dravet syndrome,Neurological disorders,high,
smoking,Substance use disorders,high,
sleep disorders,Mental disorders,high,"titles confirm melatonin trials for sleep problems in children with neurodevelopmental disorders, a psychiatric/behavioral framing per rubric"
Bloodstream Infection,Other infectious diseases,high,
oculocardiac reflex (OCR),Not applicable,high,"titles confirm reflex bradycardia during pediatric strabismus surgery, a procedural phenomenon not a disease"
Immune thrombocytopenia (ITP),Other non-communicable diseases,high,
Severe acute malnutrition,Nutritional deficiencies,high,
Head lice infestation,Skin and subcutaneous diseases,high,"titles confirm ectoparasitic head-lice treatment trials (ivermectin, malathion)"
Non-alcoholic fatty liver disease,Digestive diseases,high,
ear effusion,Sense organ diseases,high,
Gastritis,Digestive diseases,high,
Systemic Lupus Erythematosus,Musculoskeletal disorders,high,
Dental treatment,Not applicable,high,"titles confirm sedation for dental treatment, procedural context"
Pervasive Developmental Disorders,Mental disorders,high,
kidney transplantation,Not applicable,low,"titles confirm transplant-recipient management trials (immunosuppression, growth after transplant); underlying kidney disease heterogeneous/unspecified, kept as procedural per rubric"
laryngeal mask airway,Not applicable,high,"titles confirm procedural airway-device insertion studies, no disease named"
Hearing loss,Sense organ diseases,high,
Epistaxis,Other non-communicable diseases,low,titles confirm recurrent epistaxis/nosebleed management trials; no dedicated GBD bucket for epistaxis
Bleeding,Not applicable,high,"titles confirm generic perioperative/procedural bleeding management (tranexamic acid, hemodynamics), not a named disease"
Heart failure,Other non-communicable diseases,low,"titles reveal heart failure due to congenital VSD (per rubric, congenital heart defects map to Other NCD) versus general pediatric heart failure/transplant-listing (which could be cardiomyopathy, mapping to Cardiovascular); kept Other NCD as majority signal given explicit congenital-defect title"
Fragile X syndrome,Other non-communicable diseases,high,titles confirm neurobehavioral-symptom trials in this genetic/chromosomal syndrome; consistent with rubric's explicit inclusion of chromosomal anomalies (e.g. Down syndrome) under Other NCD rather than Mental disorders
Varicella,Other infectious diseases,high,
End-stage renal disease,Diabetes and kidney diseases,high,
Neuromuscular block,Not applicable,high,"titles confirm pharmacologic neuromuscular blockade studies, procedural context"
ASA,Not applicable,high,"likely refers to ASA physical status classification (anesthesia risk category), not a disease; titles are unrelated generic anesthesia studies"
mortality,Not applicable,high,"titles concern reduction of overall childhood mortality via mass drug administration (azithromycin MDA), an outcome across many causes, not a single GBD disease"
Scoliosis,Musculoskeletal disorders,high,
Abscess,Other non-communicable diseases,high,
caudal block,Not applicable,high,"titles confirm regional anesthesia technique studies, procedural context"
Hypothyroxinemia ,Maternal and neonatal disorders,high,"titles confirm L-thyroxine supplementation trials in very preterm infants for transient hypothyroxinemia of prematurity, a neonatal complication"
Dyslexia,Mental disorders,high,
Neurocysticercosis,Neglected tropical diseases and malaria,high,
Secondary hyperparathyroidism,Diabetes and kidney diseases,high,"titles show this is secondary hyperparathyroidism of chronic kidney disease/dialysis, a recognized CKD complication; reclassified from Other NCD"
Severe atopic dermatitis,Skin and subcutaneous diseases,high,
Prematurity,Maternal and neonatal disorders,high,
Circumcision,Not applicable,high,"titles confirm anesthetic/analgesic technique studies for circumcision, a procedure not a disease"
Constipation,Digestive diseases,high,
West Syndrome,Neurological disorders,high,
Healthy children,Not applicable,high,"term and titles explicitly describe healthy children in physiologic studies, no disease"
Soil-transmitted helminth infection,Neglected tropical diseases and malaria,high,
Septic shock,Other infectious diseases,low,"titles confirm general (non-neonatal) pediatric septic shock/ICU trials; sepsis/septic shock has no standalone GBD cause, categorical ambiguity persists"
Hemiplegic cerebral palsy,Neurological disorders,high,
Precocious pubarche,Other non-communicable diseases,low,titles confirm insulin-sensitization trials for precocious pubarche/adrenarche; endocrine disorder with no dedicated GBD bucket
Hemophilia A,Other non-communicable diseases,high,
Urticaria,Skin and subcutaneous diseases,high,
Spinal muscular atrophy,Neurological disorders,high,"titles confirm nusinersen trials for spinal muscular atrophy, a motor neuron disease explicitly listed under Neurological disorders in the rubric"
Low cardiac output syndrome,Cardiovascular diseases,low,"titles confirm postoperative low cardiac output syndrome after pediatric (often congenital) cardiac surgery; kept as a cardiac functional/hemodynamic syndrome under Cardiovascular, though Other NCD (given congenital surgical context) remains an alternative"
Otorrhea,Sense organ diseases,high,"titles confirm this is tympanostomy-tube/otitis-media-related ear discharge, per rubric's explicit otitis media to Sense organ diseases assignment"
Overactive bladder,Diabetes and kidney diseases,high,
Dysmenorrhea,Other non-communicable diseases,low,titles confirm NSAID/montelukast treatment for adolescent dysmenorrhea; gynecological condition with no matching GBD L2 category
colonoscopy,Not applicable,high,"titles confirm bowel-preparation/procedural sedation for colonoscopy, no disease named"
mania,Mental disorders,high,
Exercise-induced bronchospasm,Chronic respiratory diseases,high,
Tuberous sclerosis complex,Neurological disorders,low,"titles show 2 of 3 trials are specifically about epilepsy prevention/treatment in tuberous sclerosis complex (sirolimus/everolimus for epilepsy); reclassified from Other NCD given the strong epilepsy focus, though TSC's broader multisystem/genetic nature makes Other NCD a defensible alternative"
Childhood nephrotic syndrome,Diabetes and kidney diseases,high,
First Episode Psychosis,Mental disorders,high,
Diaper dermatitis,Skin and subcutaneous diseases,high,
Infected primary teeth,Other non-communicable diseases,high,
Diabetic ketoacidosis,Diabetes and kidney diseases,high,
Renal transplantation,Not applicable,low,"titles confirm transplant-recipient management trials (immunosuppression, steroid withdrawal); underlying renal disease unspecified, kept as procedural per rubric"
Mechanically ventilated critically ill children,Not applicable,low,"titles reveal heterogeneous underlying conditions sharing this term: generic ICU sedation (procedural), RSV lower respiratory tract disease, and chronic lung disease of prematurity -- genuinely mixed across different diseases"
Pediatric glaucoma,Sense organ diseases,high,
Mucopolysaccharidosis,Other non-communicable diseases,high,
Anal fissure,Digestive diseases,high,
paediatric surgery,Not applicable,high,"titles confirm generic anesthesia/neuromuscular reversal studies, no disease named"
Periventricular hemorrhage,Maternal and neonatal disorders,high,
Allergic rhinoconjunctivitis,Chronic respiratory diseases,low,"titles confirm inhalant/pollen-allergen allergic rhinoconjunctivitis (immunotherapy, antihistamine eyedrops); reclassified from Other NCD for consistency with other inhalant-allergy terms, though no dedicated GBD allergy bucket exists"
Thalassemia,Other non-communicable diseases,high,
Spastic cerebral palsy,Neurological disorders,high,
thyroiditis,Other non-communicable diseases,low,titles confirm autoimmune (Hashimoto) thyroiditis treatment trials; autoimmune endocrine disorder with no dedicated GBD bucket
Trichuriasis,Neglected tropical diseases and malaria,high,
thrombosis,Cardiovascular diseases,low,"titles show cerebral venous thrombosis (a stroke subtype, clearly Cardiovascular) and catheter-associated venous thromboembolism in critically ill children (also kept under Cardiovascular's vascular-disease umbrella); one title is an unrelated anesthesia trial"
Idiopathic nephrotic syndrome,Diabetes and kidney diseases,high,
Small for gestational age,Maternal and neonatal disorders,high,
Schistosoma haematobium infection,Neglected tropical diseases and malaria,high,
Turner's syndrome,Other non-communicable diseases,high,
Neurogenic bladder,Diabetes and kidney diseases,high,
Distal ureteral stones,Diabetes and kidney diseases,high,
Achondroplasia,Other non-communicable diseases,high,
Non-Hodgkin's lymphoma,Neoplasms,high,
Congenital Adrenal Hyperplasia,Other non-communicable diseases,high,
Glomerulonephritis,Diabetes and kidney diseases,high,
pediatric dental patients,Not applicable,high,"titles confirm sedation for dental patients, procedural context"
Yaws,Neglected tropical diseases and malaria,high,
Growth retardation in children,Diabetes and kidney diseases,high,"titles show growth retardation in this term is specifically CKD/renal-transplant-associated growth failure, not idiopathic growth disorder; reclassified from Other NCD to Diabetes and kidney diseases"
Helminth infections,Neglected tropical diseases and malaria,high,
venous thromboembolism,Cardiovascular diseases,low,"titles clearly confirm venous thromboembolism treatment trials (dabigatran, rivaroxaban); VTE is not explicitly listed in the rubric, kept under Cardiovascular's vascular-disease umbrella as closest fit"
Biliary atresia,Other non-communicable diseases,high,titles confirm classic Kasai portoenterostomy/biliary atresia management trials; congenital anomaly of the biliary tree maps to Other NCD per rubric's congenital-anomaly rule
urological surgery,Not applicable,high,"titles show generic cerebrovascular/anesthesia physiology studies mismatched to urological disease specifics, no disease named"
Hepatoblastoma,Neoplasms,high,
Beta thalassaemia major,Other non-communicable diseases,high,
headache,Neurological disorders,high,
Friedreich ataxia,Neurological disorders,high,
Foreign body aspiration,Unintentional injuries,high,
herniorrhaphy,Digestive diseases,high,herniorrhaphy is surgical repair of hernia; hernia is a named GBD digestive disease per rubric
Pulp Exposure In Primary Molars,Other non-communicable diseases,high,
Fetal alcohol spectrum disorder (FASD),Mental disorders,high,
White spot lesions,Other non-communicable diseases,high,
Visceral leishmaniasis,Neglected tropical diseases and malaria,high,
Bowel preparation for colonoscopy,Not applicable,high,"titles confirm laxative/bowel-prep regimen studies, procedural context"
Schistosomiasis mansoni,Neglected tropical diseases and malaria,high,
Tic disorder,Mental disorders,low,"titles show antipsychotic (aripiprazole/risperidone/pimozide) and alpha-agonist (guanfacine) treatment for tic disorder, often comorbid with ADHD; kept as Mental disorders per original call, genuinely borderline vs Neurological"
Ventricular septal defect,Other non-communicable diseases,high,
Iron deficiency,Nutritional deficiencies,high,
Invasive candidiasis,Other infectious diseases,high,
Intubation,Not applicable,high,"titles confirm procedural intubation-technique studies, no disease named"
Breath-holding spells,Neurological disorders,low,"titles confirm anti-epileptic-drug (levetiracetam, piracetam) treatment for breath-holding spells, a benign paroxysmal neuro-autonomic event of early childhood with no dedicated GBD bucket"
Insomnia,Mental disorders,high,
Pediatric functional constipation,Digestive diseases,high,
West syndrome,Neurological disorders,high,
Tooth decay,Other non-communicable diseases,high,
Symptomatic patent ductus arteriosus,Maternal and neonatal disorders,high,
Multiple sclerosis,Neurological disorders,high,
Dengue,Neglected tropical diseases and malaria,high,
mechanical ventilation,Maternal and neonatal disorders,low,"titles repeatedly involve premature neonates and surfactant/ventilation-avoidance strategies for neonatal respiratory distress syndrome (LISA/AVOID study, surfactant mortality trial); one title is more generic sedation framing so kept low confidence"
Transient hypothyroxinemia,Maternal and neonatal disorders,high,titles confirm thyroxine supplementation trials in very preterm infants for transient hypothyroxinemia of prematurity
lung injury,Unintentional injuries,low,"titles show acute lung injury in diverse critically-ill contexts (post-cardiac-surgery, ventilated preterm neonates); kept as iatrogenic/ventilator-associated injury per rubric's adverse-effects-of-treatment category, though the neonatal-ventilation context could arguably fit Maternal and neonatal disorders"
"Hand, foot, and mouth disease (HFMD)",Other infectious diseases,high,
Hyaline membrane disease,Maternal and neonatal disorders,high,
Hypercholesterolemia,Other non-communicable diseases,low,"titles confirm primary/familial hypercholesterolemia treatment trials (cholestyramine, statins); lipid disorder with no dedicated GBD bucket"
Forearm fractures,Unintentional injuries,high,titles confirm regional-anesthesia/procedural-sedation trials for forearm fracture reduction; fractures in children are overwhelmingly from accidental falls
appendectomy,Digestive diseases,high,appendectomy in children is virtually always performed for appendicitis; titles show consistent anesthesia/procedural context with no evidence against this
Intermittent hypoxaemia in late preterm infants,Maternal and neonatal disorders,high,
Esophagogastroduodenoscopy,Not applicable,high,"titles confirm procedural sedation for endoscopy, no disease named"
Vitiligo,Skin and subcutaneous diseases,high,
Irritability associated with autistic disorder,Mental disorders,high,
Sydenham Chorea,Neurological disorders,high,"titles confirm IVIG/plasma-exchange/prednisone treatment for Sydenham chorea, a neurological manifestation of rheumatic fever"
Dilated cardiomyopathy,Cardiovascular diseases,high,
Encephalopathy,Maternal and neonatal disorders,high,titles confirm this is neonatal hypoxic-ischemic encephalopathy (therapeutic cooling) in preterm/term neonates; reclassified from Neurological disorders to Maternal and neonatal disorders per rubric's explicit HIE/birth-asphyxia inclusion
Autosomal dominant polycystic kidney disease,Diabetes and kidney diseases,high,
Lead exposure,Unintentional injuries,high,titles confirm chelation therapy for childhood lead exposure/poisoning
Lead poisoning,Unintentional injuries,high,
Undergoing elective surgery,Not applicable,high,"titles confirm generic anesthesia induction/technique studies, no disease named"
Drooling,Neurological disorders,high,titles confirm botulinum toxin/anticholinergic treatment for drooling secondary to cerebral palsy/neurodisability; reclassified from Not applicable to Neurological disorders for consistency with the closely related 'Sialorrhea' term
osteomyelitis,Other infectious diseases,high,"titles confirm classic pediatric osteomyelitis antibiotic-treatment trials; bone infection has no dedicated GBD bucket, kept as residual infectious disease"
otolaryngological surgery,Not applicable,high,"titles confirm generic premedication studies for ENT surgery, no specific disease named"
Measles,Other infectious diseases,high,
Negative behavior,Not applicable,high,"titles confirm transient postoperative behavior change after anesthesia, not a diagnosed disorder"
Deep carious lesions,Other non-communicable diseases,high,
Respiratory infections,Respiratory infections and tuberculosis,high,
Post-extubation stridor,Unintentional injuries,high,"titles confirm iatrogenic post-extubation airway complication treatment trials (nebulized epinephrine/steroids), an adverse effect of medical procedure"
Single ventricle heart defects,Other non-communicable diseases,high,
Single ventricle physiology,Other non-communicable diseases,high,
Congenital hypothyroidism,Other non-communicable diseases,high,
Schistosoma mansoni infection,Neglected tropical diseases and malaria,high,
Amebiasis,Enteric infections,high,
Post-tonsillectomy,Not applicable,high,"titles confirm post-tonsillectomy procedural morbidity studies, no distinct disease"
Congenital cataract,Other non-communicable diseases,high,"congenital cataract is a birth defect; per rubric's explicit rule, congenital anomalies of any organ system (including eye) map to Other NCD rather than Sense organ diseases; most example titles are unrelated/mismatched but the disease identity itself is unambiguous"
Spasticity,Neurological disorders,high,
Osteosarcoma,Neoplasms,high,
Osteopenia,Maternal and neonatal disorders,low,"titles reveal 3 clinically distinct populations sharing this term: osteopenia of prematurity (Maternal and neonatal disorders), osteopenia secondary to anorexia nervosa (a complication of a Mental disorder), and osteopenia in cerebral palsy (immobility-related, Neurological disorders); kept prematurity framing as majority/default"
Complicated intra-abdominal infection,Other infectious diseases,high,"titles confirm complicated/surgical intra-abdominal infection antibiotic trials, consistent across ages including preterm infants"
Childhood functional constipation,Digestive diseases,high,
Chronic idiopathic constipation,Digestive diseases,high,
soil-transmitted helminthiasis,Neglected tropical diseases and malaria,high,
Scabies,Skin and subcutaneous diseases,high,
Chickenpox,Other infectious diseases,high,
septicemia,Maternal and neonatal disorders,high,
Peanut allergy,Other non-communicable diseases,high,titles confirm IgE-mediated peanut food-allergy/oral-immunotherapy trials (AR101); food allergy/anaphylaxis risk has no dedicated GBD bucket and is not respiratory in mechanism
Rett syndrome,Other non-communicable diseases,low,"titles confirm neurobehavioral-symptom trials in this genetic (MECP2) syndrome; consistent with rubric's chromosomal/genetic-syndrome convention (Other NCD), though the severe intellectual-disability/autism overlap makes Mental disorders a defensible alternative"
Allergy,Chronic respiratory diseases,low,"titles show sublingual/subcutaneous immunotherapy trials for inhalant allergens (Alternaria, mites, dander); reclassified from Other NCD for consistency with other inhalant-allergy terms, though no dedicated GBD allergy bucket exists"
type 1 retinopathy,Maternal and neonatal disorders,high,"titles confirm this is type 1 retinopathy of prematurity treatment trials (bevacizumab/laser), explicitly included in the rubric under Maternal and neonatal disorders"
Status epilepticus,Neurological disorders,high,
Learning disorders,Mental disorders,high,
Laryngospasm,Not applicable,high,"titles confirm anesthesia-related airway-complication (laryngospasm) prevention trials, a procedural phenomenon not a disease"
Early-onset schizophrenia,Mental disorders,high,
healthy children,Not applicable,high,"titles explicitly describe healthy children in physiology studies (caffeine, nerve block), no disease"
Oncology,Neoplasms,high,
Pertussis,Other infectious diseases,high,
Hypogonadism,Other non-communicable diseases,low,titles confirm estrogen/testosterone treatment for hypogonadal adolescents; endocrine disorder with no dedicated GBD bucket
Open heart surgery,Other non-communicable diseases,low,"pediatric open-heart surgery is overwhelmingly performed for congenital heart defects; one title explicitly references 'acyanotic children' (a congenital heart disease descriptor), other titles are generic procedural"
Hyperlipidemia,Other non-communicable diseases,low,"titles confirm statin treatment for hyperlipidemia; one title notes secondary hyperlipidemia from kidney disorders but this is not the majority framing, kept as lipid-disorder residual"
Hyperinsulinaemic,Other non-communicable diseases,low,"the relevant title confirms congenital hyperinsulinism causing neonatal hypoglycemia (diazoxide treatment), a genetic pancreatic/metabolic disorder with no dedicated GBD bucket; other example titles appear mismatched (unrelated androgen-excess studies)"
Opioid dependence,Substance use disorders,high,
Septic arthritis,Other infectious diseases,high,"titles confirm classic pediatric septic arthritis antibiotic/steroid trials; joint infection has no dedicated GBD bucket, kept as residual infectious disease"
Hyperkinetic disorder,Mental disorders,high,
Hypertrophic scar,Skin and subcutaneous diseases,high,
Idiopathic apnea of prematurity,Maternal and neonatal disorders,high,
Kidney transplantation,Not applicable,low,"titles confirm transplant-recipient management trials (immunosuppression, steroid withdrawal); underlying kidney disease unspecified, kept as procedural per rubric"
small bowel biopsy,Not applicable,high,"titles confirm procedural sedation for biopsy/endoscopy, no specific disease (e.g. celiac disease) named"
Childhood-onset schizophrenia,Mental disorders,high,
Familial adenomatous polyposis,Digestive diseases,low,"titles show chemoprevention (celecoxib, aspirin) trials targeting the GI polyps of familial adenomatous polyposis; kept as a digestive-tract condition per rubric, though its role as a hereditary cancer-precursor syndrome makes Neoplasms a defensible alternative"
laparoscopic surgeries,Not applicable,high,"titles confirm generic anesthetic technique studies for laparoscopic surgery, no disease named"
Renal disease,Diabetes and kidney diseases,low,"titles are heterogeneous/nonspecific (renal dysfunction after congenital heart surgery, renal function testing, renal biopsy anesthesia) without a single clear underlying kidney disease; kept as kidney-related default"
Relapsing nephrotic syndrome,Diabetes and kidney diseases,high,
infantsile esotropia,Sense organ diseases,high,
Voiding dysfunction,Diabetes and kidney diseases,high,
Pectus excavatum,Other non-communicable diseases,high,
Partial-thickness burns,Unintentional injuries,high,
Pediatric septic shock,Other infectious diseases,low,"titles confirm general (non-neonatal) pediatric septic shock/ICU trials; sepsis/septic shock has no standalone GBD cause, categorical ambiguity persists"
Idiopathic growth hormone deficiency,Other non-communicable diseases,high,
blood pressure,Not applicable,high,pure physiologic/vital-sign parameter; titles span procedural hypotension management and preterm BP monitoring with no single disease named
Paradoxical reaction to midazolam,Unintentional injuries,high,"titles confirm this is an adverse drug reaction to intravenous midazolam premedication, an iatrogenic/adverse-treatment-effect injury"
subumbilical surgeries,Not applicable,high,"titles confirm generic caudal anesthesia adjuvant studies for subumbilical surgery location, no specific disease named"
Umbilical cord care,Not applicable,high,"titles confirm cord-care hygiene/antiseptic comparison studies, a care practice not a diagnosed disease"
squint,Sense organ diseases,high,
ilioinguinal/iliohypogastric nerve block,Not applicable,high,"titles confirm regional anesthesia technique studies, procedural context"
Coarctation of the aorta,Other non-communicable diseases,high,
IgA nephropathy,Diabetes and kidney diseases,high,
Phenylketonuria,Other non-communicable diseases,high,
Turner's Syndrome,Other non-communicable diseases,high,
Developmental Delay,Mental disorders,high,
Transposition of the great arteries,Other non-communicable diseases,high,
Neonatal opioid withdrawal syndrome (NOWS),Maternal and neonatal disorders,high,
Central nervous system infections,Other infectious diseases,high,"two of three titles confirm actual CNS infection trials (antibiotic PK, hyponatremia in CNS infections), matching rubric's meningitis/encephalitis inclusion; one title (CNS neoplasms) appears mismatched"
Dental rehabilitation,Not applicable,high,"titles confirm sedation for dental rehabilitation, procedural context"
paediatric day case surgery,Not applicable,high,"titles confirm generic anesthesia technique studies for day-case surgery, no disease named"
Complex congenital heart disease,Other non-communicable diseases,high,
Neurofibromatosis type 1,Neoplasms,low,"two of three titles specifically target NF1-associated plexiform neurofibromas with anti-tumor mechanisms (pirfenidone, farnesyltransferase inhibitor); reclassified per rubric's allowance for benign tumors framed as neoplastic, though NF1 itself is fundamentally a genetic tumor-predisposition syndrome (Other NCD alternative)"
Mediterranean spotted fever,Other infectious diseases,high,"titles confirm consistent antibiotic treatment trials for Mediterranean spotted fever, a rickettsial infection not on the specific NTD list, kept as residual infectious disease"
delirium,Not applicable,high,"titles confirm postoperative/emergence delirium prevention trials across various anesthesia/surgical contexts, a procedural phenomenon not a disease"
Postoperative junctional ectopic tachycardia,Cardiovascular diseases,high,"titles confirm postoperative junctional ectopic tachycardia (an arrhythmia) after pediatric cardiac surgery, consistently treated with antiarrhythmics"
eye surgery,Not applicable,high,"titles confirm generic anesthesia technique studies for ophthalmic surgery, no specific eye disease named"
β-thalassaemia,Other non-communicable diseases,high,
Hemolytic-uremic syndrome,Diabetes and kidney diseases,high,titles confirm hemolytic uremic syndrome treatment trials; HUS is fundamentally a kidney disease (thrombotic microangiopathy with acute kidney injury)
Sialorrhea,Neurological disorders,high,titles confirm drooling/sialorrhea treatment trials specifically in children with cerebral palsy/neurologic conditions
Alcohol dependence,Substance use disorders,high,
Acute laryngotracheitis,Respiratory infections and tuberculosis,high,
Malnutrition,Nutritional deficiencies,high,
Neonatal circumcision,Not applicable,high,"titles confirm anesthetic technique studies for circumcision, procedural not disease"
Convulsive status epilepticus,Neurological disorders,high,
House dust mite allergy,Chronic respiratory diseases,low,"titles confirm sublingual immunotherapy trials for house dust mite allergy, an inhalant/respiratory allergen; no dedicated GBD allergy bucket exists, kept as chronic respiratory"
osteoporosis,Musculoskeletal disorders,high,
Bell's palsy,Neurological disorders,high,
elective surgical procedures,Not applicable,high,"titles confirm generic anesthesia induction/technique studies, no disease named"
Gingivitis,Other non-communicable diseases,high,
Head louse infestation,Skin and subcutaneous diseases,high,
Postextubation laryngeal edema,Unintentional injuries,high,titles confirm iatrogenic post-extubation airway edema treatment trials (epinephrine/dexamethasone); rubric explicitly includes adverse effects of medical treatment/procedure under Unintentional injuries; corrected from Not applicable
day-case adenoidectomy,Not applicable,high,"titles confirm generic anesthesia recovery-comparison studies, no disease named"
Recessive Dystrophic Epidermolysis Bullosa,Skin and subcutaneous diseases,high,
Pediatric patients undergoing lower abdominal surgeries,Not applicable,high,"titles confirm generic regional anesthesia technique studies for this surgical location, no specific disease named"
Pediatric patients undergoing MRI scan,Not applicable,high,"titles confirm sedation for imaging procedure, no disease named"
Adenotonsillar hypertrophy,Chronic respiratory diseases,low,titles confirm treatment trials for adenotonsillar hypertrophy explicitly framed with obstructive sleep apnea (azithromycin/fluticasone); reclassified from Other NCD for consistency with OSA classification
Postoperative sore throat,Not applicable,high,"titles confirm procedural side effect of intubation/extubation, not a disease"
ambulatory surgery,Not applicable,high,"titles confirm generic anesthesia induction studies for ambulatory surgery, no disease named"
adenotonsillectomy,Not applicable,high,"titles confirm perioperative bleeding/pharmacogenetic studies around the procedure, no distinct disease named"
Pediatric patients undergoing day care surgery,Not applicable,high,"titles confirm generic anesthesia technique studies for day-case surgery, no disease named"
Infant colic,Digestive diseases,low,"titles confirm infant colic symptom-management trials (simethicone); functional GI disorder framing, consistent with the related 'infantsile colic' term"
Postoperative Apnea,Maternal and neonatal disorders,high,"titles confirm postoperative apnea specifically in former preterm infants (caffeine treatment), consistent with apnea-of-prematurity vulnerability explicitly in the rubric"
Postextubation airway obstruction in children,Unintentional injuries,high,titles confirm iatrogenic post-extubation airway obstruction treatment trials (dexamethasone); rubric explicitly includes adverse effects of medical treatment/procedure under Unintentional injuries; corrected from Not applicable
Refractory status epilepticus,Neurological disorders,high,
Halitosis,Other non-communicable diseases,high,"titles show predominantly dental/oral-hygiene framing (chlorhexidine, probiotics); rubric explicitly includes oral/dental disorders under Other NCD"
Residual neuromuscular blockade,Not applicable,high,"titles confirm pharmacologic reversal-agent studies, procedural context"
Respiratory Complications,Maternal and neonatal disorders,low,"titles reveal 2 distinct populations: low-birth-weight/neonatal respiratory complications (Maternal and neonatal disorders) versus postoperative pediatric respiratory complications after tonsillectomy (procedural, Not applicable); kept neonatal framing as majority/default"
Insulin resistance,Diabetes and kidney diseases,low,titles show metformin treatment for adolescent insulin resistance (prediabetic metabolic state) plus one apparently mismatched title about newly-diagnosed type 1 diabetes; kept under the diabetes-spectrum metabolic disease umbrella
Intellectual disability,Mental disorders,high,
Healthy children undergoing elective surgery,Not applicable,high,"term and titles explicitly describe healthy children undergoing generic procedures, no disease"
Preanaesthetic medication,Not applicable,high,"titles confirm generic premedication route-comparison studies, procedural context"
Pediatric subumbilical surgery,Not applicable,high,"titles confirm generic caudal anesthesia studies for this surgical location, no specific disease named"
Hypermetropia,Sense organ diseases,high,
Hyperammonemia,Other non-communicable diseases,low,"the relevant title shows transient asymptomatic hyperammonemia in premature infants (a recognized preterm metabolic phenomenon); kept as a genetic/metabolic disorder per rubric default, though a neonatal-disorder framing (Maternal and neonatal disorders) is a plausible alternative; second example title is unrelated/mismatched"
Phlebitis,Unintentional injuries,low,"titles confirm IV-catheter-related vein inflammation (chlorhexidine vs povidone-iodine, magnesium sulfate treatment); reclassified as an adverse effect of medical treatment/procedure per rubric, though a residual vascular/Other NCD classification remains defensible"
Human immunodeficiency virus infection,HIV/AIDS and sexually transmitted infections,high,
Behavior disorders,Mental disorders,high,
Anaplastic Large-Cell Lymphoma,Neoplasms,high,
Proteinuria,Diabetes and kidney diseases,high,titles confirm ACE-inhibitor/ARB renal-protective therapy trials for proteinuric kidney disease
Psoriasis,Skin and subcutaneous diseases,high,
Homozygous familial hypercholesterolemia,Other non-communicable diseases,low,titles confirm statin/PCSK9-inhibitor treatment for genetic homozygous familial hypercholesterolemia; no dedicated GBD bucket
Psychiatric Disorders,Mental disorders,high,
Hyperkinesis,Mental disorders,high,"titles confirm methylphenidate trials for 'hyperkinetic children', an older ADHD-equivalent term"
Benzodiazepine Refractory Status Epilepticus (BRSE),Neurological disorders,high,
Hodgkin's Disease,Neoplasms,high,
Psychosis,Mental disorders,high,
Primary nephrotic syndrome,Diabetes and kidney diseases,high,
Postpericardiotomy syndrome,Cardiovascular diseases,high,"titles confirm corticosteroid treatment trials for postpericardiotomy syndrome after pediatric cardiac surgery, a cardiac inflammatory syndrome"
Hyperphosphatemia,Diabetes and kidney diseases,high,titles confirm treatment trials for hyperphosphatemia specifically in pediatric dialysis/chronic kidney disease patients
Peptic ulcer,Digestive diseases,high,
Herpes simplex gingivostomatitis,Other infectious diseases,low,"titles confirm non-STI oral herpes simplex gingivostomatitis treatment trials (honey, aciclovir); kept as residual systemic infectious disease, though Skin and subcutaneous diseases (mucocutaneous viral infection) is a defensible alternative"
Hypocalcemia,Other non-communicable diseases,low,"the relevant title confirms calcium treatment for hypocalcemia in critically ill children, an electrolyte/metabolic disturbance with no dedicated GBD bucket; second example title is unrelated/mismatched"
Preterm labor,Maternal and neonatal disorders,high,
Pediatric-onset multiple sclerosis,Neurological disorders,high,
Hypothyroidism,Other non-communicable diseases,low,"titles reveal 2 distinct populations: general/acquired hypothyroidism (Other NCD, endocrine disorder with no dedicated bucket) versus extreme-preterm thyroid-hormone-supplementation trials (Maternal and neonatal disorders, TIPIT-type trials); kept general framing as default"
Pyloric stenosis,Other non-communicable diseases,high,
Polarticular-course juvenile idiopathic arthritis,Musculoskeletal disorders,high,
Polycystic Ovary Syndrome,Other non-communicable diseases,low,titles confirm estrogen/insulin-sensitizer treatment for PCOS; reproductive-endocrine disorder with no dedicated GBD bucket
Phelan-McDermid syndrome,Other non-communicable diseases,low,"titles confirm IGF-1/insulin treatment trials targeting development and behavior in this genetic (22q13 deletion) syndrome; consistent with rubric's chromosomal/genetic-syndrome convention, though Mental disorders is a defensible alternative given the behavioral focus"
Pediatric vitreoretinal surgery,Not applicable,high,titles confirm regional anesthesia technique studies for vitreoretinal surgery; no specific retinal disease (e.g. retinopathy of prematurity) named
Hemodynamically significant patent ductus arteriosus (hsPDA),Maternal and neonatal disorders,high,
Persistent ductus arteriosus,Maternal and neonatal disorders,high,
Neonatal chronic lung disease,Chronic respiratory diseases,high,titles confirm classic dexamethasone-for-neonatal-chronic-lung-disease trials with long-term respiratory follow-up outcomes; rubric explicitly assigns BPD-type chronic lung disease to chronic respiratory regardless of neonatal framing
Retinoblastoma,Neoplasms,high,
Short bowel syndrome,Digestive diseases,high,
Sleep-disordered breathing,Chronic respiratory diseases,low,"titles show adenotonsillectomy/intranasal-steroid trials framed around sleep-disordered breathing, consistent with OSA-type conditions; reclassified from Other NCD for consistency"
Sleep bruxism,Other non-communicable diseases,high,titles confirm sedative/anxiolytic drug trials for sleep bruxism (teeth grinding); rubric explicitly includes oral/dental disorders under Other NCD
Airway foreign body,Unintentional injuries,high,
Non-Rhabdomyosarcoma Soft Tissue Sarcomas,Neoplasms,high,
Airway complications,Not applicable,high,"titles confirm procedural airway-device-related respiratory events, not a diagnosed disease"
Non-hemolytic hyperbilirubinemia in neonates,Maternal and neonatal disorders,high,
Alport syndrome,Diabetes and kidney diseases,high,"titles confirm ACE-inhibitor/ARB nephroprotective therapy trials for Alport syndrome, a genetic kidney disease"
Sickle Cell Disease,Other non-communicable diseases,high,
Short Children,Other non-communicable diseases,low,"titles show growth-hormone treatment trials for children born small for gestational age, a recognized growth condition (not merely a descriptive term); reclassified from Not applicable for consistency with related short-stature terms"
Low systemic blood flow,Maternal and neonatal disorders,low,"titles show inotrope (dobutamine/dopamine/milrinone) treatment trials for a well-defined neonatal circulatory-insufficiency syndrome in preterm infants; reclassified from Not applicable, though 'physiologic parameter' framing remains a defensible alternative"
Noonan's syndrome,Other non-communicable diseases,high,
Ullrich-Turner syndrome,Other non-communicable diseases,high,
Obstructive sleep-disordered breathing,Chronic respiratory diseases,low,"titles show adenoidectomy/intranasal-steroid trials for sleep-disordered breathing, consistent with OSA-type conditions; reclassified from Other NCD for consistency"
Lymphatic filariasis,Neglected tropical diseases and malaria,high,
Severe hyaline membrane disease,Maternal and neonatal disorders,high,
Lumbar puncture,Not applicable,high,"titles confirm procedural sedation/analgesia for lumbar puncture, no disease named"
Undergoing circumcision,Not applicable,high,"titles confirm generic anesthesia studies, procedure not disease"
Low-grade gliomas,Neoplasms,high,
Neuropathic bladder,Diabetes and kidney diseases,high,
Neurogenic detrusor overactivity,Diabetes and kidney diseases,high,
Minimal change nephrotic syndrome,Diabetes and kidney diseases,high,
Mite allergy,Chronic respiratory diseases,low,"titles confirm antihistamine treatment trials for mite allergy, an inhalant allergen; no dedicated GBD allergy bucket exists"
Supraventricular tachycardia,Cardiovascular diseases,high,
Stuttering,Mental disorders,low,"titles confirm speech-therapy-adjunct and alpha-agonist drug trials for stuttering, a developmental communication disorder with no dedicated GBD bucket"
Neonatal hypoxic-ischemic encephalopathy (HIE),Maternal and neonatal disorders,high,
Alopecia areata,Skin and subcutaneous diseases,high,
Targeting glucose control in PICU,Not applicable,high,"titles confirm ICU insulin-therapy glycemic-target protocol trials, not a named disease"
Staphylococcus aureus colonization,Not applicable,high,"titles confirm mupirocin decolonization trials in the NICU; explicitly colonization status, not active disease"
Staphylococcal infections,Other infectious diseases,low,"titles show a generic older antibiotic-toxicity comparison plus a specific neonatal staphylococcal bloodstream-infection (sepsis) prevention trial; kept as general infectious-disease residual, though the bloodstream-infection title shows a neonatal-sepsis signal"
Narcolepsy with cataplexy,Neurological disorders,high,"titles confirm sodium oxybate treatment for narcolepsy with cataplexy, a well-defined hypocretin-deficiency neurological sleep disorder, distinct from psychiatric sleep issues"
Thyrotoxicosis,Other non-communicable diseases,low,titles confirm thionamide dose-titration trials for thyrotoxicosis (hyperthyroidism); endocrine disorder with no dedicated GBD bucket
Specific phobias,Mental disorders,high,
Tic disorders,Mental disorders,low,"titles confirm clonidine/aripiprazole treatment trials for tic disorders, borderline neuro-psychiatric, kept as originally classified"
Myelomeningocele,Other non-communicable diseases,high,
Spastic hemiplegic cerebral palsy,Neurological disorders,high,
Spastic hemiplegia,Neurological disorders,high,
Spastic equinus,Neurological disorders,high,
Tracheal Extubation,Not applicable,high,"titles confirm procedural extubation-technique comparison studies, no disease named"
Spastic diplegia,Neurological disorders,high,
Undergoing surgery,Not applicable,low,titles genuinely mixed: one explicitly names 'surgery for congenital heart disease' while the other is a generic parental-presence/premedication study unrelated to any specific disease
Ophthalmia neonatorum,Maternal and neonatal disorders,high,"titles confirm classic ophthalmia neonatorum prophylaxis trials (betadine/erythromycin), a well-established neonatal disorder"
Intestinal nematode infection,Neglected tropical diseases and malaria,high,
Pediatric Autoimmune Neuropsychiatric Disorders Associated with Streptococcal infections (PANDAS),Mental disorders,high,"titles confirm antibiotic-prophylaxis trials targeting neuropsychiatric exacerbations in PANDAS, a clear neuropsychiatric symptom framing"
Parapneumonic pleural effusion,Respiratory infections and tuberculosis,high,titles confirm this is a complication of bacterial pneumonia (dexamethasone/antibiotics for parapneumonic effusion/empyema)
Neonatal cardiac surgery,Not applicable,high,titles confirm generic anesthesia/glycemic-control management during neonatal cardiac surgery; no specific cardiac diagnosis (e.g. congenital heart defect) explicitly named
Invasive candida infection,Maternal and neonatal disorders,low,"both example titles are NICU/preterm-infant antifungal prophylaxis trials for invasive candidiasis; reclassified from Other infectious diseases given the consistent neonatal-infection framing, though a generic Other infectious diseases classification remains defensible"
Sarcoma,Neoplasms,high,
Intubating condition,Not applicable,high,"titles confirm procedural intubation-technique comparison studies, no disease named"
Vital Pulpotomy,Other non-communicable diseases,low,"pulpotomy is a treatment for dental caries/pulp pathology reaching the pulp in primary molars; classified as oral/dental disorder per rubric, though titles focus on technique rather than explicitly naming caries"
Vitamin A deficiency,Nutritional deficiencies,high,
Intrauterine growth retardation,Maternal and neonatal disorders,high,
Intra-abdominal infections,Other infectious diseases,high,titles confirm complicated/surgical intra-abdominal infection antibiotic trials
Low birth weight with precocious pubarche,Other non-communicable diseases,low,"titles show endocrine/metabolic follow-up in later childhood/adolescence (precocious pubarche, adiposity, metformin) rather than acute neonatal LBW complications; reclassified from Maternal and neonatal disorders to Other NCD, consistent with the related 'Precocious pubarche' term"
Intestinal worm infection,Neglected tropical diseases and malaria,high,
Rotavirus infection,Enteric infections,high,
Intestinal schistosomiasis,Neglected tropical diseases and malaria,high,
Pediatric Hematology-Oncology Patients,Not applicable,high,"titles confirm this is a generic hematology-oncology patient-population descriptor (sedation, catheter-infection-prevention bundles) rather than a specific named disease"
Warts,Skin and subcutaneous diseases,high,
Pediatric Procedures,Not applicable,high,"titles confirm generic procedural sedation studies, no disease named"
Rheumatic Fever,Cardiovascular diseases,low,"one relevant title shows the arthritis manifestation of rheumatic fever specifically (not confirmed cardiac involvement), leaving genuine ambiguity; kept as Cardiovascular per convention of grouping rheumatic fever with rheumatic heart disease"
Intestinal parasitic infections,Neglected tropical diseases and malaria,high,"titles confirm albendazole deworming trials for intestinal helminth infections, matching the rubric's intestinal nematode infection inclusion"
Irritable bowel syndrome,Digestive diseases,high,
Japanese cedar pollinosis,Chronic respiratory diseases,low,titles confirm seasonal allergic rhinitis to cedar pollen (pranlukast/montelukast); no dedicated GBD allergy bucket exists
Ventilatory,Not applicable,low,one title (aminophylline for ventilatory weaning of premature infants) is suggestive of apnea-of-prematurity context but not clearly diagnostic; other title is generic drug pharmacology; no disease clearly and repeatedly named
Vasovagal syncope,Cardiovascular diseases,low,"titles show active pharmacologic treatment (midodrine, metoprolol) for recurrent vasovagal syncope, indicating a genuine recurrent clinical syndrome rather than an isolated symptom/event; reclassified from Not applicable, though a neurological/autonomic framing is a defensible alternative"
Unilateral cryptorchidism,Other non-communicable diseases,high,
Localized Juvenile Periodontitis,Other non-communicable diseases,high,
Oral candidiasis,Other infectious diseases,low,"titles confirm oral thrush (fungal) treatment trials in infants; no dedicated GBD fungal-infection bucket, kept as residual infectious disease"
Scrub typhus,Other infectious diseases,high,"titles confirm consistent antibiotic treatment trials for scrub typhus, a rickettsial infection not on the specific NTD list, kept as residual infectious disease"
"Organ transplantation (kidney, liver, heart)",Not applicable,low,"titles confirm generic transplant-recipient immunosuppressant pharmacokinetic studies; underlying organ disease/etiology unspecified, kept as procedural per rubric"
Laryngotracheitis,Respiratory infections and tuberculosis,high,
Urethro-cutaneous fistula,Other non-communicable diseases,high,"titles confirm surgical repair of urethrocutaneous fistula, a complication of congenital hypospadias repair"
Laparoscopic appendicectomy,Digestive diseases,high,"titles are procedural (regional block/intraperitoneal anesthesia for laparoscopic appendicectomy) but the procedure name strongly implies underlying appendicitis, consistent with the related 'appendectomy' term; corrected from Not applicable"
Oropharyngeal candidiasis,Other infectious diseases,low,"titles confirm oral thrush (fungal) treatment trials, including in HIV-infected children; underlying disease (candidiasis) kept as the classification target regardless of HIV host-risk-factor context; no dedicated GBD fungal-infection bucket"
Atopy,Not applicable,high,"titles confirm this is a generic atopic-predisposition/susceptibility state (basic immunology, primary-prevention trial) rather than a diagnosed disease"
Atrial septal defect,Other non-communicable diseases,high,
Orthopedic injuries,Unintentional injuries,high,"titles confirm procedural sedation trials for orthopedic injury (fracture/dislocation) reduction, presumed accidental"
Urinary schistosomiasis,Neglected tropical diseases and malaria,high,
Klinefelter syndrome,Other non-communicable diseases,high,
Klinefelter Syndrome,Other non-communicable diseases,high,
Antiemetic Therapy,Not applicable,high,"titles confirm generic antiemetic therapy/prophylaxis trials for postoperative nausea and vomiting, a symptom-management descriptor not a disease"
Juvenile fibromyalgia,Musculoskeletal disorders,high,"titles confirm milnacipran/duloxetine drug trials specifically for juvenile fibromyalgia, a chronic widespread-pain condition classified with musculoskeletal/connective-tissue disease"
Parenteral nutrition-associated cholestasis (PNAC),Digestive diseases,high,"titles confirm treatment trials for cholestatic liver disease from parenteral nutrition in preterm infants (taurine, cholecystokinin-octapeptide); hepatobiliary disease per rubric's chronic liver disease inclusion"
Postoperative cognitive dysfunction,Not applicable,high,"titles confirm transient postoperative cognitive changes after pediatric anesthesia, not a diagnosed disease"
Childhood non-Hodgkin's lymphoma,Neoplasms,high,
Children born small for gestational age,Maternal and neonatal disorders,high,
postoperative behaviour,Not applicable,high,"titles confirm transient postoperative sleep/behavior changes after pediatric anesthesia, not a diagnosed mental disorder"
Duchenne and Becker muscular dystrophy,Neurological disorders,high,"titles confirm classic Duchenne/Becker muscular dystrophy drug trials (albuterol, prednisolone), consistent with GBD's convention of grouping neuromuscular/dystrophinopathy disorders under neurological disorders"
ADDH,Mental disorders,high,"titles confirm stimulant/alpha-agonist treatment trials for ADDH, an older ADHD-equivalent term"
Distal forearm fractures,Unintentional injuries,high,"titles confirm procedural sedation/analgesia trials for distal forearm fracture reduction, an accidental-fall-type injury"
laryngitis,Respiratory infections and tuberculosis,high,
Complications in preterm neonates,Maternal and neonatal disorders,high,
Children undergoing MRI procedure,Not applicable,high,"titles confirm sedation for imaging procedure, no disease named"
invasive fungal infection,Other infectious diseases,low,"titles reveal 2 distinct populations sharing this term: invasive fungal infection in pediatric oncology/HCT patients versus in VLBW preterm neonates; kept as general infectious-disease residual as default, since the appropriate GBD home differs by population (oncology-context vs Maternal and neonatal disorders for neonatal-context)"
Dental plaque,Other non-communicable diseases,high,
Food allergy,Other non-communicable diseases,low,"Titles confirm genuine IgE-mediated food allergy (immunotherapy trials); still no dedicated GBD cause, residual NCD remains best fit"
Fragile X Syndrome,Other non-communicable diseases,high,"Titles are drug trials treating Fragile X syndrome itself (sertraline, minocycline), not autism-symptom-specific; genetic/chromosomal disorder fits residual NCD better than Mental disorders"
Elective mutism,Mental disorders,high,
Children after renal transplantation,Diabetes and kidney diseases,high,"Titles show steroid-regimen trials in children who underwent renal transplantation, i.e. all have underlying kidney disease/ESRD; reclassified from Not applicable"
femur fracture,Unintentional injuries,low,"Titles (surgery, ED fascia iliaca block) confirm fracture but don't specify traumatic mechanism; could be transport-related"
Dog bite wounds,Unintentional injuries,high,
Chalazia,Sense organ diseases,high,
Functional gastrointestinal disorders,Digestive diseases,high,
Charcot–Marie–Tooth disease type 1A,Neurological disorders,high,
Fungal colonization and invasive fungal infection,Maternal and neonatal disorders,high,"Titles show prophylaxis against invasive fungal infection specifically in VLBW/premature infants, a neonatal infection complication; reclassified from generic infectious"
Chemotherapy-induced febrile neutropenia,Other infectious diseases,high,"Titles are antifungal/antibiotic therapy trials for infection during neutropenia, an infectious-disease management question rather than a drug-toxicity/injury question; reclassified from Unintentional injuries"
Acanthosis nigricans,Skin and subcutaneous diseases,high,
Gastric emptying in preterm infants,Not applicable,high,"titles confirm pure physiologic gastric-emptying measurement studies, no named disease"
Distal hypospadias,Other non-communicable diseases,high,
Childhood vitiligo,Skin and subcutaneous diseases,high,
myocarditis,Cardiovascular diseases,high,
Febrile children,Not applicable,high,"titles confirm generic antipyretic-comparison studies for fever, a symptom not a disease"
Childhood interstitial lung diseases (chILD),Chronic respiratory diseases,high,
oral surgical procedures,Not applicable,high,"titles (rectal midazolam premedication) are generic anesthesia studies, no specific disease named"
Erosive esophagitis,Digestive diseases,high,
Epilepticus,Neurological disorders,high,
Common warts,Skin and subcutaneous diseases,high,
Cryptosporidiosis,Enteric infections,high,
surgery,Not applicable,high,"titles confirm generic premedication/antiemetic studies for orthopedic surgery, no disease named"
lower abdominal and perineal surgeries,Not applicable,high,"titles confirm generic caudal anesthesia/sedation studies for this surgical location, no specific disease named"
superficial infantsile haemangioma,Skin and subcutaneous diseases,high,
ADD,Mental disorders,high,"Titles confirm ADD = ADHD, stimulant-medication trials"
Cutaneous leishmaniasis,Neglected tropical diseases and malaria,high,
very preterm newborns,Maternal and neonatal disorders,high,"Titles confirm very preterm infant population (hydrocortisone, propranolol trials)"
ventriculo-peritoneal shunting,Not applicable,high,"titles confirm pure procedure/infection-prevention framing (shunt operation, insertion); underlying hydrocephalus not named"
Convulsive status epilepticus in children,Neurological disorders,high,
postoperative analgesic,Not applicable,high,"titles confirm postoperative analgesia technique studies, procedural context"
ventilated neonates,Maternal and neonatal disorders,high,Titles confirm ventilated neonate population
End stage renal failure,Diabetes and kidney diseases,high,
pediatric patients undergoing gastrointestinal endoscopy,Not applicable,high,"titles confirm procedural sedation for endoscopy, no disease named"
Emotional disturbance,Mental disorders,low,"Titles show stimulant/antipsychotic trials in emotionally disturbed children, consistent with behavioral framing, but term remains a non-specific historical special-ed label covering unspecified diagnoses"
pediatric ophthalmic,Not applicable,high,"titles confirm generic anesthesia technique studies for ophthalmic exam/surgery, no specific eye disease named"
pertussis,Other infectious diseases,high,
"Children with short stature, subnormal growth rate, and normal growth hormone response to secretagogues",Other non-communicable diseases,high,Titles confirm growth hormone neurosecretory dysfunction/short-stature trial; no clean GBD home for growth disorders
Childhood obstructive sleep apnea,Chronic respiratory diseases,high,Titles confirm pediatric OSA treated with intranasal corticosteroids; fits 'other chronic respiratory disease' catch-all
Chronic fatigue syndrome,Other non-communicable diseases,low,Titles confirm autonomic-symptom framing (clonidine trials) but CFS still has no clean GBD home
Severe pediatric atopic dermatitis,Skin and subcutaneous diseases,high,
Shivering,Not applicable,high,"anesthesia-related physiologic side effect (shivering), not a disease"
Ambulatory  surgery in children with  epidural blockade,Not applicable,high,"generic ambulatory surgery, no disease named"
Severe constipation,Digestive diseases,high,
Severe growth retardation of intrauterine onset,Other non-communicable diseases,low,"Title shows multi-year GH treatment follow-up for growth failure, an endocrine/growth framing rather than an acute neonatal disorder; reclassified for consistency with other short-stature/SGA terms in this batch"
Alternating hemiplegia,Neurological disorders,high,
Alveolar cleft,Other non-communicable diseases,high,
routine restorative procedures in mandibular posterior teet,Not applicable,low,restorative dental procedures usually indicate caries but not explicitly stated
scheduled for minor elective surgery,Not applicable,high,"generic minor elective surgery, no disease named"
scheduled for surgical procedures of 1 to 2 hrs,Not applicable,high,"generic surgical procedure, no disease named"
routine surgeries lasting for <75 min,Not applicable,high,"generic surgical procedure, no disease named"
Short Small For Gestational Age (Sga) Children,Other non-communicable diseases,low,"Title is a GH-dosing trial focused on metabolic profile/IGF levels, endocrine framing rather than neonatal disorder; reclassified for consistency with other SGA/short-stature terms"
Severe infections,Other infectious diseases,high,"Title confirms generic antibiotic comparison trial, no organism/site specified"
Sevoflurane-Anesthetized,Not applicable,high,"anesthesia drug label, no disease named"
Severe intra-abdominal infections,Other infectious diseases,low,Title (antibiotic comparison) doesn't further resolve ambiguity between digestive (appendicitis-type) and generic infectious framing
Severe refractory atopic dermatitis,Skin and subcutaneous diseases,high,
Severe pediatric alopecia areata,Skin and subcutaneous diseases,high,
Severe reading retardation,Mental disorders,high,Title (methylphenidate/diazepam trial) confirms developmental/learning disorder framing
Shigella dysenteriae type 1 dysentery,Enteric infections,high,
epiblepharon surgery,Sense organ diseases,high,epiblepharon is an explicitly named congenital eyelid/ocular-surface condition treated surgically
Severe behavioural problems in children with intellectual disability,Mental disorders,high,
spinal surgery,Not applicable,high,"generic spinal surgery, indication (e.g. scoliosis, tumor) not specified"
skeletal muscle of burned,Unintentional injuries,high,Title confirms burn-injury patient population
skin flap transplantation of hand or foot in children,Not applicable,high,"reconstructive procedure, underlying cause (trauma/congenital/tumor) not specified"
skin sores,Skin and subcutaneous diseases,high,Title confirms infected skin lesions treated with penicillin
sleep electroencephalogram (EEG),Not applicable,high,"diagnostic procedure (sleep EEG), no disease named"
School refusal,Mental disorders,high,"Title confirms anxiety-related school avoidance, pharmacotherapy trial"
School phobia,Mental disorders,high,
steroid-resistant idiopathic focal segmental glomerulosclerosis (FSGS),Diabetes and kidney diseases,high,
Abrasions,Unintentional injuries,low,Title (generic wound-healing cream trial) doesn't specify injury mechanism
Abdominal Surgery In Neonates,Not applicable,high,"generic neonatal abdominal surgery, underlying indication (e.g. NEC, atresia) not specified"
studied effects of dexmedetomidine in healthy children,Not applicable,high,"explicitly healthy children, no disease"
study on safety and efficacy of sodium nitroprusside,Not applicable,high,"drug safety/hemodynamic study, no disease named"
"Schistosomiasis, geohelminth infections",Neglected tropical diseases and malaria,high,
Schistosomiasis haematobium,Neglected tropical diseases and malaria,high,
Schistosomiasis and soil-transmitted helminthiasis,Neglected tropical diseases and malaria,high,
Scorpion envenomation,Unintentional injuries,high,
Abnormal pneumographic results,Maternal and neonatal disorders,low,theophylline treatment for abnormal pneumogram findings is the classic paradigm for neonatal/infant apnea (apnea of prematurity is a preterm-birth complication); 'preterm' not explicitly stated
single shot caudal epidural,Not applicable,high,"anesthesia technique (caudal epidural), no disease named"
Second-Degree Pediatric Burns,Unintentional injuries,high,
Secondary generalized dystonia,Neurological disorders,high,
shunt infection,Other infectious diseases,high,Title confirms device-associated (VP shunt) infection prevention trial
short small-for-gestational-age (SGA) children,Other non-communicable diseases,low,"Title is a GH treatment/bone-density follow-up trial, endocrine framing; reclassified for consistency with other SGA/short-stature terms"
routine MRI procedures,Not applicable,high,"imaging procedure, no disease named"
Septic-inflammatory,Other infectious diseases,low,"Title (fentiazac vs placebo in 'septic-inflammatory pathology') remains vague, doesn't further resolve"
Severe Haemophilia A,Other non-communicable diseases,high,
Severe Trachoma,Neglected tropical diseases and malaria,high,
short ENT procedures,Not applicable,high,"generic ENT procedure, no disease named"
"short (approximately one hour or less) elective ophthalmological,otolaryngological (ENT), urological, orthopaedic and general surgical operation",Not applicable,high,"generic multi-specialty elective surgery, no disease named"
sevoflurane induction,Not applicable,high,"anesthesia technique, no disease named"
severe short stature and a history of intrauterine growth retardation (IUGR),Other non-communicable diseases,high,"Title confirms GH treatment for short stature following IUGR, endocrine/growth framing rather than acute neonatal disorder"
severe childhood IgA nephropathy,Diabetes and kidney diseases,high,
Severe alopecia areata,Skin and subcutaneous diseases,high,
short dental procedures,Not applicable,high,"generic dental sedation context, no disease named"
Alport Syndrome,Diabetes and kidney diseases,high,Title confirms ACE-inhibitor trial for Alport nephropathy progression
rief Pediatric Surgical Procedures,Not applicable,high,"generic surgical procedure, no disease named"
postoperative coagulation and recovery,Not applicable,high,"cardiac-surgery (CPB) lab/physiologic parameters, underlying defect not specified"
postoperative nausea and vomiting,Not applicable,high,"postoperative/anesthesia side effect (nausea/vomiting), procedural framing"
Streptococcus mutans infection,Other non-communicable diseases,high,Title confirms S. mutans as dental caries pathogen (chlorhexidine trial)
Streptococcal impetigo,Skin and subcutaneous diseases,high,
postoperative sleep,Not applicable,high,"Title confirms generic preoperative sedative/postoperative sleep study, no disease named."
pre-surgery,Not applicable,high,"Title confirms generic midazolam/clonidine oral premedication comparison, no disease named."
prematurely born children,Maternal and neonatal disorders,high,
preoperative gastric fluid pH and volume,Not applicable,high,"Title confirms a preoperative gastric physiology/lab-parameter study, no disease named."
Staphylococcal bacteremia,Other infectious diseases,high,Title confirms systemic staph bacteremia antibiotic trial
Spit tobacco addiction,Substance use disorders,high,
preoperative psychological protection,Not applicable,high,"Title confirms a ketamine premedication study, no disease named."
Spinal deformity surgery,Musculoskeletal disorders,low,Term names a musculoskeletal deformity (unlike pure procedure names); title (blood-loss management) doesn't specify etiology of the deformity (idiopathic/congenital/neuromuscular)
preparation for colonoscopy,Not applicable,high,"Title confirms a generic bowel-preparation regimen comparison, no disease named."
Specific Musculoskeletal Disorders,Musculoskeletal disorders,high,
prepubertal boys,Not applicable,high,"Title confirms a caffeine/exercise-performance study, not a disease."
preschool children admitted for elective surgery(genitourologic or superficial lower abdominal surgery),Not applicable,high,"Title confirms a generic anesthesia-technique comparison for elective surgery, no disease named."
Strongyloides stercoralis and other soil-transmitted helminth infections,Neglected tropical diseases and malaria,high,
Substance Use Prevention,Not applicable,high,"Title confirms a substance-use prevention program in a general population, not treatment of a diagnosed disorder, analogous to vaccination-without-target-disease rule."
Spastic hemiparesis,Neurological disorders,high,
Supracondylar humerus fractures,Unintentional injuries,high,"Title confirms supracondylar humerus fracture, a common childhood fall-related injury"
TPN-associated gallstone disease,Digestive diseases,high,
TBSA burns,Unintentional injuries,high,
Systemic ventricular dysfunction,Cardiovascular diseases,low,Title (carvedilol for systemic ventricular dysfunction) doesn't clarify whether this is acquired cardiomyopathy (Cardiovascular) or single-ventricle/systemic-RV congenital heart disease (Other NCD)
performing paediatric flexible nasendoscopy,Not applicable,high,"Title confirms a topical-anesthesia-for-procedure study, no disease named."
Systemic Anaphylaxis,Other non-communicable diseases,low,Title confirms acute anaphylaxis but this still has no clean dedicated GBD cause
perioperative core temperature,Not applicable,high,"Title confirms a perioperative thermoregulation/physiology study, no disease named."
Symptomatic meatal stenosis,Diabetes and kidney diseases,high,
"peripheral surgery
of approximately",Not applicable,high,"Title confirms generic ketamine preanesthetic-medication study, no disease named."
Suspected limb fractures,Unintentional injuries,low,Title (ED analgesia trial) confirms fracture but mechanism unspecified
Suspected increased intracranial pressure,Not applicable,high,"Title reveals this is an anesthetic-agent physiology study (ICP/CPP effects of volatile anesthetics), not treatment of a diagnosed neurological disease."
Suspected forearm fracture,Unintentional injuries,low,Title (triage analgesia trial) confirms fracture but mechanism unspecified
Surgical gastrointestinal disease in infants,Digestive diseases,low,Title (parenteral nutrition trial) confirms surgical GI disease framing but doesn't resolve whether congenital-anomaly (Other NCD) framing might fit better
physiologic jaundice,Maternal and neonatal disorders,high,
"plastic surgical procedures, ENT operations or minor general surgical procedures",Not applicable,high,"Title confirms generic mixed-surgery premedication comparison, no disease named."
Acute Cold Episodes,Respiratory infections and tuberculosis,high,Title confirms common-cold framing (Echinacea RCT for acute cold episodes)
"preterm neonates who required PIVC only for intermittent
administration of antibiotics",Maternal and neonatal disorders,low,Title (catheter heparin-lock trial) is procedural and doesn't name a specific neonatal diagnosis beyond prematurity/antibiotic therapy
Spastic gait,Neurological disorders,high,
Significant hemodynamic patent ductus arteriosus,Maternal and neonatal disorders,high,
Slow-flow vascular malformations,Other non-communicable diseases,high,Title confirms congenital vascular malformation (sirolimus trial)
recurrent idiopathic apnea,Maternal and neonatal disorders,high,
Sleep quality in pediatric ICU patients after surgery,Not applicable,high,"Title confirms generic postoperative PICU sleep-quality study, no disease named."
Sleep problems in children with autistic spectrum disorder (ASD) and fragile X syndrome (FXS),Mental disorders,high,Title confirms sleep problems studied in autism/Fragile X population; fits rubric's 'sleep disorders when psychiatric in framing'
Sleep disturbance,Mental disorders,high,"Title shows sleep studied in context of autism/ADHD treatment (atomoxetine + parent training), a psychiatric framing; reclassified from Not applicable"
refraction,Not applicable,high,"Title confirms refraction/cycloplegic testing procedure, not a diagnosed refractive error."
Skin laser treatment,Not applicable,high,"Title confirms a cosmetic laser-procedure premedication study, not a disease."
American Society of Anesthesiologists physical status I and who were undergoing minor surgeries as in-patients,Not applicable,high,"Title confirms generic rectal ketamine/midazolam premedication comparison, no disease named."
Skin disorders requiring skin biopsy,Skin and subcutaneous diseases,low,Title (biopsy premedication trial) doesn't name the specific underlying skin disease
relative insulin deficiency,Maternal and neonatal disorders,high,"Title (NIRTURE trial) shows this is neonatal insulin therapy for prematurity-related glucose/insulin dysregulation in VLBW infants, not diabetes mellitus; reclassified from Diabetes and kidney diseases"
remifentanil,Not applicable,high,"Disease_clean is a drug name; title confirms a generic anesthesia/intubation-conditions study, no disease named."
renal calculus,Diabetes and kidney diseases,high,
renal stone,Diabetes and kidney diseases,high,
Simple bone cysts,Musculoskeletal disorders,high,Title confirms benign bone lesion (simple bone cyst) treatment trial
Acid peptic disorders,Digestive diseases,high,
Simple Febrile Convulsion (SFC),Neurological disorders,high,
recovery of neuromuscular Function,Not applicable,high,"Title confirms a neuromuscular-blockade reversal pharmacology study, no disease named."
Small Non-Cleaved Cell Lymphoma (SNCCL),Neoplasms,high,
preventing post-tympanostomy tube morbidity,Sense organ diseases,low,"Title (tympanostomy tube post-op morbidity prevention) implies underlying recurrent otitis media, consistent with other myringotomy-related terms in this batch, though not stated explicitly"
r non-metastatic Wilms’ tumour,Neoplasms,high,
Spastic diplegic cerebral palsy,Neurological disorders,high,
primary molar vital pulp,Other non-communicable diseases,low,Title (vital pulp therapy) typically indicates caries-related pulpitis; oral/dental framing preferred over Not applicable though disease not explicitly named
profound neu- tropenia,Other non-communicable diseases,high,
proximal lesions in primary molar,Other non-communicable diseases,high,Title confirms dental caries lesion restoration trial
Alpha-mannosidosis,Other non-communicable diseases,high,Title confirms rare genetic metabolic disorder (enzyme replacement trial)
Sore throat,Respiratory infections and tuberculosis,high,Title confirms sore throat/pharyngitis treated with penicillin
Solitary erythema migrans,Other infectious diseases,high,"Title confirms early Lyme disease (erythema migrans), not in the specific NTD list"
Acute CNS Infections,Other infectious diseases,high,
pulpotomy,Not applicable,high,"Title confirms a dental pulpotomy agent comparison; procedure, not a named disease."
"pulpotomy on their
primary molars.",Not applicable,high,"Title confirms a dental pulpotomy anesthesia-technique comparison; procedure, not a named disease."
Acta Anaesthesiol Scand,Not applicable,high,"Journal name, not a disease."
pyoderma,Skin and subcutaneous diseases,high,
Soccer Performance,Not applicable,high,"Title confirms caffeine/athletic-performance study, not a disease."
Smith-Lemli-Opitz syndrome,Other non-communicable diseases,high,
r cochlear implantation in pediatrics,Sense organ diseases,high,Title (anesthesia for cochlear implantation) confirms severe hearing loss population
Schistosomiasis and measles,Neglected tropical diseases and malaria,high,"Title clarifies schistosomiasis is the disease being treated/studied; measles is only the vaccine-response outcome measured, not a separate treated disease"
Sanfilippo syndrome (MPS III),Other non-communicable diseases,high,
surgery with lumbar block,Not applicable,high,"Title confirms a lumbar epidural anesthesia pharmacokinetic study, no disease named."
upper or lower gastrointestinal endoscopic investigation,Not applicable,high,"Title confirms a propofol/respiration procedural study, no disease named."
Protecting renal function in children undergoing radical nephrectomy,Diabetes and kidney diseases,low,Title (anesthesia technique trial for renal-function protection during nephrectomy) confirms kidney-function focus but underlying disease (likely Wilms tumor) still unnamed
upper abdominal surgery,Not applicable,high,"Title confirms generic caudal-analgesia-for-surgery comparison, no disease named."
"Propionic acidemia (PA), methylmalonic acidemia (MMA)",Other non-communicable diseases,high,
Prominent ear correction surgery,Not applicable,high,"Title confirms cosmetic ear-correction surgery/anesthesia comparison, not a disease."
upper gastrointestinal hemorrhage,Digestive diseases,high,
Proliferative lupus nephritis,Diabetes and kidney diseases,high,
upper limb of children with hemiplegia,Neurological disorders,high,Title confirms cerebral-palsy-related hemiplegia/spasticity (botulinum toxin trial)
Progressive familial intrahepatic cholestasis (PFIC),Digestive diseases,high,
Raised Intracranial Pressure,Neurological disorders,high,"Title confirms actual clinical management of raised ICP (hypertonic saline/mannitol), unlike the anesthesia-physiology framing of the similarly-named 'suspected' ICP term"
Profound irreversible sensorineural hearing loss,Sense organ diseases,high,
ProSeal laryngeal mask airway (PLMA),Not applicable,high,"device/procedure (LMA), no disease named"
Primary tooth pulpitis,Other non-communicable diseases,high,
Primary palmar hyperhidrosis,Skin and subcutaneous diseases,high,Title confirms primary palmar hyperhidrosis treatment trial
upper urinary system stones,Diabetes and kidney diseases,high,
Primary hyperoxaluria type 1,Diabetes and kidney diseases,high,Title (lumasiran ILLUMINATE-B trial) confirms genetic CKD-causing metabolic disorder
Primary congenital glaucoma,Sense organ diseases,high,Title confirms congenital glaucoma surgical trial
Protein-calorie malnutrition,Nutritional deficiencies,high,
upper abdominal and flank surgery,Not applicable,high,"generic surgical procedure, no disease named"
unilateral orchidopexy,Other non-communicable diseases,low,"orchidopexy is performed essentially only for cryptorchidism (undescended testis), a congenital anomaly; inferred from the procedure itself"
Pruritus associated with epidural morphine infusions,Not applicable,high,"opioid drug side effect (pruritus), not a disease"
Pyogenic arthritis,Other infectious diseases,high,"Title (antibiotic concentrations in suppurative synovial fluid) confirms this is a joint-infection/antibiotic-treatment trial, an infectious framing rather than inflammatory arthritis"
undergoing elective placement of myringotomy tubes,Sense organ diseases,low,"Term names myringotomy tube placement, implying underlying (recurrent) otitis media, consistent with other myringotomy-related terms in this batch, though title itself doesn't confirm"
undergoing hypospadias repair,Other non-communicable diseases,high,
undergoing inguinal herniotomy,Digestive diseases,high,
Pupil dilation for retinopathy of prematurity screening,Maternal and neonatal disorders,high,
Pulpotomy treatment in mandibular primary second molars in children,Not applicable,low,pulpotomy usually indicates deep dental caries but trauma is also a plausible cause; not explicitly stated
undergoing orchidopexy,Other non-communicable diseases,low,"orchidopexy is performed essentially only for cryptorchidism (undescended testis), a congenital anomaly; indication not explicitly named but the procedure is diagnostic of it"
Pulmonary Circulation After Fontan-Type Procedure,Other non-communicable diseases,high,Title confirms post-Fontan single-ventricle congenital heart disease physiology
Pubertal gynecomastia,Other non-communicable diseases,high,Title confirms benign endocrine condition (anastrozole trial for pubertal gynecomastia)
undergoing palatoplasty,Other non-communicable diseases,high,Title confirms cleft palate repair (congenital anomaly)
Ptsd With Conduct Disorder,Mental disorders,high,
underwent adenoidectomy,Not applicable,high,"adenoidectomy has mixed indications (infection vs OSA), none specified"
underwent labioplasty,Not applicable,high,"generic genital reconstructive procedure, indication not specified"
underwent orthopedic surgery,Not applicable,high,"generic orthopedic procedure, no disease named"
Pseudomonas aeruginosa Colonization in Cystic Fibrosis,Chronic respiratory diseases,high,
Primary ciliary dyskinesia,Chronic respiratory diseases,high,"Title targets lung function/bronchial responsiveness (pulmonary endpoint) in primary ciliary dyskinesia, analogous to the CF pulmonary-framing exception in the rubric; reclassified from Other NCD"
Primary Tooth Pulp Infection,Other non-communicable diseases,high,
Primary Mandibular Second Molars,Not applicable,low,pulp therapy procedure on a molar; likely caries-related but not explicitly stated (trauma also plausible)
Premature beats in children,Cardiovascular diseases,high,Title confirms cardiac ectopic beats/arrhythmia treatment trial
vecuronium-induced neuromuscular blockade,Not applicable,high,"drug pharmacodynamics (neuromuscular blockade), no disease named"
Angelman Syndrome,Other non-communicable diseases,high,
ventilate the lungs of anesthetized,Not applicable,high,"anesthesia/ventilation physiology, no disease named"
Posturination dribbling in children,Diabetes and kidney diseases,high,Title confirms benign urologic condition (detrusor after-contraction/post-micturition dribbling)
Postural tachycardia syndrome (POTS),Cardiovascular diseases,low,Title (midodrine vascular-effects trial) confirms autonomic dysfunction but doesn't resolve cardiovascular vs. neurological framing
Postural orthostatic tachycardia syndrome (POTS),Cardiovascular diseases,low,Title confirms POTS treatment trial but cardiovascular vs. neurological framing remains genuinely ambiguous
Posttransplant lymphoproliferative disorder (PTLD),Neoplasms,high,
vitreoretinal surgery,Not applicable,low,"vitreoretinal surgery is often for retinopathy of prematurity/retinal disease, but no specific diagnosis is named in this anesthesia-focused title"
ACUTE KAWASAKI SYNDROME,Cardiovascular diseases,high,"Title (IVIG trial to prevent coronary artery complications) confirms cardiovascular framing, consistent with how the related Kawasaki coronary-abnormality term in this batch is classified"
Postoperative recovery profile of spinal dysraphism surgery,Other non-communicable diseases,high,Title confirms spinal dysraphism = neural tube defect (congenital)
Postoperative recovery following outpatient myringotomy,Sense organ diseases,low,myringotomy is performed almost exclusively for otitis media with effusion; not explicitly named in title but strongly implied by the procedure itself
Postoperative opioid-induced pruritus,Not applicable,high,"postoperative opioid drug side effect, procedural framing"
"whether the addition of EDTA affects the clinical profile of propofol, calcium and magnesium homeostasis,renal function, or the incidence of adverse events in children undergoing ambulatory surgery",Not applicable,high,"anesthesia pharmacology study, no disease named"
Postoperative morbidity after dental rehabilitation,Not applicable,high,"generic dental procedure context, no disease named"
young paediatric dental patient,Not applicable,high,"generic dental sedation context, no disease named"
"using sevoflurane 5%
without neuromuscular block in children",Not applicable,high,"anesthesia technique description, no disease named"
Premature infants requiring diuretic therapy,Maternal and neonatal disorders,low,Title (furosemide vs bumetanide mineral-excretion trial) confirms premature-infant population but no specific diagnosis named
Primary Cleft Palate,Other non-communicable diseases,high,
Premature infants requiring parenteral nutrition,Maternal and neonatal disorders,low,Title confirms premature-infant parenteral-nutrition population but no specific diagnosis named
Prevention of invasive candidiasis in premature infants,Maternal and neonatal disorders,high,Title (fluconazole PK in extremely preterm infants) confirms this is prevention of a neonatal fungal-infection complication
Preventing extubation failure,Not applicable,low,procedural/ventilator-management outcome in preterm infants at risk of airway edema; no specific neonatal diagnosis named
"Preterm neonates, feeding intolerance",Maternal and neonatal disorders,high,Title confirms preterm feeding-intolerance as a neonatal morbidity
Preterm neonates requiring ventilator support,Maternal and neonatal disorders,high,"Title (NOPAIN trial) confirms ventilated preterm neonates, a prematurity respiratory complication"
"ureteric reimplantation, orthopaedic surgery of the lower limbs",Not applicable,high,"combined procedure label, no disease named"
Androgen Excess,Other non-communicable diseases,high,Title confirms hyperandrogenism/PCOS-type endocrine condition
urette syndrome,Neurological disorders,high,"Title (ecopipam trial) resolves the garbled text as Tourette syndrome, a tic disorder generally classified as neurological"
Preterm Neonates with Neutropenia,Maternal and neonatal disorders,high,Title confirms G-CSF trial for neutropenia as a preterm neonatal complication
Preoperative Behavioral Responses and Gastric Volume and Acidity,Not applicable,high,"physiologic/behavioral parameters around premedication, no disease named"
Premenstrual syndrome,Other non-communicable diseases,low,Title confirms PMS but this remains a residual gynecologic condition with no clean GBD home
urge incontinence,Diabetes and kidney diseases,high,
urinary tract stones,Diabetes and kidney diseases,high,
urological entities,Not applicable,low,vague catch-all term; example title (VCUG sedation) doesn't name a specific urologic diagnosis
Premature/low birth weight infants,Maternal and neonatal disorders,high,Title confirms premature/low-birth-weight infant nutrition trial
Premature labor,Maternal and neonatal disorders,high,
Radial artery catheterization in pediatric patients,Not applicable,high,"procedure (arterial catheterization), no disease named"
Randomized Controlled Trial (Not Protocol),Respiratory infections and tuberculosis,high,"Disease_clean value is a data artifact/placeholder ('Randomized Controlled Trial (Not Protocol)'), but the example title explicitly names bronchiolitis as the trial condition"
Schistosoma mansoni Infections,Neglected tropical diseases and malaria,high,
Rett Syndrome,Neurological disorders,low,Title targets breathing/autonomic manifestations of Rett syndrome (a genetic neurodevelopmental disorder) rather than cognitive/behavioral symptoms; reclassified from Mental disorders but genuinely could go either way
Rheumatic fever,Cardiovascular diseases,high,Title confirms rheumatic fever prophylaxis to prevent cardiac sequelae
"Rheumatic disease, and treated with CS",Musculoskeletal disorders,high,"Title (corticosteroid-induced growth retardation/osteopenia in rheumatic disease) confirms inflammatory arthritis (e.g. JIA) framing, not rheumatic fever/heart disease"
tympanostomy tube placement in children.,Sense organ diseases,low,tympanostomy tubes are placed almost exclusively for chronic/recurrent otitis media with effusion; not explicitly named in title but strongly implied by the procedure itself
Rheumatic carditis,Cardiovascular diseases,high,
Rheumatic Heart Disease,Cardiovascular diseases,high,
umbilical cord infection,Maternal and neonatal disorders,high,Title confirms neonatal umbilical cord care/omphalitis prevention trial
Rh hemolytic disease,Maternal and neonatal disorders,high,"Title explicitly says 'of the Newborn', confirming neonatal hemolytic jaundice framing"
An epidural test dose containing small doses of epinephrine,Not applicable,high,"anesthesia test-dose procedure, no disease named"
Rapid tracheal intubation,Not applicable,high,"procedure (intubation), no disease named"
uncomplicated cataract surgery in one eye,Sense organ diseases,high,Title confirms pediatric cataract surgery trial
Reticuloendotheliosis,Neoplasms,high,Title (multi-agent chemotherapy regimen) confirms malignant/neoplastic framing for reticuloendotheliosis
Retentio testis (undescended testis),Other non-communicable diseases,high,
Restless legs syndrome,Neurological disorders,high,"Title (L-dopa trial, explicitly distinguished from ADHD) confirms movement-disorder/neurological framing over psychiatric"
undergo surgical procedures below the umbilicus,Not applicable,high,"generic surgical procedure, no disease named"
undergoing FBO for bronchoalveolar lavage,Not applicable,high,"diagnostic procedure (bronchoscopy/BAL), underlying indication not specified"
undergoing PDA ligation,Maternal and neonatal disorders,high,
Rickettsial spotted fever,Other infectious diseases,high,"Title confirms rickettsial vector-borne infection, not in the specific NTD list"
Rise in Intracranial Pressure,Not applicable,high,"physiologic response to sedation (ICP rise), not itself a diagnosed disease"
turner's syndrome,Other non-communicable diseases,high,
tracheal or bronchial foreign body,Unintentional injuries,high,
Schistosoma japonicum infection,Neglected tropical diseases and malaria,high,
symptomatic preterm neonates (REASON),Maternal and neonatal disorders,low,Title (antibiotics/microbiome trial) confirms preterm population but 'symptomatic...(REASON)' placeholder text doesn't clarify a specific diagnosis
"systemic and
polyarticular juvenile idiopathic arthritis (sjia, pjia)",Musculoskeletal disorders,high,
that of fentanyl,Not applicable,high,"drug/procedure label fragment (postoperative adenotonsillectomy recovery), no disease named"
Scalds (burns),Unintentional injuries,high,
thoracic surgery,Not applicable,high,"generic thoracic surgery, no disease named"
"thoracic, orthopedic, genitourinary or plastic surgery",Not applicable,high,"generic multi-specialty surgery label, no disease named"
toddlers born preterm,Maternal and neonatal disorders,high,Title confirms developmental follow-up of children born preterm
Tacrolimus nephrotoxicity,Unintentional injuries,high,"Title confirms this is specifically about reversing drug-induced (tacrolimus) nephrotoxicity, an iatrogenic renal injury per the rubric's explicit adverse-treatment-effect category"
Salmonella enteritis,Enteric infections,high,
Saguenay-Lac-Saint-Jean cytochrome-c oxidase (SLSJ-COX) deficiency,Other non-communicable diseases,high,Title confirms rare mitochondrial genetic disorder treatment trial
Safety of azithromycin,Not applicable,high,"drug safety study, no disease indication named"
SHOX deficiency and Turner syndrome,Other non-communicable diseases,high,
toxicity of amphotericin B,Unintentional injuries,high,"Title confirms amphotericin B infusion-toxicity study, an adverse drug effect"
S. aureus colonization on the newborn’s skin,Not applicable,high,"microbiologic skin colonization state, not an infection/disease"
undergoing adenotonsillectomy,Not applicable,high,"adenotonsillectomy has mixed indications (infection vs OSA), none specified"
"Ancylostomiasis, Ascariasis, Taeniasis and Amoebiasis",Neglected tropical diseases and malaria,low,"Title confirms combined anthelmintic trial; 3 of 4 named diseases (hookworm, ascariasis, taeniasis) are NTDs, majority framing chosen, though amoebiasis component would technically belong to Enteric infections"
"Respiratory allergy, bronchial hyperresponsiveness",Chronic respiratory diseases,high,Title confirms allergic airway/bronchial-hyperresponsiveness framing (immunotherapy trial)
Refractive errors in children,Sense organ diseases,high,
undergoing elective cataract surgery,Sense organ diseases,high,"Term explicitly names cataract surgery; example title given appears to be a generic anesthesia-technique paper unrelated to cataract, but the disease term itself unambiguously names cataract"
Reduction of Fractures,Unintentional injuries,low,Title (fracture-reduction analgesia trial) confirms fracture but mechanism unspecified
Recurrent or refractory pediatric ependymoma,Neoplasms,high,
Recurrent or chronic middle ear inflammation,Sense organ diseases,high,
Recurrent medulloblastoma,Neoplasms,high,
Recurrent infections and immunoglobulin A and/or G subclass deficiency,Other non-communicable diseases,high,
Recurrent bronchial obstruction,Chronic respiratory diseases,high,Title (budesonide after hospitalization for recurrent bronchial obstruction) confirms asthma-spectrum airway disease framing
Recurrent Pharyngotonsillar Infections,Respiratory infections and tuberculosis,high,
Rectal premedication,Not applicable,high,"drug/procedure (premedication), no disease named"
undergoing elective hypospadias repair,Other non-communicable diseases,high,
Recalcitrant warts,Skin and subcutaneous diseases,high,
Recalcitrant nodular acne,Skin and subcutaneous diseases,high,
Reading in Developmental Dyslexia,Mental disorders,high,Title confirms developmental dyslexia/reading-disorder framing
undergoing elective lower abdominal ⁄ urological surgery,Not applicable,high,"generic surgical procedure, no disease named"
Reading disorders,Mental disorders,high,Title (methylphenidate + reading remediation) confirms developmental learning-disorder framing
Refractive Error,Sense organ diseases,high,
Refractory Epilepsies,Neurological disorders,high,
undergoing ambulatory surgery for bilateral myringotomy and tube insertion (BMT),Sense organ diseases,high,Title confirms bilateral myringotomy/tube-insertion procedure implying recurrent otitis media
Refractory convulsive status epilepticus,Neurological disorders,high,
Respiratory adverse events in children undergoing tonsillectomy and adenoidectomy,Not applicable,high,"postoperative adverse-event framing after tonsillectomy/adenoidectomy, procedural"
undergoing cochlear implantation,Sense organ diseases,high,Title (anesthesia for cochlear implantation) confirms severe hearing loss population
Resistant Gram-positive infections,Other infectious diseases,high,"Title confirms generic antibiotic-resistant infection trial, site unspecified"
Residual haemangioma following propranolol treatment,Skin and subcutaneous diseases,high,
Renal tubular dysfunction,Diabetes and kidney diseases,high,
undergoing colonoscopy,Not applicable,high,"procedure (colonoscopy), underlying indication not specified"
Renal function evaluation,Not applicable,high,"physiologic renal function test, no disease named"
undergoing complete dental rehabilitation under GA,Not applicable,high,"generic dental rehabilitation under anesthesia, no disease named"
Removal of tracheobronchial foreign body,Unintentional injuries,high,
Removal of laryngeal mask airway in pediatric patients,Not applicable,high,"device/procedure (LMA removal), no disease named"
undergoing dental surgery,Not applicable,high,"generic dental procedure, no disease named"
Relapsed steroid sensitive nephrotic syndrome,Diabetes and kidney diseases,high,
Regressive type of autism spectrum disorder,Mental disorders,high,
undergoing elective ENT surgery,Not applicable,high,"generic ENT procedure, no disease named"
Refractory septic shock,Maternal and neonatal disorders,high,"Title specifies this trial is refractory septic shock 'in the preterm neonate', a neonatal sepsis complication; reclassified from generic infectious disease"
Tachydysrhythmias,Cardiovascular diseases,high,Title confirms cardiac arrhythmia (catheter ablation for tachydysrhythmias)
pediatric patients undergoing elective inpatient otorhinolaryngologic or orthopedic surgery,Not applicable,high,"generic multi-specialty elective surgery, no disease named"
Taekwondo athletes,Not applicable,high,"sports/fitness training study in athletes, not a disease"
bone marrow biopsy and aspirate,Not applicable,high,"procedure (bone marrow biopsy), underlying indication not specified"
idiopathic nephrotic syndrome,Diabetes and kidney diseases,high,
"idiopathic steroid sensitive nephrotic
syndrome (SSNS)",Diabetes and kidney diseases,high,
impaired pulmonary function,Chronic respiratory diseases,high,Title (long-term pulmonary outcomes after postnatal dexamethasone in VLBW infants) shows this is a chronic lung disease of prematurity (BPD) follow-up study; reclassified from Not applicable
catheter-related infections,Other infectious diseases,high,"Title confirms catheter-associated bloodstream infection prevention trial (taurolidine-citrate lock), an infectious framing"
cardiotoxicity,Unintentional injuries,high,"Title confirms anthracycline-induced cardiotoxicity, an adverse chemotherapy effect"
"bradycardia, premature atrial contraction",Not applicable,high,"perioperative vital-sign findings related to drug dosing, not a diagnosed disease"
bradycardia,Not applicable,high,"drug/anesthesia-related vital-sign change, not a diagnosed cardiac disease"
body surface surgery,Not applicable,high,"generic surgical procedure, no disease named"
Postoperative care of pediatric cardiac surgery patients,Not applicable,high,"generic postoperative cardiac-surgery context, underlying defect not specified"
improve cardiopulmonary outcome and growth of very low birth weight,Maternal and neonatal disorders,high,Title confirms VLBW infant growth/dexamethasone trial
ineffective epidermal barrier.,Skin and subcutaneous diseases,low,Title (topical ointment in premature infants) is consistent with skin-barrier framing but could also be read as a general prematurity skin-care study rather than a distinct skin disease
infants circumcision,Not applicable,high,"procedure (circumcision), no disease named"
Adenoid surgery,Not applicable,high,"adenoid surgery has mixed indications (infection vs OSA), none specified"
infants colic,Digestive diseases,high,
asotracheal intubation,Not applicable,high,"procedure (intubation), no disease named"
Adenoid vegetations,Other non-communicable diseases,high,Title confirms treatment trial for adenoid hypertrophy itself (homeopathic treatment RCT)
cefuroxime axetil,Sense organ diseases,high,Title explicitly states 'Treatment of otitis media with cefuroxime axetil' -- reveals the specific disease (otitis media) missed by the drug-name term.
cellulitis,Skin and subcutaneous diseases,high,
central venous catheter related infections and thrombotic events,Other infectious diseases,low,Title (vancomycin/ciprofloxacin/heparin flush prevention trial) is primarily an infection-prevention framing; the thrombotic-event component has no clean GBD home
cerebral blood flow velocity during intubation,Not applicable,high,"Title confirms an opioid-comparison physiology study of cerebral blood flow during intubation, no disease named."
Acute hematogenous bone and joint infection,Other infectious diseases,high,Title confirms bone/joint infection antibiotic trial
children undergoing elective ophthalmic surgery,Not applicable,high,"Title (IV cannulation sedation) confirms generic surgical/procedural context, no specific eye disease named."
hematopoietic stem cell transplantation,Not applicable,low,Title confirms a generic post-HSCT immunoglobulin-prophylaxis study; HSCT is performed for many different underlying diseases (malignant and non-malignant) and none is named.
hemodynamic alterations,Not applicable,high,"Title confirms a caudal-anesthesia hemodynamic-physiology study in newborns, no disease named."
children in day-carecenters favors,Not applicable,high,"Title confirms a generic nonspecific-immunity/recurrent-infection-prevention study, no single disease named."
Acute bronchospasm,Chronic respiratory diseases,high,Title confirms asthma-spectrum bronchospasm treatment trial
children discharged from hospital for any medical reason,Not applicable,high,"Title confirms a generic post-discharge azithromycin-prophylaxis study across any admission reason, no single disease named."
children ASA I or II,Not applicable,high,"Title confirms a generic heart-rate-variability physiology study, no disease named."
children  osteotomy underwent orthopedic surgery,Not applicable,low,"Title names 'Salter innominate osteotomy', a procedure specific to developmental hip dysplasia, but the diagnosis itself is not stated in the title, so kept as procedure-framed."
high concentrations of sevoflurane or halothane,Not applicable,high,"Title confirms a generic anesthetic-induction-agent comparison, no disease named."
hyperthermia of infectious origin,Other infectious diseases,high,"Title confirms fever attributed to infection, pathogen/site unspecified"
childhood hyperkinetic syndrome,Mental disorders,high,
changes in lumbar bone mineral density (BMD),Not applicable,high,"Title confirms bone-density measurement study, no disease named."
"idiopathic 
short stature",Other non-communicable diseases,high,"Title confirms GH treatment trial for idiopathic short stature, endocrine/growth framing"
cerebral oxygenation and circulation,Not applicable,low,"Title (ibuprofen and cerebral oxygenation/circulation) plausibly reflects a patent-ductus-arteriosus closure study, since ibuprofen in neonates is used almost exclusively for PDA, but PDA is not named in the title, so kept as a physiologic-parameter term."
infants gut microbiome,Not applicable,high,"Title confirms a microbiome/post-antibiotic-diarrhea-risk study in an otherwise healthy infant population; diarrhea is a measured outcome, not the enrollment diagnosis."
Adenotonsillar hyperplasia,Other non-communicable diseases,low,Title (postop analgesia trial) doesn't add new disease information; adenotonsillar hyperplasia still has no clean GBD home
healthy children undergoing adenotonsillectomy,Not applicable,high,"Term explicitly says 'healthy children'; title confirms a generic induction-agent intubation-conditions study, no disease named."
intravenous cannulation,Not applicable,high,"Title confirms a generic topical-anesthetic-for-cannulation-pain study, no disease named."
Williams Beuren Syndrome,Other non-communicable diseases,high,
infantsile seborrhoeic dermatitis,Skin and subcutaneous diseases,high,
Acute autonomic nervous system,Not applicable,high,"Title confirms this is a caffeine autonomic-effects physiology study, not a disease."
intestinal microbiome diversity,Not applicable,high,"Title confirms a microbiome lab-parameter study, no disease named."
intestinal preparations,Not applicable,high,"Title confirms a generic bowel-preparation regimen comparison, no disease named."
intestinal protozoa and helminthic infections,Neglected tropical diseases and malaria,low,Title confirms mixed helminthic (NTD) and protozoal (more properly Enteric infections) treatment trial; majority/helminth framing chosen
intra-ocular pressure,Not applicable,high,"Title confirms intra-ocular pressure measurement/anesthesia-technique study, no disease named."
"intravenous line
placement",Not applicable,high,"Title confirms a generic local-anesthesia-for-IV-placement study, no disease named."
infants pyloromyotomy,Other non-communicable diseases,high,Title confirms pyloromyotomy for congenital hypertrophic pyloric stenosis
Weight gain associated with atypical antipsychotic therapy,Unintentional injuries,high,"Title confirms antipsychotic-induced weight gain, an adverse drug effect"
juvenile‑onset spondyloarthritis,Musculoskeletal disorders,high,
kerion,Skin and subcutaneous diseases,high,
laparoscopic daytime surgery,Not applicable,high,"Title confirms a generic anesthetic-technique comparison for day surgery, no disease named."
left ventricle dimen_x0002_sions,Not applicable,high,"Title confirms a dexamethasone cardiac-side-effect echocardiography study in preterm infants, a physiologic-parameter measurement, no disease named."
leg spasticity in cerebral palsy,Neurological disorders,high,
Acute ankle sprain,Unintentional injuries,high,
Williams syndrome,Other non-communicable diseases,high,
Wolff-Parkinson-White (WPW) syndrome,Cardiovascular diseases,high,Title confirms WPW cardiac conduction abnormality trial
infantsile phlebitis caused by intravenous indwelling needle,Unintentional injuries,high,"Title confirms IV-line-related phlebitis, an iatrogenic device complication"
World Allergy Organization Journal,Chronic respiratory diseases,low,"Journal name mistakenly captured as the disease term; title reveals 'pranlukast to reduce the frequency of wheezing in atopic children' -- pranlukast is a leukotriene-antagonist asthma-controller medication, so best mapped to Chronic respiratory diseases even though 'asthma' isn't the literal word used."
infants requiring long-term total parenteral nutrition,Not applicable,high,"Title confirms generic long-term-TPN population study, no specific disease named."
Adolescent Methamphetamine Abuse/Dependence,Substance use disorders,high,
amnesi,Not applicable,high,"Title confirms a sedation-related amnesia-effect comparison, not a disease."
ambulatory adenoidectomy,Not applicable,high,Title confirms a generic anesthetic-induction/recovery-characteristics study; adenoidectomy is done for multiple indications and none is named.
agitated recovery,Not applicable,high,"Title confirms a postoperative emergence-agitation comparison, an anesthesia-related event, not a disease."
adrenergic response of skin incision,Not applicable,high,"Title confirms an anesthetic-requirement physiology study, no disease named."
infants requiring mechanical ventilation,Not applicable,high,"Title (RAPIP trial) confirms generic PICU/ventilated-infant population study, no diagnosis named."
Adverse Reactions Following Vaccination Of Infants With Diphtheria-Pertussis-Tetanus Toxoids-Polio Vaccine,Not applicable,high,"Title confirms this is a vaccine-adverse-reaction study, not treatment of the target diseases."
acute bronchospasm,Chronic respiratory diseases,low,Title (theophylline dosing methods paper) doesn't explicitly confirm bronchospasm; theophylline is also used for other indications like apnea of prematurity
activation cluster adverse events,Unintentional injuries,high,"Title clarifies this is SSRI (fluvoxamine)-induced activation syndrome, an iatrogenic adverse drug effect; reclassified from Not applicable"
"a Subnormal Spontaneous
Secretion of Growth Hormone",Other non-communicable diseases,high,Title confirms growth hormone deficiency/neurosecretory dysfunction trial
infants response to circumcision,Not applicable,high,"Circumcision is a listed procedure example; title confirms a topical-anesthesia-response study, not a disease."
Xerosis In Chronic Kidney Disease,Diabetes and kidney diseases,high,Title confirms this is a CKD-associated skin-symptom trial with CKD explicitly named as the underlying disease
infantsile cataract surgery,Sense organ diseases,high,Title confirms infantile/congenital cataract surgery trial
infantsile diaper dermatitis,Skin and subcutaneous diseases,high,
healthy volunteers,Not applicable,high,"Term explicitly says 'healthy volunteers'; title is a palatability comparison of antibiotics in healthy children, not treatment of otitis media."
Acute infectious diseases,Other infectious diseases,high,"Title confirms generic antibiotic trial (fecal flora effects), no specific infection named"
"penile, anal, or inguinal surgery",Not applicable,high,"Title confirms a generic caudal-blockade technique study, no disease named."
fascia iliaca compartment block in children,Not applicable,high,"Title confirms a regional-block pharmacokinetics study, no disease named."
exhausting swimming. induced inflammation,Not applicable,high,"Title confirms exercise-induced inflammation physiology study, not a diagnosed disease."
delayed gastric emptying,Digestive diseases,low,"Title notes gastric-emptying response 'depends on the underlying condition', confirming heterogeneous etiology but not resolving it further"
extraperitoneal lower abdominal surgeries,Not applicable,high,"Title confirms a generic regional-block comparison for abdominal surgery, no disease named."
delay of craniofacial growth,Other non-communicable diseases,high,Title (GH treatment trial for SGA children) shows this belongs to the same growth-hormone/endocrine cluster as other short-stature/SGA terms in this batch; reclassified from Not applicable
extremely preterm birth,Maternal and neonatal disorders,high,
extremity fractures in children,Unintentional injuries,low,Title (ED analgesia trial) confirms fracture but mechanism unspecified
facilitate tracheal intubation within a short time of sevoflurane induction,Not applicable,high,"Title confirms a generic propofol-dosing study for tracheal intubation, no disease named."
cytomegalovirus viremia,Other infectious diseases,high,"Title confirms CMV viremia, a systemic viral infection with no more specific GBD home"
fragile X syndrome,Other non-communicable diseases,high,"Title is a drug trial (cannabidiol) treating Fragile X syndrome itself; genetic/chromosomal disorder fits residual NCD better than Mental disorders, consistent with the other Fragile X term in this batch"
fistula formation following cleft palate repair,Other non-communicable diseases,high,
cy--xic chemotherapy,Not applicable,low,"Title confirms this is an antiemetic (nausea/vomiting) trial in children receiving chemotherapy broadly; chemotherapy strongly implies an underlying cancer diagnosis, but no specific cancer type is named, so kept as a treatment-context term rather than assigning Neoplasms."
cryptorchidism,Other non-communicable diseases,high,
flexible bronchoscopy,Not applicable,high,Title confirms a generic lidocaine-for-bronchoscopy study; bronchoscopy is performed for multiple indications and none is named.
cranial spread during caudal blockade in children,Not applicable,high,"Title confirms an ultrasound anesthetic-spread-assessment study, no disease named."
following caudal blocks in children,Not applicable,high,"Title confirms a caudal-anesthetic pharmacokinetics study, no disease named."
Acute-on-chronic liver failure,Digestive diseases,high,
"dental treatment
dentistry",Not applicable,high,"Title confirms a generic injection-pain-perception study in pediatric dentistry, no specific dental disease (e.g., caries) named."
dermatophytoses,Skin and subcutaneous diseases,high,
dexmedetomidine,Not applicable,high,"Disease_clean is a drug name; title confirms a generic postoperative-epidural-analgesia-adjuvant study, no disease named."
Acute renal allograft rejection,Diabetes and kidney diseases,high,Title confirms renal transplant rejection treatment trial
endotracheal intubation.,Not applicable,high,"Title confirms a generic induction-agent comparison for neonatal intubation, no disease named."
endoscopy,Not applicable,high,"Title confirms a generic sedation-agent comparison for endoscopy, no disease named."
endemic cretinism,Nutritional deficiencies,high,
Acute lower respiratory tract diseases,Respiratory infections and tuberculosis,high,
Acute obstructive airway disease,Chronic respiratory diseases,low,"Title (repeat albuterol dosing safety trial in infants) raises possibility this is viral bronchiolitis (infectious) rather than classic asthma, but doesn't confirm either way"
esophageal strictures,Digestive diseases,high,
Acute osteoarticular infections in children,Other infectious diseases,high,Title confirms bone/joint infection antibiotic trial
elective endotracheal intubation,Not applicable,high,"Title confirms a generic morphine-premedication study for neonatal intubation, no disease named."
elective cardiac catheterization,Not applicable,high,Title confirms a generic anesthetic-agent comparison for a diagnostic procedure; catheterization serves many different underlying heart conditions and none is named.
early Trypanosoma cruzi infection,Neglected tropical diseases and malaria,high,
espiratory Effects,Not applicable,high,"Title confirms this is a pharmacologic/physiologic 'respiratory effects' comparison study of anesthetics, not a disease."
doxorubicin-induced hepatic fibrosis,Digestive diseases,high,
evaluated effects on gastric pH/volume,Not applicable,high,"Title confirms a preoperative gastric physiology/lab-parameter study, no disease named."
dose determination study,Not applicable,high,"Title confirms a generic anesthetic-induction-agent dose-finding study, no disease named."
dilate pupils in neonates,Not applicable,high,"Title confirms a mydriatic-eyedrop-effects study for pupil dilation (an exam procedure), no disease named."
corrective spinal surgery for idiopathic scoliosis,Musculoskeletal disorders,high,Title confirms idiopathic scoliosis explicitly as the underlying disease
full term G6PD deficient neonates with jaundice,Maternal and neonatal disorders,high,"Title confirms neonatal jaundice framing ('of the newborn'), though G6PD hemoglobinopathy is also present"
hand surgery,Not applicable,high,"Title confirms a regional-block anesthetic comparison for hand surgery, no disease named."
children undergoing upper gastrointestinal,Not applicable,high,"Title confirms a sedation-dose-finding study for upper GI endoscopy, a diagnostic procedure, no disease named."
chronic lung disease,Chronic respiratory diseases,high,
cholecystectomy,Not applicable,low,"Title names laparoscopic cholecystectomy (an analgesia-technique comparison); gallbladder removal strongly implies gallbladder/biliary disease, but no diagnosis is stated in the title, so kept as procedure-framed."
choice of site and ease of venous cannulation,Not applicable,high,"Title confirms a topical-anesthetic venous-cannulation-technique study, no disease named."
children with congenital heart disease undergoing cardiac surgery,Other non-communicable diseases,high,
children with Idiopathic overactive bladder,Diabetes and kidney diseases,high,
children with Growth hormone deficiency,Other non-communicable diseases,high,
children who were to undcrgo elective surgery,Not applicable,high,"generic anesthesia-induction study, no disease named"
general surgical procedures,Not applicable,high,"Title confirms a generic anesthesia-technique comparison for surgery, no disease named."
coronary artery abnormalities in severe Kawasaki disease (RAISE study),Cardiovascular diseases,high,Title confirms cardiovascular (coronary artery) complication focus of Kawasaki disease treatment
gestational age of 31 weeks or less,Maternal and neonatal disorders,high,
gingival inflammation sets,Other non-communicable diseases,high,
gut resistome,Not applicable,high,"Title confirms a microbiome/antibiotic-resistance lab-parameter study, no disease named."
haemato-oncological,Neoplasms,high,
haemophilia,Other non-communicable diseases,high,
children undergoing sub-umbilical surgery,Not applicable,high,"Title confirms a generic caudal-analgesia comparison for surgery, no disease named."
children undergoing ophthalmic surgery,Not applicable,high,"Title confirms a regional-block anesthesia-technique study, no specific eye disease named."
clinically acceptable intubation conditions,Not applicable,high,"Title confirms a neuromuscular-blocker dosing study for intubation, no disease named."
closure of hsPDA.,Maternal and neonatal disorders,high,
closure of patent ductus arteriosus in preterm infants,Maternal and neonatal disorders,high,
gastrointestinal disease,Digestive diseases,high,"Title (oral liquid ranitidine, an H2-blocker) confirms acid-peptic digestive disease framing"
full-term neonates with nonhemolytic jaundice,Maternal and neonatal disorders,high,
functional endoscopic sinus surgery (FESS),Not applicable,high,Title confirms a vasoconstrictor-technique comparison for FESS; the procedure serves multiple sinus conditions and none is named.
fungal infection,Other infectious diseases,high,Title confirms systemic fungal-infection prevention trial in oncology/hematology patients
Acyanogenic Congenital Cardiopathies,Other non-communicable diseases,high,
congenital heart,Other non-communicable diseases,high,
congenital hearing loss,Sense organ diseases,high,Title confirms severe congenital hearing loss requiring cochlear implant
complex congenital heart disease,Other non-communicable diseases,high,
compare cerebral oxygenation and bioelectrical activity during SRT with porcine and bovine surfactant.,Maternal and neonatal disorders,high,Title confirms neonatal RDS (surfactant replacement therapy) framing
colostomy closure,Not applicable,high,Title confirms a generic prophylactic-antibiotic-for-procedure study; colostomy closure serves multiple underlying conditions and none is named.
"fungal rectal
colonization and systemic infection",Other infectious diseases,high,
Acute infectious pulmonary diseases or acute flare-ups of chronic bronchitis,Respiratory infections and tuberculosis,low,Title (generic 'bronchopulmonary diseases' trial) doesn't resolve the acute-infection vs. chronic-bronchitis-flare ambiguity in the term
colonization of continuous epidural catheters,Not applicable,high,"Title confirms a catheter-colonization/antisepsis prevention study, no disease named."
Acyanotic Cardiac Lesions,Other non-communicable diseases,high,
cochlear implant surgery in children,Not applicable,low,"Title confirms a surgical-field/hemodynamics comparison; cochlear implants strongly imply severe/profound hearing loss, but no diagnosis is stated in the title, so kept as procedure-framed."
clot formation in small infants,Not applicable,high,"Title reveals this is a coagulation/physiologic-parameter study (colloid effects on clot formation), not treatment of a diagnosed thrombotic disease; reclassified from Cardiovascular diseases."
Voiding cystourethrography,Not applicable,high,"Title confirms a sedation-for-imaging-procedure study, no disease named."
Vitreoretinal (VR) surgery with or without scleral buckling,Not applicable,low,Title confirms a peribulbar-block anesthesia-technique study; VR surgery is used for multiple different retinal diseases and none is named in the title.
Vitamin K deficiency,Nutritional deficiencies,high,
Aggressive Behavior Problems in Boys with Intellectual Disabilities,Mental disorders,high,
Type 1 hyperlipoproteinemia (T1HLP),Other non-communicable diseases,high,"titles confirm lipid disorder (orlistat trial), no dedicated GBD home"
outpatient otolaryngological surgery,Not applicable,high,"Title confirms a generic induction-agent cardiovascular-effects study, no disease named."
outpatient paediatricdental procedures,Not applicable,high,"Title confirms a generic dental-sedation-option study, no specific dental disease (e.g., caries) named."
outpatient surgery,Not applicable,high,"Title confirms a generic oral-midazolam premedication study, no disease named."
paediatric caudal block,Not applicable,high,"Title confirms a caudal-anesthetic-agent comparison, no disease/indication named."
paediatric circumcision,Not applicable,high,"Circumcision is a listed procedure example; title confirms generic anesthesia-technique comparison for circumcision, not a disease."
paediatric colonoscopy,Not applicable,high,"Title confirms a generic sedation-for-colonoscopy comparison, no disease named."
Aggressive Hospitalized School-age Children,Mental disorders,high,"titles confirm aggression/behavior treated with mood stabilizer/antipsychotic (lithium, haloperidol)"
patient needed restorative dentistry,Other non-communicable diseases,high,
Tubulointerstitial nephritis,Diabetes and kidney diseases,high,
paediatric craniosynostosis surgery,Other non-communicable diseases,high,
paediatric laparoscopic surgeries,Not applicable,high,"Title confirms a generic regional-block-for-surgery comparison, no disease named."
Tropical enteropathy,Digestive diseases,high,"titles confirm antibiotic (rifaximin) treatment of an intestinal disorder, not a nutrition intervention"
Acute Hepatitis A,Digestive diseases,high,
patency of arterial catheters,Not applicable,high,"Title confirms a catheter-patency/heparin physiology study, no disease named."
Trichotillomania,Mental disorders,high,
Type II Hypercholesterolemia,Other non-communicable diseases,high,titles confirm lipid disorder trial
Aggression in youth with pervasive developmental disorders,Mental disorders,high,
UIOPE,Not applicable,high,"Titles reveal UIOPE = unwanted intraoperative penile erection, a physiologic/procedural event, not a disease."
Ulcerated infantsile haemangiomas,Skin and subcutaneous diseases,high,
open cardiac surgery,Not applicable,high,"Title confirms a postoperative-inflammatory-marker study after cardiac surgery, no specific cardiac diagnosis named."
Undergoing diagnostic upper endoscopy procedures,Not applicable,high,"Title confirms a sedation-for-endoscopy comparison, no disease named."
Undergoing Pediatric Diagnostic Cardiac Catheterization,Not applicable,high,Title confirms a sedation/hemodynamics study during a diagnostic procedure; catheterization serves many different underlying heart conditions and none is named.
Undergoing CPB for congenital heart diseases,Other non-communicable diseases,high,
Undergo major abdominal or thoracic surgery,Not applicable,high,"Title confirms a generic analgesia-technique comparison for major surgery, no disease named."
ophthalmic procedures,Not applicable,high,"Title confirms a generic anesthesia-induction-technique study, no specific eye disease named."
Uncooperative/fearful pediatric dental patients,Not applicable,high,"Title confirms a dental-sedation comparison study, no disease named."
Uncooperative children for EEG recording,Not applicable,high,"Title confirms a sedation-for-EEG-recording procedural study, no disease named."
Uncooperative behavior during dental treatment,Not applicable,high,"Title confirms a dental-sedation comparison study, no disease named."
Unconjugated hyperbilirubinemia,Maternal and neonatal disorders,high,
Umbilical granuloma,Skin and subcutaneous diseases,high,titles confirm topical treatment of a granulation-tissue skin lesion
ophthalmological or otological surgery,Not applicable,high,"Title (catecholamine response to intubation) confirms generic surgical/anesthesia context, no disease named."
Umbilical cord infection,Maternal and neonatal disorders,high,
Ultrasound Guided Rectus Sheath Block,Not applicable,high,"Title confirms a regional-block-adjuvant comparison for abdominal surgery, no disease named."
Ulnar growth,Not applicable,high,"Titles confirm this is a bone-growth physiology study, not a disease."
Airway hyperresponsiveness,Chronic respiratory diseases,high,"titles confirm inhaled-corticosteroid treatment of airway hyperresponsiveness, asthma-related"
Transient thyroid dysfunction after cardiopulmonary bypass,Other non-communicable diseases,high,"titles confirm active thyroid-hormone replacement for a genuine post-op thyroid dysfunction, not just a lab artifact"
light to moderate caffeine users,Not applicable,high,"Title confirms a caffeine/cognitive-performance study, not a disease."
erector spinae plane block in pediatric patients,Not applicable,high,"Title confirms a regional-block-technique comparison for abdominal surgery, no disease named."
Tonsil hypertrophy,Other non-communicable diseases,low,"titles only address tonsillectomy analgesia, do not resolve the ENT-condition category ambiguity"
Tongue-tie (ankyloglossia),Other non-communicable diseases,high,
To compare two different doses of propofol for laryngeal mask airway (LMA) insertion in children undergoing out‑patient surgeries,Not applicable,high,"Title confirms a generic propofol-dosing study for LMA insertion, no disease named."
"Tinea corporis, tinea cruris",Skin and subcutaneous diseases,high,
pediatric patients scheduled for anterior ear fistula removal or eardrum catheterization,Not applicable,high,"Title confirms a generic oral-midazolam premedication-tolerability study; the two named procedures (fistula removal, tympanostomy) don't share one clear underlying diagnosis in the title."
Allergic,Not applicable,low,Titles show generic allergen immunotherapy; still no specific allergic disease named.
Tinea Pedis,Skin and subcutaneous diseases,high,
Tic disease,Neurological disorders,low,titles show antipsychotic-class treatment (tiapride) for tics; movement-disorder vs psychiatric framing remains a genuine judgment call
Airway irritation,Not applicable,high,"Titles confirm this is an anesthesia-related airway reactivity event, not a distinct disease."
"Tianjin, China",Chronic respiratory diseases,low,"Location placeholder mistakenly captured as the disease term; title reveals 'montelukast sodium in treating infantile wheezing' -- montelukast is an asthma-controller medication, so best mapped to Chronic respiratory diseases (recurrent wheeze/asthma) even though 'asthma' isn't the literal word used."
Thoracostomy Tube Removal,Not applicable,high,Title confirms a generic analgesia-for-tube-removal study; chest tubes are placed for multiple underlying conditions and none is named.
pediatric premedication in outpatient surgery,Not applicable,high,"Title confirms a generic intranasal premedication comparison, no disease named."
Thoracoscopic Surgery,Not applicable,high,"Title confirms a generic bronchial-blocker-placement technique study, no disease named."
The Netherlands,Mental disorders,high,Location placeholder mistakenly captured as the disease term; title explicitly names 'Disruptive Behavior Disorder' treated with methylphenidate -- reveals the specific disease missed.
The Journal of Thoracic and Cardiovascular Surgery,Not applicable,high,"Journal name mistakenly captured as the disease term; title confirms a generic cardioplegia/myocardial-protection study during cardiac surgery, no specific cardiac diagnosis named."
pediatrics undergoing cochlear implantation,Not applicable,low,"Title confirms a premedication-sedation comparison; cochlear implantation strongly implies severe/profound hearing loss, but no diagnosis is stated in the title, so kept as procedure-framed."
pediatric infraumbilical surgeries,Not applicable,high,"Title confirms a generic caudal-adjuvant comparison for surgery, no disease named."
pediatric endodontic disease,Other non-communicable diseases,high,
Total parenteral nutrition (TPN)-associated cholestasis,Digestive diseases,high,
pediatric cardiac catheterization,Not applicable,high,Title confirms a sedation/cerebral-oxygenation comparison during a diagnostic procedure; catheterization serves many different underlying heart conditions and none is named.
Transient synovitis of the hip,Musculoskeletal disorders,high,
peanut allergy,Other non-communicable diseases,high,titles confirm IgE-mediated food allergy diagnosis (omalizumab desensitization)
pectus surgery,Other non-communicable diseases,low,titles describe generic thoracic-surgery analgesia and don't explicitly confirm pectus deformity
Transfusion-dependent thalassemia,Other non-communicable diseases,high,
"pediatric 
ambulatory surgery",Not applicable,high,"Title confirms a generic anesthetic-agent recovery-characteristics comparison, no disease named."
"Transfusion-dependent haemoglobinopathies like β-thalassaemia major, sickle cell disease",Other non-communicable diseases,high,
Transfusion-dependent beta-thalassaemia,Other non-communicable diseases,high,
Transfusion,Not applicable,low,"Title (erythropoietin reducing transfusion need in VLBW infants) plausibly implies anemia of prematurity, but no diagnosis is explicitly named, so kept as a generic procedural/outcome term."
Airway obstruction,Not applicable,low,"Titles describe ventilated newborns generally, without naming a specific obstructive diagnosis."
Tracheoesophageal fistula,Other non-communicable diseases,high,
pediatric Congenital heart defects repair with cardiopulmonary bypass,Other non-communicable diseases,high,
pediatric Moyamoya disease,Cardiovascular diseases,high,titles confirm Moyamoya diagnosis; GBD groups this stroke-causing cerebrovascular disease under cardiovascular
Trachea-esophageal fistula,Other non-communicable diseases,high,
Toxic ingestions,Unintentional injuries,high,
Alagille syndrome,Digestive diseases,high,"titles show the trial is framed around cholestatic liver disease/pruritus treatment, not the broader congenital syndrome"
onsillectomy,Not applicable,high,Title confirms a post-tonsillectomy analgesia comparison; tonsillectomy is done for multiple indications and none is named.
nose and throat (ENT) surgery,Not applicable,high,"Title confirms a generic premedication (nefopam) comparison, no disease named."
Undergoing surgical ventricular septal defect (VSD) closure,Other non-communicable diseases,high,
Acute Phase Reaction After Intravenous Bisphosphonate Infusion,Unintentional injuries,high,titles confirm an iatrogenic drug reaction after infusion
Velocardiofacial Syndrome,Other non-communicable diseases,high,
Vasoplegic syndrome,Unintentional injuries,high,"titles confirm a postoperative complication of cardiac surgery, iatrogenic"
Vasodilatory shock,Not applicable,low,Titles still don't specify the underlying cause of shock (septic vs other).
metabolic acidosis,Not applicable,high,"Titles confirm an anesthesia-related lab finding, not a distinct disease."
Vaso-occlusive crisis in sickle cell disease,Other non-communicable diseases,high,
Various chronic diseases requiring long-term steroid therapy,Not applicable,high,"Titles confirm a heterogeneous chronic-disease population, no single disease named."
Varicocele,Diabetes and kidney diseases,high,titles confirm a benign urologic condition (varicocelectomy)
Valproic acid induced hepatotoxicity,Digestive diseases,high,
normal healthy children,Not applicable,high,"explicitly healthy population, no disease"
mild Hyaline membrane disease,Maternal and neonatal disorders,high,
Uveitis associated with juvenile idiopathic arthritis,Musculoskeletal disorders,high,
Use of peripherally inserted central venous catheters in neonates,Not applicable,high,"device/procedure (central line) context, no disease named"
Use of heparin to prolong PICC usability in very low birth weight infants,Not applicable,high,"device/procedure (PICC line maintenance) context in VLBW infants, no disease named"
Use of atropine before succinylcholine in children,Not applicable,high,"premedication drug protocol, no disease named"
minor inguinal or penile surgery,Not applicable,high,"generic surgical category, no disease named"
Urolithiasis in children,Diabetes and kidney diseases,high,
Venous malformation,Other non-communicable diseases,high,titles confirm a congenital vascular anomaly treated with sclerotherapy
Ventilator dependency in very low birth weight infants,Maternal and neonatal disorders,high,titles confirm BPD/prematurity-related ventilator dependency
melamine-induced urinary calculi,Diabetes and kidney diseases,high,
major surgery of infants,Not applicable,high,"generic surgical category, no disease named"
lingual midazolam premedication,Not applicable,high,"premedication/sedation context, no disease named"
liver injury,Digestive diseases,high,
Vital Capacity Rapid Inbalation Induction,Not applicable,high,"anesthesia induction technique, no disease named"
Visually Handicapped Children,Sense organ diseases,high,
lower abdominal and genitourinary surgery,Not applicable,high,"generic surgical category, no disease named"
lower abdominal and lower limb surgeries,Not applicable,high,"generic surgical category, no disease named"
lower abdominal and penile surgery,Not applicable,high,"generic surgical category, no disease named"
Viral croup,Respiratory infections and tuberculosis,high,
Adverse events following azithromycin treatment,Unintentional injuries,high,titles confirm drug adverse-event framing
lower abdominal and urologic surgery,Not applicable,high,"generic surgical category, no disease named"
Aflatoxin exposure,Unintentional injuries,low,title (clay-binder trial) plausibly relates to aflatoxin-binding but doesn't explicitly name aflatoxin
lower abdominal surgery,Not applicable,high,"generic surgical category, no disease named"
lower-limb spasticity caused by cerebral palsy,Neurological disorders,high,
lowerabdominal or urogenital procedures,Not applicable,high,"generic surgical category, no disease named"
Ventricular or atrioventricular septal defect requiring surgery with cardiopulmonary bypass,Other non-communicable diseases,high,
minor surgery,Not applicable,high,"generic surgical category, no disease named"
"minor urologic, plastic and orthopedic surgery",Not applicable,high,"generic mixed-surgery category, no specific disease named"
Urogenital schistosomiasis,Neglected tropical diseases and malaria,high,
neonatal responses to endotracheal tube (ETT),Not applicable,high,"procedural/pharmacokinetic context (morphine PK in preterm/term neonates around ETT care), no disease named"
Upper limb spasticity in pediatric cerebral palsy,Neurological disorders,high,
Upper limb fractures in pediatric patients,Unintentional injuries,low,titles don't specify fracture mechanism/intent
Upper airway obstruction after extubation in critically ill children,Unintentional injuries,high,"titles confirm a post-extubation airway complication, a procedural adverse event"
Upper Extremity Spasticity in Children With Cerebral Palsy,Neurological disorders,high,
Acute Lobar Nephronia,Other infectious diseases,high,titles confirm this is an infectious renal process (severe UTI/pyelonephritis variant); rubric's kidney-disease category is specifically for non-infectious kidney disease
Unilateral spastic cerebral palsy (USCP),Neurological disorders,high,
neurodevelopmental outcome,Neurological disorders,low,"title reveals a study of epilepsy driving autism in infants with Tuberous Sclerosis Complex; epilepsy is the explicitly named neurological condition studied as the primary driver, though autism (Mental disorders) and TSC itself are also implicated -- genuine judgment call"
newborns who had received ventilatory support,Maternal and neonatal disorders,high,titles confirm preterm/neonatal ventilatory-support context
Unilateral cerebral palsy,Neurological disorders,high,
Undescended testis,Other non-communicable diseases,high,
non-GH deficient Short Stature,Other non-communicable diseases,high,titles confirm growth-hormone/growth-disorder framing
Underweight children,Nutritional deficiencies,high,
nonemergency IV cannulation,Not applicable,high,"procedural context (IV cannulation), no disease named"
Underweight and anorexia in children,Nutritional deficiencies,high,titles confirm an appetite-stimulant treatment for poor appetite/undernutrition
Undernutrition,Nutritional deficiencies,high,
Upper-extremity cerebral palsy,Neurological disorders,high,
needed to repair wounds,Unintentional injuries,low,titles (ED sedation) don't specify wound mechanism
Urogenital Chlamydia trachomatis infection,HIV/AIDS and sexually transmitted infections,high,
need for extensive dental treatment,Other non-communicable diseases,low,titles don't explicitly name caries; dental-treatment context only
After appendicectomy in children,Digestive diseases,high,
molar pulpotomy,Other non-communicable diseases,high,"titles confirm a pulpotomy procedure, virtually always performed for caries in primary molars"
Urinary incontinence,Diabetes and kidney diseases,high,
movement during magnetic resonance imaging,Not applicable,high,"imaging-procedure physiologic outcome (propofol dose to prevent movement during MRI), no disease named"
muscle-derived enzymes and myoglobin,Not applicable,high,"lab/physiologic marker outcome (muscle enzyme levels post-suxamethonium), not a disease"
Urgency urinary incontinence,Diabetes and kidney diseases,high,
Urgency and urge incontinence,Diabetes and kidney diseases,high,
Urge incontinence in children due to unstable bladder,Diabetes and kidney diseases,high,
"nasally admlaislcred sufentanil, 1.5-4.5 nB/kg, for prelnduction fle, pre-medlcatlon/Induetlon) of anesthesin in pedltatrie palicnts",Not applicable,high,"garbled OCR text; procedural/anesthesia premedication term, no disease named"
nasotracheal intubation,Not applicable,high,"airway procedure, no disease named"
Ureteral stent placement,Not applicable,high,"urologic procedure, no underlying disease named"
ndergoing minor surgery below the umbilicus,Not applicable,high,"generic surgical population, no disease named"
Ureaplasma urealyticum infection,Maternal and neonatal disorders,high,"titles reveal this is a preterm/neonatal infection (associated with BPD), not a generic infection"
Ureaplasma respiratory tract colonization in preterm infants,Maternal and neonatal disorders,high,titles confirm preterm infant framing
Ureaplasma respiratory colonization,Maternal and neonatal disorders,high,"titles reveal preterm-infant framing identical to the related term (row 40), despite this term itself lacking 'preterm'"
Candidemia,Other infectious diseases,high,
Pediatric day-case dental surgery,Not applicable,high,"generic dental-surgery/anesthesia context, no disease named"
Postoperative bone mineral density loss,Musculoskeletal disorders,low,"titles show postoperative osteopenia prevention; aligns with other bone-loss terms classified as musculoskeletal, though the outcome-measure framing keeps this a judgment call"
Familial short stature,Other non-communicable diseases,high,titles confirm growth-hormone treatment for familial short stature
Fluoride Treatment,Not applicable,high,"preventive dental treatment, no diagnosed disease named"
Fluid refractory cold septic shock,Other infectious diseases,high,titles confirm septic shock (infection-driven)
Fluid overload in premature infants with lung disease,Maternal and neonatal disorders,high,titles confirm preterm/neonatal lung-disease management
Fluid overload after congenital heart surgery,Not applicable,high,"titles confirm a postoperative fluid-management complication, not a named disease"
Flexible fibreoptic bronchoscopy,Not applicable,high,"diagnostic procedure/anesthesia context, no disease named"
Fingertip injuries,Unintentional injuries,high,
Fibrosing interstitial lung disease,Chronic respiratory diseases,high,
Fibromyalgia,Musculoskeletal disorders,high,titles confirm fibromyalgia diagnosis
Blastocystis hominis infection,Enteric infections,high,titles confirm intestinal protozoan infection treatment
Femoral fracture,Unintentional injuries,low,titles don't specify fracture mechanism
Fecal impaction and constipation,Digestive diseases,high,
Fecal Metabolome,Not applicable,high,"microbiome/lab outcome measure (antibiotic effect on fecal metabolome), not a disease"
Blockage of peripherally inserted central catheters,Not applicable,high,"catheter-patency procedural outcome, no disease named"
Febrile illness,Not applicable,high,"bare fever/antipyretic trial, no specific underlying disease named"
Febrile episodes in neutropenic children,Other infectious diseases,high,titles confirm febrile-neutropenia/infection management
Febrile convulsion,Neurological disorders,high,
Fe deficiency anaemia (IDA) and co-existing H. pylori infection,Nutritional deficiencies,high,titles show anemia/iron status as the primary study focus
Fat metabolism and nutrition in premature neonates,Maternal and neonatal disorders,high,titles confirm preterm-neonate nutrition context
Fat malabsorption,Digestive diseases,high,
Fasciolopsiasis,Neglected tropical diseases and malaria,high,
Fascioliasis,Neglected tropical diseases and malaria,high,
Fontan Surgery,Not applicable,high,titles confirm procedure-focused framing (post-Fontan pharmacokinetics); underlying single-ventricle congenital heart disease not explicitly named
Fractures,Unintentional injuries,low,titles don't specify fracture mechanism
Frequent nighttime awakenings in infants,Not applicable,high,"titles confirm nonspecific infant sleep behavior, not a diagnosed disorder"
Gastric acidity,Not applicable,high,"physiologic/pharmacokinetic parameter (omeprazole effect on intragastric pH), not a disease"
"Gastrointestinal dysmotility, parenteral nutrition-associated cholestasis",Digestive diseases,high,titles confirm PN-associated cholestasis (liver disease) as the primary framing
Gastrointestinal dysmotility in preterm infants,Maternal and neonatal disorders,high,titles confirm preterm infant framing
Gastrointestinal dysmotility,Digestive diseases,high,
Gastrointestinal disorders necessitating contrast examination,Digestive diseases,low,"titles show an imaging-comparison study, no specific GI disease named"
Gastrointestinal bleeding,Digestive diseases,high,
Gastro-duodenoscopy,Not applicable,high,"diagnostic procedure/anesthesia context, no disease named"
Gastric insufflation in anesthetized children,Not applicable,high,"intraoperative physiologic outcome, not a disease"
Gastric fluid acidity and volume in pediatric patients prior to surgery,Not applicable,high,"preoperative physiologic parameter, not a disease"
Gastric fluid acidity and volume in children before surgery,Not applicable,high,"preoperative physiologic parameter, not a disease"
Gastric acid-related disease,Digestive diseases,high,
Functional Dyspepsia,Digestive diseases,high,
GI bleeding in neonates,Maternal and neonatal disorders,high,titles confirm neonatal GI-bleeding prophylaxis
GH insufficiency and idiopathic short stature,Other non-communicable diseases,high,titles confirm GH/growth-disorder framing
"GH deficiency, idiopathic short stature",Other non-communicable diseases,high,titles confirm GH deficiency/short stature framing
GH deficiency,Other non-communicable diseases,high,titles confirm GH deficiency framing
GH and cortisol deficiency,Other non-communicable diseases,high,titles confirm pituitary hormone-deficiency framing
G6PD Deficiency,Other non-communicable diseases,high,
Fungal infection,Maternal and neonatal disorders,high,"titles reveal this is fungal infection/colonization prophylaxis specifically in preterm infants, fitting neonatal infection"
Functional nonretentive fecal soiling,Digestive diseases,high,titles confirm a functional GI disorder treated with laxatives
Bladder dysfunction after valve ablation in boys,Diabetes and kidney diseases,high,
Familial short stature in children,Other non-communicable diseases,high,titles confirm growth-hormone treatment for familial short stature
Familial hyperlipidemia,Other non-communicable diseases,high,titles confirm lipid-disorder framing
Gaucher disease,Other non-communicable diseases,high,titles confirm lysosomal storage disease (enzyme replacement therapy)
Blood culture contamination,Not applicable,high,"lab-quality/contamination-rate outcome, not a disease"
Epidermolysis Bullosa Simplex,Skin and subcutaneous diseases,high,titles confirm genetic blistering skin disease
Environmental enteropathy,Nutritional deficiencies,low,titles show a combined nutritional (zinc) and antiparasitic (albendazole) intervention; ambiguity between nutritional and enteric/digestive persists
Enthesitis-related arthritis juvenile idiopathic arthritis,Musculoskeletal disorders,high,
Enthesitis-Related Arthritis And Juvenile Psoriatic Arthritis,Musculoskeletal disorders,high,
Enthesitis-Related Arthritis,Musculoskeletal disorders,high,
Enterovirus Infection,Maternal and neonatal disorders,high,titles reveal this is specifically neonatal enterovirus infection
Enterovirus 71-induced pulmonary edema and/or neurogenic shock,Other infectious diseases,high,titles confirm a severe systemic EV71 complication
Enteropathogen carriage,Enteric infections,high,titles confirm enteric pathogen carriage framing after mass drug administration
Endoscopic plasma total adenotonsillectomy,Not applicable,high,"surgical procedure (adenotonsillectomy), no disease named"
Endomyometritis after cesarean section,Maternal and neonatal disorders,high,
Empyema thoracis,Respiratory infections and tuberculosis,high,titles confirm pleural infection/empyema surgical context
Emetic Symptoms in Otoplasty,Not applicable,high,"postoperative symptom during a cosmetic ear procedure (otoplasty), no disease named"
Elevated pulmonary vascular resistance after Fontan procedure,Cardiovascular diseases,low,titles show active treatment of elevated pulmonary vascular resistance (pulmonary hypertension physiology) post-Fontan; borderline between acute postop complication and Cardiovascular's PAH category
Electroconvulsive Therapy,Not applicable,high,"procedure (anesthesia for ECT), underlying psychiatric indication not specified in title"
Electrical status epilepticus during sleep,Neurological disorders,high,
Egg Allergy,Other non-communicable diseases,high,titles confirm food allergy diagnosis
Effect of propofol on QT interval prolongation,Not applicable,high,"drug-safety physiologic outcome (QT/myocardial repolarization), not a diagnosed disease"
Effect of muscle relaxants on lung mechanics,Not applicable,high,"physiologic/pharmacologic outcome measure (lung mechanics under muscle relaxants), not a disease"
Effect of antibiotics on gut microbiome,Not applicable,high,"microbiome outcome measure, not a disease"
Edema in children with nephrotic syndrome,Diabetes and kidney diseases,high,
Echocardiography,Not applicable,high,"diagnostic imaging procedure/sedation context, no disease named"
Epidermolysis bullosa,Skin and subcutaneous diseases,high,titles confirm genetic blistering skin disease
Epiglottitis,Respiratory infections and tuberculosis,high,titles confirm acute epiglottitis treatment
Epileptic encephalopathy,Neurological disorders,high,
Extracorporeal Membrane Oxygenation (Ecmo),Not applicable,high,"life-support procedure (ECMO), underlying indication not specified"
Failure to thrive,Nutritional deficiencies,high,titles confirm nutritional/appetite intervention framing
Faden operation,Not applicable,high,"titles confirm strabismus-surgery procedure framing (PONV outcome), no disease explicitly named"
Facial cellulitis of odontogenic origin,Skin and subcutaneous diseases,high,
Facial atopic dermatitis,Skin and subcutaneous diseases,high,
Eyelash hypotrichosis,Skin and subcutaneous diseases,high,titles confirm a cosmetic dermatologic condition
Extremely Preterm infants,Maternal and neonatal disorders,high,
Extremely Preterm Infants,Maternal and neonatal disorders,high,
Extremely Low Birth Weight,Maternal and neonatal disorders,high,
Extrahepatic biliary atresia,Other non-communicable diseases,high,
External eye infections,Sense organ diseases,high,titles confirm ocular infection
Epstein-Barr virus illness,Other infectious diseases,high,
Exercise Performance,Not applicable,high,"athletic-performance/supplement study, not a disease"
Ewing sarcoma,Neoplasms,high,
Eustachian tube dysfunction,Sense organ diseases,high,
"Europe (Germany, Belgium, Finland, Sweden)",Diabetes and kidney diseases,low,"Disease_clean field mislabeled with a geography string; title reveals the actual population is children with vesicoureteral reflux (recurrent UTI), comparing surgery vs. long-term antibacterial prophylaxis -- classified as a non-infectious urologic condition per rubric; congenital-anomaly framing (Other non-communicable diseases) is a reasonable alternative"
Esophagogastroduedenoscopy,Not applicable,high,"diagnostic procedure/anesthesia context, no disease named"
Esophageal coin impaction,Unintentional injuries,high,
Esophageal atresia,Other non-communicable diseases,high,
Equinus foot deformity due to cerebral palsy,Neurological disorders,high,
Equasym XL,Mental disorders,high,titles confirm ADHD medication trial
Gastrointestinal function and growth in premature infants,Maternal and neonatal disorders,high,titles confirm preterm/neonatal GI-function context
Generalized Convulsive Status Epilepticus,Neurological disorders,high,
Early postoperative cognitive dysfunction after tonsillectomy,Not applicable,high,"titles confirm a transient postoperative cognitive outcome, not a disease"
Hepatocellular carcinoma,Neoplasms,high,
Hypertriglyceridemia in very low birth weight neonates,Maternal and neonatal disorders,high,titles confirm VLBW neonate metabolic framing
Bat ear deformity requiring surgery,Not applicable,low,titles are only tangentially related (hemostasis during anesthesia) and don't clearly confirm the cosmetic ear-deformity framing
Hypersensitivity to β-lactam antibiotics,Other non-communicable diseases,high,"titles confirm drug hypersensitivity/allergy framing, aligned with other allergy terms (e.g. food allergy) classified as Other NCD rather than iatrogenic injury"
Hyperopic anisometropic amblyopia,Sense organ diseases,high,
Hyperkalemia,Maternal and neonatal disorders,high,titles confirm hyperkalemia specifically in premature neonates
Humeral supracondylar fracture,Unintentional injuries,high,
Human tungiasis,Neglected tropical diseases and malaria,high,titles confirm parasitic skin infestation treatment
Hirsutism,Skin and subcutaneous diseases,high,titles confirm dermatologic hirsutism treatment
Hip Adductor Spasticity in Cerebral Palsy,Neurological disorders,high,
"High-grade, mature B-cell non-Hodgkin's lymphoma",Neoplasms,high,
High-grade glioma,Neoplasms,high,
"High-grade astrocytoma (anaplastic astrocytoma, glioblastoma multiforme)",Neoplasms,high,
High risk of perioperative respiratory adverse events in children,Not applicable,high,"titles confirm a perioperative risk-profile framing, not a disease"
High and Low Functioning Autistic,Mental disorders,high,
Heterozygous Familial Hypercholesterolemia,Other non-communicable diseases,high,titles confirm genetic lipid disorder (evolocumab trial)
Herpetic gingivostomatitis,Other infectious diseases,high,titles confirm HSV oral mucosal infection treatment
Herpesvirus infections,Other infectious diseases,low,"titles remain generic (immunocompromised host, no site/type specified)"
Herpes simplex virus infection,Maternal and neonatal disorders,high,titles reveal this is specifically neonatal HSV infection
Herpes labialis,Skin and subcutaneous diseases,high,titles confirm mucocutaneous viral lesion (cold sores) treatment
Herpangina,Respiratory infections and tuberculosis,high,titles confirm enteroviral pharyngitis treatment
Herniotomies in pediatrics,Digestive diseases,high,titles confirm hernia-repair procedure framing
Hypofibrinogenemic bleeding after congenital cardiac surgeries,Unintentional injuries,high,"titles confirm postoperative bleeding/coagulopathy, an iatrogenic surgical complication; aligned with similar postop-coagulopathy terms in this batch"
Hypogammaglobulinemic,Other non-communicable diseases,low,titles (generic IVIG use in newborns) don't clearly confirm primary immunodeficiency
Hypoparathyroidism,Other non-communicable diseases,high,titles confirm a homeless endocrine disorder (PTH therapy)
Idiopathic dilated cardiomyopathy,Cardiovascular diseases,high,
Impairment of renal tubular function,Diabetes and kidney diseases,high,
Impaired glucose tolerance,Diabetes and kidney diseases,high,
Impaired cobalamin function,Nutritional deficiencies,low,titles don't clarify dietary vs genetic/metabolic B12 dysfunction
Immunization discomfort,Not applicable,high,vaccination discomfort with no specified target disease
"Ill Children
with Neurotoxicity from Scorpion Stings",Unintentional injuries,high,
Idiopathic toe-walking,Musculoskeletal disorders,high,titles confirm idiopathic (non-neurological) toe-walking framing
Bacteremia,Other infectious diseases,high,
Bacteremia in children with tunneled central venous catheters,Other infectious diseases,high,titles confirm catheter-associated bloodstream infection
Idiopathic neonatal neutropenia,Maternal and neonatal disorders,high,
Idiopathic Overactive Bladder,Diabetes and kidney diseases,high,
Hypoplastic Left heart syndrome,Other non-communicable diseases,high,
Idiopathic Constipation In Children,Digestive diseases,high,
Ichthyosis,Skin and subcutaneous diseases,high,
IVIG resistant Kawasaki disease,Cardiovascular diseases,high,titles confirm Kawasaki disease treatment
IV lock patency,Not applicable,high,"catheter-maintenance procedural outcome, no disease named"
Balanitis xerotica obliterans,Skin and subcutaneous diseases,high,titles confirm dermatologic genital lichen sclerosus treatment
Hypoxaemic episodes,Maternal and neonatal disorders,high,"titles reveal these are hypoxemic episodes of prematurity (apnea of prematurity), a listed neonatal disorder"
Bartter syndrome,Diabetes and kidney diseases,high,
Hypospadius,Other non-communicable diseases,high,
Basketball performance,Not applicable,high,"athletic-performance/supplement study in healthy athletes, not a disease"
Hereditary angioedema,Other non-communicable diseases,high,
Hepatic veno-occlusive disease,Digestive diseases,high,titles confirm hepatic vascular disease treatment
Generally Anesthetized Pediatric Dental Patients,Not applicable,high,"anesthesia/dental-procedure context, no disease named"
Hepatic dysfunction,Digestive diseases,high,
Group A β-hemolytic streptococcal infection,Respiratory infections and tuberculosis,low,titles (compliance methodology study) don't specify infection site
Grass allergy,Other non-communicable diseases,high,titles confirm allergic rhinitis (grass) immunotherapy
Gram-positive infections,Other infectious diseases,low,titles don't specify infection site
Gram-positive and Candida albicans infections in neutropenic children,Other infectious diseases,high,titles confirm infection-prophylaxis context in neutropenic/immunocompromised children
Gram-negative bacillary infections,Other infectious diseases,low,titles don't specify infection site
Gonococcal ophthalmiag,Maternal and neonatal disorders,high,"titles reveal this is gonococcal ophthalmia neonatorum, a neonatal perinatal-transmission condition rather than a childhood STI"
Glucose-6-phosphate dehydrogenase deficiency with hyperbilirubinaemia in neonates,Maternal and neonatal disorders,high,titles confirm neonatal hyperbilirubinemia framing
Glucose intolerance in extremely low birth weight infants,Maternal and neonatal disorders,high,titles confirm ELBW infant framing
Glucose dysregulation,Maternal and neonatal disorders,high,"titles reveal this is glucose dysregulation specifically in preterm infants, not general diabetes"
Glucose Metabolism,Not applicable,high,"titles confirm this is a physiologic outcome measure (glucose metabolism) in Turner-syndrome patients, not itself a named disease"
Glucose 6 phosphate dehydrogenase deficiency,Other non-communicable diseases,high,
Glucocorticoid-induced bone loss in children,Musculoskeletal disorders,high,titles confirm glucocorticoid-induced bone loss treatment
Glaucoma,Sense organ diseases,high,
Bilateral spastic cerebral palsy,Neurological disorders,high,
Giardia lamblia infection,Enteric infections,high,
Giardia intestinalis infection,Enteric infections,high,
Giardia infection,Enteric infections,high,
Giardia duodenalis infection,Enteric infections,high,
Giardia and geohelminth infections,Neglected tropical diseases and malaria,low,titles confirm combined Giardia (enteric) + geohelminth (NTD) treatment in one trial; genuine two-category overlap retained as a judgment call
Giardia Duodenalis,Enteric infections,high,
Geohelminth Infections,Neglected tropical diseases and malaria,high,
Group B streptococcal infection,Maternal and neonatal disorders,high,titles confirm neonatal GBS infection prevention
Bilateral myringotomies as outpatients,Sense organ diseases,low,"myringotomy is near-universally performed for otitis media with effusion in pediatric practice, though the linked title (rectal induction agent) is a generic/possibly-mismatched anesthesia study that does not itself confirm the diagnosis"
Growth of Short Normal Children,Other non-communicable diseases,low,"titles show GH+GnRH treatment of short-normal children, consistent with other short-stature terms in this batch classified as a homeless endocrine/growth disorder"
Healthy children undergoing minor genito-urinary operations,Not applicable,high,"term and title explicitly describe healthy children, procedural pharmacokinetic study, no disease named"
Henoch–Schönlein nephritis,Diabetes and kidney diseases,high,titles confirm a renal manifestation (glomerulonephritis) of Henoch-Schonlein purpura
Henoch-Schönlein vasculitis,Other non-communicable diseases,high,titles confirm systemic vasculitis framing (broader than isolated nephritis)
Hemostasis for dental procedures,Not applicable,high,"title confirms a hemostatic-technique safety study around zirconia crown placement; term is procedure/technique-focused, no disease explicitly named"
Hemorrhagic injuries to the brain and/or torso in children,Unintentional injuries,high,titles confirm traumatic-injury framing
Hemodialysis,Diabetes and kidney diseases,high,titles confirm CKD/dialysis context
Bilateral Myringotomy,Sense organ diseases,low,"bilateral myringotomy (with or without tube placement) is near-universally performed in children for otitis media with effusion per standard pediatric practice, though the title itself (perioperative analgesia) does not explicitly name the diagnosis"
Heart murmur in children,Not applicable,low,title (sedation for echocardiography) doesn't clarify murmur etiology
Heart Rate Response to Intravenous Atropine,Not applicable,high,"title confirms pharmacologic heart-rate-response physiology study, not a disease"
Healthy neonates undergoing heel lance for bilirubin estimation,Not applicable,high,"term and title explicitly describe healthy neonates undergoing a diagnostic procedure, no disease named"
Healthy children undergoing elective minor surgery,Not applicable,high,"term and title explicitly describe unpremedicated healthy children, procedural dose-response study, no disease named"
"Growth, Lipids and Body Composition",Not applicable,high,"title confirms these are outcome measures in kidney-transplant recipients (steroid withdrawal trial), not a disease name"
Healthcare-associated infections in neonates,Maternal and neonatal disorders,high,
"Hand, foot, and mouth disease",Other infectious diseases,high,
Haemophilus influenzae type b,Other infectious diseases,low,"titles (contact prophylaxis) don't specify clinical syndrome; meningitis is Hib's classic severe presentation, a safer generic default than assuming respiratory"
Haemophilia A or B with inhibitors,Other non-communicable diseases,high,
Bilateral club foot deformities,Other non-communicable diseases,high,
"HBSAg-Positive,δ-Negative, Moderate Chronic
Active Hepatitis",Digestive diseases,high,
H. pylori infection,Digestive diseases,high,
Gut resistome,Not applicable,high,"titles confirm a gut-microbiome measure, not a disease"
Gut Microbial Diversity,Not applicable,high,"titles confirm a gut-microbiome measure, not a disease"
Early-onset first-episode psychosis,Mental disorders,high,
Early negative postoperative behavior,Not applicable,high,"titles confirm a postoperative behavioral outcome, not a disease"
Postoperative blood loss after cardiac surgery in children,Not applicable,high,"title confirms procedural bleeding-outcome study during cardiac surgery, not a disease"
Children With Chronic Functional Constipation,Digestive diseases,high,
Chronic adenoiditis and middle ear disease,Sense organ diseases,low,titles don't resolve the adenoiditis-vs-otitis-media component split
Chronic Trachoma,Neglected tropical diseases and malaria,high,
Chronic Tic Disorders,Neurological disorders,low,"titles show alpha-agonist treatment for tic severity; aligned with the related tic-disorder term (row 12) as a movement-disorder framing, though psychiatric framing remains plausible"
Chronic Severe Irritability,Mental disorders,high,titles confirm psychiatric/mood treatment context (SSRI plus stimulant)
Chronic Neonatal Lung Disease (Cnld),Maternal and neonatal disorders,high,"titles confirm this is acute-phase preterm neonatal lung disease (during the NICU course), not post-neonatal-period chronic respiratory disease"
Chronic Mitral Regurgitation,Cardiovascular diseases,high,
Chronic Lung Disease,Chronic respiratory diseases,high,
Chronic Liver Disease,Digestive diseases,high,
Chronic Kidney Disease,Diabetes and kidney diseases,high,
Cadmium Exposure,Unintentional injuries,low,"titles confirm chronic toxic-metal exposure/chelation, aligned with other toxic-exposure terms (e.g. aflatoxin) as a poisoning framing"
Cholestatic liver disease with pruritus,Digestive diseases,high,
Children's anorexia,Nutritional deficiencies,high,"titles confirm an appetite-stimulant herbal treatment, consistent with poor-appetite/undernutrition framing rather than eating disorder"
Children with Attention Deficit Disorders,Mental disorders,high,
Children who underwent adenotonsillectomy,Not applicable,high,"title confirms post-adenotonsillectomy pain/PONV outcome study, procedural context"
Children undergoing surgery,Not applicable,high,"title confirms generic premedication study, no disease named"
Children undergoing magnetic resonance imaging,Not applicable,high,"title confirms sedation technique comparison for imaging, no disease named"
Children undergoing fiberoptic bronchoscopy,Not applicable,high,"title confirms procedural sedation for bronchoscopy, no disease named"
Children undergoing elective plastic surgery,Not applicable,high,"title confirms hemodynamic response to laryngoscopy/intubation, procedural context, no specific disease named"
Children receiving intravenous therapy,Not applicable,high,"title confirms IV-line-care technique study, procedural context"
Children in a medical ward,Not applicable,high,"title confirms IV-infusion-failure technique study, procedural context"
Children for day case surgery,Not applicable,high,"title confirms topical anesthetic cream for venepuncture, procedural context"
Chronic adenotonsillar hypertrophy,Other non-communicable diseases,high,titles confirm ENT structural-condition treatment
Chronic anal fissure,Digestive diseases,high,
Chronic graft-versus-host disease,Other non-communicable diseases,high,titles confirm chronic GVHD treatment
Classical Hodgkin lymphoma,Neoplasms,high,
Coagulase-negative staphylococcal (CONS) infections,Maternal and neonatal disorders,high,"titles reveal this is CONS bacteremia specifically in VLBW infants, a classic neonatal-sepsis pathogen/context"
Clostridium difficile infection (CDI) in pediatric patients with inflammatory bowel disease (IBD),Enteric infections,high,
Clostridioides Difficile Infection,Enteric infections,high,
Clostridioides (Clostridium) difficile infection,Enteric infections,high,
Clinical signs of severe infection in young infants,Maternal and neonatal disorders,high,titles confirm young-infant/neonatal serious-infection framing
Clinical severe infection,Maternal and neonatal disorders,high,titles reveal the same young-infant/neonatal serious-infection trial family as the related term (row 143)
Clinical fractures,Unintentional injuries,low,titles don't specify fracture mechanism
Bronchospasm,Chronic respiratory diseases,high,titles confirm albuterol treatment of reactive airway disease
Burn Wounds,Unintentional injuries,high,
Classic infantsile Pompe disease,Other non-communicable diseases,high,
Chronic heart failure caused by dilated cardiomyopathy,Cardiovascular diseases,high,
Cirrhosis,Digestive diseases,high,
Chronic sialorrhea (drooling) associated with neurologic disorders or intellectual disability,Neurological disorders,high,titles confirm drooling secondary to underlying neurologic disease
Chronic schizophrenia,Mental disorders,high,
"CBS deficiency, cblC deficiency",Other non-communicable diseases,high,titles confirm an inborn error of metabolism
CSF shunt infections,Other infectious diseases,high,titles confirm CSF shunt/CNS infection prophylaxis
CTexamination of the head or the thorax,Not applicable,high,"title confirms contrast-agent safety study for imaging, no disease named"
Chronic intestinal pseudoobstruction,Digestive diseases,high,
Chronic illness in children treated with glucocorticoids,Not applicable,high,"titles confirm generic/heterogeneous chronic-illness population (steroid-induced osteoporosis prevention trial), no single disease identifiable"
Chronic hypoparathyroidism,Other non-communicable diseases,high,
"Children admitted to paediatric intensive care units (PICUs), who are likely to require intubation and ventilation.",Not applicable,high,"title confirms generic ICU sedation-agent comparison trial, no disease named"
Children With Autism,Mental disorders,high,
Coagulopathy following pediatric cardiac surgery,Unintentional injuries,high,"titles confirm postoperative coagulopathy, an iatrogenic surgical complication"
Children Undergoing Venipuncture,Not applicable,high,"procedural context (blood draw/venipuncture), no disease named"
Cerebrovascular diseases in pediatric patients needing cerebral angiography,Cardiovascular diseases,high,
Cerebrospinal Fluid Shunt Infection,Other infectious diseases,high,
Campylobacter enteritis,Enteric infections,high,
Cerebral hemorrhage in premature infants,Maternal and neonatal disorders,high,
Central venous line-related thrombotic complications,Unintentional injuries,high,"titles confirm catheter-related thrombosis, an iatrogenic complication"
Central venous line patency in pediatric hemodialysis patients,Diabetes and kidney diseases,high,titles confirm dialysis (CKD) context
Central venous catheter infections,Other infectious diseases,high,"titles confirm catheter-related infection, with no neonatal-specific framing given"
Central line-associated bloodstream infections (CLABSIs),Other infectious diseases,high,"titles confirm catheter-related bloodstream infection, with no neonatal-specific framing given"
Central adiposity in children born small for gestational age (SGA),Not applicable,high,"titles confirm a body-composition/metabolic outcome measure, not a disease"
Central Venous Catheter Infections In Neonates,Maternal and neonatal disorders,high,
Celiac disease,Digestive diseases,high,
Caustic esophageal strictures,Digestive diseases,high,
Caudal Ropivacaine,Not applicable,high,"anesthetic-drug dosing study, no disease named"
Catheter-related infections,Maternal and neonatal disorders,high,"titles reveal this is catheter infection specifically in newborn infants, fitting neonatal-infection framing"
Campylobacter infection,Enteric infections,high,
Cariously exposed pulps in vital primary teeth,Other non-communicable diseases,high,
Campylobacter jejuni-associated dysentery,Enteric infections,high,
Campylobacter-associated enteritis,Enteric infections,high,
Candida infections,Other infectious diseases,high,"titles reveal this is fungal-infection prophylaxis in oncology/chemotherapy patients, not cutaneous or neonatal"
Capillary leak syndrome in newborns,Maternal and neonatal disorders,high,titles confirm a rare newborn syndrome
Cannabis dependence,Substance use disorders,high,
Cerumen obstruction,Sense organ diseases,high,
Chagas' disease,Neglected tropical diseases and malaria,high,
Chemotherapy-induced emesis,Unintentional injuries,high,
Childhood idiopathic nephrotic syndrome,Diabetes and kidney diseases,high,
Childhood-onset complicated frequently relapsing or steroid-dependent nephrotic syndrome,Diabetes and kidney diseases,high,
Childhood-onset complicated frequently relapsing nephrotic syndrome (FRNS) or steroid-dependent nephrotic syndrome (SDNS),Diabetes and kidney diseases,high,
Childhood-onset GH deficiency,Other non-communicable diseases,high,
Childhood social phobia,Mental disorders,high,
Childhood schizophrenia,Mental disorders,high,
Childhood respiratory allergy,Other non-communicable diseases,low,"titles confirm allergic rhinitis (dust-mite immunotherapy); aligned with other allergy terms (e.g. grass allergy) classified as Other NCD rather than Chronic respiratory diseases, though the distinction from asthma remains a judgment call"
Childhood posterior fossa ependymoma,Neoplasms,high,
Childhood obsessive-compulsive disorder,Mental disorders,high,
Childhood low grade glioma,Neoplasms,high,
Childhood growth hormone deficiency,Other non-communicable diseases,high,
Chemotherapy-induced neutropenia,Unintentional injuries,high,"titles confirm chemo-induced neutropenia/fever management, an iatrogenic hematologic toxicity"
Childhood fecal impaction,Digestive diseases,high,
Childhood encopresis,Digestive diseases,high,"titles confirm laxative/GI treatment framing, not psychiatric"
Childhood anal fissures,Digestive diseases,high,
Childhood Stunting,Nutritional deficiencies,high,
Child growth/undernutrition,Nutritional deficiencies,high,
"Chest wall deformity - funnel chest, pigeon chest",Other non-communicable diseases,high,
"Chest wall deformity (pectus excavatum, pectus carinatum, or mixed pectus deformities)",Other non-communicable diseases,high,
Chest Stab Wounds Requiring Closed Tube Thoracostomy,Self-harm and interpersonal violence,high,
Chemotherapy-induced oral mucositis,Unintentional injuries,high,"titles confirm chemo-induced oral mucositis, an iatrogenic adverse effect"
Coagulopathy following open-heart surgeries,Unintentional injuries,high,"titles confirm postoperative coagulopathy, an iatrogenic surgical complication"
Cobalamin deficiency,Nutritional deficiencies,high,
Early Lyme disease,Other infectious diseases,high,"titles confirm Lyme disease treatment; not on GBD's NTD list, this remains the best residual fit"
Brainstem gliomas,Neoplasms,high,
Dientamoebiasis,Enteric infections,high,titles confirm protozoal intestinal infection treatment
Diabetic nephropathy,Diabetes and kidney diseases,high,
Bone loss in children receiving long-term glucocorticoids,Musculoskeletal disorders,high,titles confirm steroid-induced bone loss treatment
Developmental coordination disorder in very low birth weight infants,Mental disorders,high,"titles confirm developmental coordination disorder diagnosis, fitting rubric's developmental-disorder category"
Developmental and epileptic encephalopathy,Neurological disorders,high,
Detrusor instability,Diabetes and kidney diseases,high,
Bone marrow transplantation,Not applicable,high,"transplant procedure, underlying indication not specified"
Dental/Behavioral Issues,Not applicable,low,titles (sedation drug trial) don't clarify the actual dental or behavioral issue
Bone mineral density,Not applicable,high,"titles confirm a bone-density measurement outcome, not a disease"
Dental disease,Other non-communicable diseases,high,
Delayed sleep phase syndrome and impaired sleep maintenance in children with neurodevelopmental disabilities,Mental disorders,high,titles confirm a sleep disorder tied to a neurodevelopmental-disability context
Delayed gastrocaecal transit time after cardiac surgery,Not applicable,high,"titles confirm this is a postoperative GI motility outcome measure, not a diagnosed disease"
Decompensated chronic liver disease with hyperammonemia,Digestive diseases,high,
Daytime urinary frequency in children,Diabetes and kidney diseases,high,"title confirms benign non-infectious urologic symptom (urinary frequency/pollakiuria), fits benign urologic conditions"
Day-Case Surgery,Not applicable,high,"generic surgical care setting, no disease named"
Cytomegalovirus disease,Other infectious diseases,high,"title confirms systemic CMV disease in transplant recipients, general viral infection not otherwise classified"
Cytomegalovirus (CMV) and Epstein-Barr virus (EBV) disease after liver transplantation,Other infectious diseases,high,titles confirm systemic viral infection (CMV/EBV) post-transplant
Cystitis,Other infectious diseases,high,title confirms bacterial/infectious cystitis (UTI) treated with antibiotics
Cystic hygroma,Other non-communicable diseases,high,confirmed congenital lymphatic malformation
Cutaneous sporotrichosis,Skin and subcutaneous diseases,high,
Cutaneous adverse reactions to amoxicillin-clavulanic acid,Unintentional injuries,low,title doesn't resolve ambiguity; drug-induced cutaneous eruption could be framed as adverse treatment effect (injury) or skin disease; kept iatrogenic per GBD adverse-effects-of-medical-treatment convention
Difficult airway in children,Not applicable,high,"anesthesia/airway-management context, no disease named"
Difficult-to-treat steroid-sensitive nephrotic syndrome,Diabetes and kidney diseases,high,
Difficulty in initiation and maintenance of sleep,Not applicable,low,"title confirms generic insomnia symptom in normal children (melatonin trial), not a diagnosed psychiatric sleep disorder"
Ductal-dependent congenital heart disease,Other non-communicable diseases,high,
ENURETIC,Diabetes and kidney diseases,high,"title confirms this is nocturnal enuresis (bedwetting) treatment trial, fits urinary incontinence/benign urologic conditions"
ENT surgery,Not applicable,high,"generic surgical category, no specific disease named"
Dystrophinopathy,Other non-communicable diseases,high,"confirmed genetic muscular dystrophy (Duchenne/Becker via nonsense mutation), no clean GBD Level-2 home"
Dystonia in children with cerebral palsy,Neurological disorders,high,
Dyspepsia,Digestive diseases,high,
Dyskinetic cerebral palsy,Neurological disorders,high,
Dysfunctional voiding in children,Diabetes and kidney diseases,high,
Dysfunctional uterine bleeding,Other non-communicable diseases,high,confirmed gynecological condition without dedicated GBD cause
Duration of usability of peripherally placed percutaneous central venous catheters,Not applicable,high,"catheter-patency procedural outcome, no disease named"
Body temperature changes during MRI scans,Not applicable,high,"physiologic/imaging-procedure outcome (temperature during MRI), no disease named"
Diffuse large cell non Hodgkin's lymphoma,Neoplasms,high,
Duchenne dystrophy,Other non-communicable diseases,high,"genetic muscular dystrophy, no clean GBD Level-2 home"
Drug tolerance in infants,Not applicable,high,"pharmacologic tolerance/physiology outcome, not a disease"
Donor-site Healing in Severely Burned Children,Unintentional injuries,high,
Bone healing in pediatric fractures,Unintentional injuries,high,"title confirms fracture context (bone healing outcome), consistent with unintentional injury default"
Disease Behavioral problems in intellectually disabled children,Mental disorders,high,
Discomfort during pediatric flexible nasendoscopy procedure,Not applicable,high,"procedural discomfort during a diagnostic procedure, no disease named"
Discomfort associated with IV catheter insertion,Not applicable,high,"procedural discomfort (IV catheter insertion), no disease named"
Diphtheria,Other infectious diseases,high,
Dilated Cardiomyopathy,Cardiovascular diseases,high,
Brain neoplasms in children,Neoplasms,high,
Covert Bacteriuria,Other infectious diseases,high,"confirmed asymptomatic bacteriuria/UTI, infectious framing"
Cochlear Implantation,Not applicable,high,anesthesia/procedural context (emergence agitation during cochlear implant surgery); underlying hearing loss not explicitly named in title
Corticosteroid-dependent nephrotic syndrome (CDNS),Diabetes and kidney diseases,high,
Congenital Sucrase-Isomaltase Deficiency,Digestive diseases,low,"title confirms this is a digestive enzyme deficiency treated with enzyme replacement (sacrosidase); leaning digestive over generic congenital/other-NCD framing, but genuinely could go either way"
Congenital Lactic Acidosis,Other non-communicable diseases,high,"confirmed inborn error of metabolism (mitochondrial disease), no clean GBD Level-2 home"
Congenital Lacrimal Sac Mucocele,Other non-communicable diseases,high,"confirmed congenital anomaly of lacrimal apparatus; classified as birth defect rather than sense organ disease since it's structural, not a vision/hearing-loss condition"
Congenital Idiopathic Scoliosis,Other non-communicable diseases,high,"confirmed congenital anomaly (congenital scoliosis = vertebral malformation), fits GBD's congenital musculoskeletal anomaly subcause under birth defects"
Bronchoconstriction,Not applicable,low,"confirmed histamine-challenge pharmacologic/physiologic model in healthy infants, not a diagnosed respiratory disease"
Conditions for tracheal intubation in infants,Not applicable,high,"intubation procedure/anesthesia context, no disease named"
Computed tomography (CT) contrast media,Not applicable,high,"imaging/contrast-agent procedure, no disease named"
Complications of prematurity including retinopathy of prematurity,Maternal and neonatal disorders,high,
Complications of prematurity,Maternal and neonatal disorders,high,
Complications of percutaneous arterial catheterization,Unintentional injuries,high,"confirmed procedural/iatrogenic complication (catheterization-associated), fits adverse effects of medical treatment"
Complications associated with central venous lines in critically ill children,Unintentional injuries,high,"confirmed device/procedure-related complication (central line thrombosis/infection), iatrogenic framing"
Complications after adenotonsillectomy,Unintentional injuries,low,"title doesn't specify a distinct complication (framed as general perioperative analgesia trial), so ambiguity about which specific complication persists; kept iatrogenic/procedural framing"
Complete atrioventricular septal defect,Other non-communicable diseases,high,
Community-associated Staphylococcus aureus infection,Skin and subcutaneous diseases,low,"title describes household eradication/decolonization approach, typical of skin/soft-tissue CA-MRSA management; site still not explicitly named so kept low confidence"
Communication defects due to severe perinatal brain insult,Maternal and neonatal disorders,high,"title confirms sequela of perinatal brain insult (birth asphyxia/HIE) in infants; GBD attributes such neurodevelopmental sequelae to neonatal encephalopathy due to birth trauma, not mental disorders"
Common sleep disorders in children such as nighttime waking and inability to fall asleep,Mental disorders,high,
Common childhood infections requiring hospitalization and parenteral antimicrobial therapy,Other infectious diseases,high,"title confirms generic serious bacterial childhood infection without specific site named, appropriate catch-all"
Common Warts,Skin and subcutaneous diseases,high,
Colon cleansing before colonoscopy,Not applicable,high,"bowel-prep procedure, no disease named"
Cognitive dysfunction in children with Down syndrome,Other non-communicable diseases,high,"title confirms cognitive impairment attributed to underlying Down syndrome; GBD attributes Down-syndrome-related disability to congenital chromosomal anomaly cause, not separately to Mental disorders"
Cognitive Function and Head Circumference,Not applicable,high,"outcome measure (GH treatment effect on cognition/head circumference in children born SGA), not a disease itself"
Congenital clubfoot,Other non-communicable diseases,high,
Congenital cystic adenomatoid malformation,Other non-communicable diseases,high,
Congenital cytomegalovirus disease,Maternal and neonatal disorders,high,title confirms symptomatic congenital CMV with CNS involvement treated in the neonatal period; GBD attributes congenital infections presenting at birth to neonatal infections subcause
Congestive heart failure in infants with congenital heart disease,Cardiovascular diseases,high,"title confirms heart failure (CHF) is the treated condition itself, not the underlying congenital defect; heart failure treatment trials attributed to cardiovascular disease burden"
Contrast-induced nephropathy,Unintentional injuries,low,"title confirms iatrogenic/procedural kidney injury from contrast during cardiac catheterization; GBD counts this under adverse effects of medical treatment even though renal in organ system, but genuinely could be coded as kidney disease"
Contraception,Not applicable,high,"contraceptive-method trial (bone density/weight side effects), not a disease"
Bronchial foreign body,Unintentional injuries,high,
Constitutional Tall Stature,Other non-communicable diseases,low,"title confirms treatment of constitutional tall stature itself (excess-height growth variant); analogous to rubric's named-but-homeless endocrine/growth-disorder guidance (cf. growth hormone deficiency); not a GBD-mapped disease per se but a genuine named clinical entity, not merely a symptom"
Constipation predominant irritable bowel syndrome,Digestive diseases,high,
Consecutive acute burn,Unintentional injuries,high,
Connective tissue and glomerular disorders,Diabetes and kidney diseases,low,"title unhelpful/possibly mismatched (about glucocorticoid effects on growth in 'sick children', doesn't clearly specify connective-tissue vs glomerular); kept glomerular component since explicitly enumerated in rubric"
Bronchial hyperresponsiveness in children,Chronic respiratory diseases,high,
Congestive heart failure secondary to congenital heart disease,Cardiovascular diseases,high,title confirms heart failure treatment trial; heart failure itself is the treated CVD entity despite congenital underlying cause
Congenital syphilis,HIV/AIDS and sexually transmitted infections,high,title confirms congenital syphilis; GBD tracks congenital syphilis within the syphilis/STI cause chain rather than generic neonatal infections
Broncho-obstructive crisis,Chronic respiratory diseases,high,
Congenital spastic hemiplegia,Neurological disorders,high,
Congenital or acquired deafness,Sense organ diseases,high,
Congenital nasolacrimal duct obstruction,Other non-communicable diseases,high,"confirmed congenital anomaly of the lacrimal duct (tear drainage), not a vision-loss condition, so classified as congenital birth defect rather than sense organ disease"
Congenital muscular torticollis,Other non-communicable diseases,high,"confirmed congenital musculoskeletal anomaly (sternocleidomastoid contracture), fits GBD's congenital anomaly subcause"
Congenital lactic acidosis,Other non-communicable diseases,high,"confirmed inborn error of metabolism (mitochondrial disease), no clean GBD Level-2 home"
Congenital intestinal atresias,Other non-communicable diseases,high,
"Congenital hypothyroidism, acquired hypothyroidism",Other non-communicable diseases,high,
Congenital hypoparathyroidism,Other non-communicable diseases,high,
Congenital hyperinsulinism,Other non-communicable diseases,high,
Impetiginized scabies,Skin and subcutaneous diseases,high,
Bacillus Calmette-Guérin (BCG) lymphadenitis,Other infectious diseases,high,"confirmed regional mycobacterial (BCG vaccine strain) lymphadenitis, not true tuberculosis disease, so kept in general infectious disease bucket"
Impulsivity,Mental disorders,low,"title reveals lisdexamfetamine (an ADHD medication) used in 'impulsive children', suggesting ADHD-spectrum framing rather than a bare non-disease trait, though ADHD isn't explicitly diagnosed"
Oral Surgical Procedures,Not applicable,high,"procedure/premedication context, no disease named"
Patients undergoing surgery for hypospadias or undescendent testis,Other non-communicable diseases,high,"term explicitly names hypospadias and undescended testis (cryptorchidism), both congenital anomalies; title is a generic anesthesia PK study and doesn't add disease info but doesn't contradict"
Patients undergoing genitourinary surgery,Not applicable,high,"generic surgical population (caudal anesthesia study), no specific GU disease named"
Pathological unconjugated hyperbilirubinemia in neonates,Maternal and neonatal disorders,high,
Ankle sprain,Unintentional injuries,high,"confirmed traumatic ankle sprain presenting to ED, consistent with unintentional injury"
Paratesticular sarcoma,Neoplasms,high,
Parasitic Gastrointestinal Nematode Infections In Goats,Not applicable,high,"confirmed veterinary/animal (goat) study, not human pediatric disease"
Parapneumonic effusion,Respiratory infections and tuberculosis,high,
Panic Disorder,Mental disorders,high,
Pancreatic insufficiency due to cystic fibrosis,Other non-communicable diseases,high,
Paediatric spasticity,Neurological disorders,high,"title confirms spasticity in context of cerebral palsy/TBI, both neurological"
Paediatric limb fracture,Unintentional injuries,high,"confirmed traumatic limb fracture, consistent with unintentional injury default"
Paediatric displaced fractures,Unintentional injuries,high,confirmed traumatic fracture reduction context
Paediatric cystogram,Not applicable,high,"diagnostic/catheterization procedure, no disease named"
Paediatric abdominal surgery,Not applicable,high,"generic surgical category, no disease named"
Paediatric Abdominal Ct,Not applicable,high,"imaging procedure, no disease named"
PFAPA syndrome,Other non-communicable diseases,high,"confirmed autoinflammatory periodic fever syndrome (PFAPA), no dedicated GBD cause"
"Overactive bladder, Neurogenic detrusor overactivity",Diabetes and kidney diseases,high,
Osteogenesis Imperfecta,Musculoskeletal disorders,high,confirmed osteogenesis imperfecta bisphosphonate trial; classified under musculoskeletal (bone/connective tissue) disease rather than a discrete congenital-anomaly subcause
Osgood-Schlatter Disease,Musculoskeletal disorders,high,
Orthodontic Bond Failure,Not applicable,high,"dental material/procedure outcome, not a disease"
Oral thrush (candidosis),Other infectious diseases,high,"confirmed oral candidiasis (thrush) in infants; oral mucosal fungal infection, not skin, so kept in general infectious disease bucket"
Patients with pectus excavatum who underwent Nuss procedures,Other non-communicable diseases,high,
Pauciarticular and polyarticular juvenile rheumatoid arthritis,Musculoskeletal disorders,high,
Pediatric Ambulatory Patients,Not applicable,high,"generic anesthesia population descriptor, no disease named"
Pediatric concussion,Unintentional injuries,high,confirmed traumatic brain injury (concussion) treatment trial
Pediatric functional dyspepsia with duodenal eosinophilia,Digestive diseases,high,
Pediatric foot and ankle deformities requiring surgery,Other non-communicable diseases,low,title is purely an anesthesia/nerve-block study and doesn't clarify whether deformity is congenital or acquired; kept congenital assumption from original call
Pediatric extremity burns,Unintentional injuries,high,
Pediatric decompensated liver cirrhosis,Digestive diseases,high,
Pediatric daycare surgery,Not applicable,high,"generic ambulatory surgery, no disease named"
Pediatric day-case hernioplasty,Digestive diseases,high,
Candidiasis,Maternal and neonatal disorders,high,"title reveals this is invasive candidiasis prophylaxis specifically in very low birth weight premature infants, i.e. a neonatal infection, not a generic infectious disease"
Pediatric convulsive status epilepticus,Neurological disorders,high,
Pediatric congenital heart disease undergoing cardiac surgery,Other non-communicable diseases,high,
Pediatric cleft lip and palate surgeries,Other non-communicable diseases,high,
Pediatric Heart Surgery,Not applicable,high,"generic cardiac surgery, underlying defect not specified"
Pediatric circumcision,Not applicable,high,"procedure (circumcision), no disease named"
Pediatric aphakic glaucoma,Sense organ diseases,high,
Pediatric adenoidal hypertrophy and nasal airway obstruction,Chronic respiratory diseases,high,"confirmed chronic upper-airway obstruction from adenoid hypertrophy treated with nasal steroids, closest fit chronic respiratory disease"
Pediatric abdominal surgery,Not applicable,high,"generic surgical procedure, no disease named"
Pediatric Relapsing Multiple Sclerosis,Neurological disorders,high,
"Pediatric Primary
Palatoplasty",Other non-communicable diseases,high,
Pediatric Patients Undergoing Cardiac Catheterization,Not applicable,high,"procedure (catheterization), no disease named"
Pediatric Nephrology,Diabetes and kidney diseases,high,"title reveals actual disease is hemolytic uremic syndrome (HUS), a kidney disease with hemolytic component; generic 'Pediatric Nephrology' term was masking a real nephrology diagnosis"
Pediatric Nephrolithiasis,Diabetes and kidney diseases,high,
Oral mucositis,Other non-communicable diseases,high,confirmed chemotherapy-induced oral mucositis; no clean dedicated GBD cause for this treatment-related mucosal condition
Oral Mucositis,Other non-communicable diseases,high,confirmed oral mucosal condition in pediatric ICU patients; no dedicated GBD cause
Pediatric lower abdominal surgery,Not applicable,high,"generic surgical procedure, no disease named"
Oral Midazolam,Not applicable,high,"premedication drug name, not a disease"
Nonemergency intubation in newborn infants,Not applicable,high,"procedure (intubation), no disease named"
Nonemergency intubation in neonates,Not applicable,high,"procedure (intubation), no disease named"
Nonacetaminophen acute liver failure,Digestive diseases,high,
Non-variceal upper gastrointestinal bleeding,Digestive diseases,high,
Non-septic critically ill children,Not applicable,high,"generic ICU context, no named diagnosis"
Non-oliguric hyperkalemia,Maternal and neonatal disorders,low,"title specifies this is hyperkalemia 'of premature infants', a recognized neonatal complication of extreme prematurity, though it's an electrolyte/lab finding rather than a discrete named disease"
Non-hemolytic jaundice,Maternal and neonatal disorders,high,
Non-hemolytic icterus (jaundice),Maternal and neonatal disorders,high,
Non-growth hormone-deficient short stature,Other non-communicable diseases,high,"confirmed endocrine growth disorder without clean GBD home, per rubric guidance on growth hormone-related conditions"
Non-growth hormone deficient short stature,Other non-communicable diseases,high,"confirmed endocrine growth disorder without clean GBD home, per rubric guidance"
Non-cystic fibrosis bronchiectasis in children,Chronic respiratory diseases,high,
Non-Lymphoblastic Non-Hodgkin Lymphoma,Neoplasms,high,
Appendicular peritonitis,Digestive diseases,high,
Night waking in young children,Not applicable,high,"confirmed generic behavioral sleep symptom, no diagnosed disorder"
Niemann–Pick disease type C,Other non-communicable diseases,high,
Nicotine/tobacco addiction,Substance use disorders,high,
Nicotine dependence,Substance use disorders,high,
Newly Diagnosed Severe Childhood IgA Nephropathy,Diabetes and kidney diseases,high,
Neutropenia in preterm infants,Maternal and neonatal disorders,high,"confirmed hematologic complication specifically in preterm/very-preterm newborns, a neonatal disorder"
Neuromuscular transmission during anesthesia,Not applicable,high,"anesthesia pharmacology parameter, not a disease"
Neuromuscular recovery,Not applicable,high,"anesthesia-recovery pharmacology parameter, not a disease"
Nonmetastatic rhabdomyosarcoma (RMS) and other chemotherapy-sensitive childhood soft tissue sarcomas,Neoplasms,high,
Nonneurogenic and nonanatomical voiding dysfunction in children,Diabetes and kidney diseases,high,
Nonneurogenic overactive bladder and urinary incontinence in children,Diabetes and kidney diseases,high,
Ocular discomfort and mydriatic efficacy in Type 1 diabetes,Diabetes and kidney diseases,high,
Opsoclonus-myoclonus,Neurological disorders,high,
Oppositional Defiant Disorder,Mental disorders,high,
Opisthorchis viverrini infection,Neglected tropical diseases and malaria,high,
Opioid/Benzodiazepine Withdrawal Syndrome,Unintentional injuries,high,"title confirms this is iatrogenic withdrawal from therapeutic opioid/benzodiazepine sedation in the PICU, not a substance use disorder (no recreational drug use); reclassified as adverse effect of medical treatment"
Opioid-induced pruritus,Unintentional injuries,high,"confirmed medication side effect (opioid-induced itching), iatrogenic adverse effect of treatment"
Onychomycosis,Skin and subcutaneous diseases,high,
Oliguria,Not applicable,low,oliguria is a generic symptom of possible renal dysfunction; no diagnosis (e.g. AKI) named
Oesophagogastroduodenoscopy,Not applicable,high,"procedure (endoscopy)/sedation, no disease named"
Oesophageal atresia,Other non-communicable diseases,high,
Ocular discharge in preterm neonates,Maternal and neonatal disorders,high,"title confirms ocular discharge specifically in preterm neonates, consistent with neonatal conjunctivitis/ophthalmia neonatorum, a neonatal condition rather than a vision-loss sense-organ disease"
Nonretractile physiologic phimosis,Diabetes and kidney diseases,high,
Occult constipation,Digestive diseases,high,
Occult bacteremia,Other infectious diseases,high,
A. lumbricoides infection,Neglected tropical diseases and malaria,high,
Antimuscarinic toxidrome,Unintentional injuries,high,
Antisocial Behavior,Mental disorders,high,"title confirms behavioral/psychiatric research context (empathy, emotion recognition in residential youth), consistent with conduct/behavioral disorder framing"
Nutrition in preterm infants,Not applicable,high,"parenteral nutrition/metabolic support study in preterm infants, no named disease"
Nutrition absorption capacity,Not applicable,high,physiologic parameter (nutrient absorption) study in healthy children
Nosocomial infections in very low birth weight neonates,Maternal and neonatal disorders,high,
Nosocomial infections in preterm infants,Maternal and neonatal disorders,high,
Pediatric gastrointestinal endoscopy,Not applicable,high,"procedure/sedation for endoscopy, no disease named"
Pediatric lower limb spasticity,Neurological disorders,high,"confirmed motor spasticity trial (botulinum toxin), consistent with cerebral-palsy-related neurological framing even though CP not explicitly named"
In-Pediatric Intensive Care Unit Cardiopulmonary Arrest,Cardiovascular diseases,low,"example title appears mismatched/unrelated to this term (about growth hormone/short stature, not cardiac arrest) and provides no useful disambiguation; kept original cardiac-arrest-event classification with underlying etiology still unspecified"
Peritonitis,Digestive diseases,low,title confirms straightforward peritonitis treatment but doesn't resolve whether GBD would code it under digestive or general infectious disease; kept per appendicitis/peritonitis convention
Pneumococcal resistance,Not applicable,high,"antimicrobial resistance surveillance topic, not a disease"
Pneumococcal carriage and resistance,Not applicable,high,"microbiologic nasal carriage and antibiotic-resistance surveillance, not a clinical infection/disease"
Platelet dysfunction after cardiopulmonary bypass,Unintentional injuries,low,reclassified for consistency with other post-procedural/iatrogenic complications in this batch; platelet dysfunction following cardiopulmonary bypass is a procedure-induced hematologic derangement rather than a primary hematologic disease
Plasmodium falciparum infection,Neglected tropical diseases and malaria,high,
Plasmodium falciparum and P. vivax,Neglected tropical diseases and malaria,high,
Plasmodium falciparum Gametocytemia,Neglected tropical diseases and malaria,high,
Plasma Glucose and Lipid Homeostasis Associated,Not applicable,high,"lab/physiologic parameter (glucose/lipid homeostasis), no disease named"
Angiofibromas in tuberous sclerosis,Other non-communicable diseases,high,
Plane warts,Skin and subcutaneous diseases,high,
Pityriasis alba,Skin and subcutaneous diseases,high,
Pityriasis Alba,Skin and subcutaneous diseases,high,
Pinworm infection,Neglected tropical diseases and malaria,high,
Pilonidal sinus disease,Skin and subcutaneous diseases,high,
Picc-Associated Bloodstream Infections,Maternal and neonatal disorders,high,"title reveals this is specifically PICC-associated bloodstream infection in NICU patients, i.e. a neonatal infection, not a generic infectious disease"
Physically and neurologically compromised pediatric dental patients,Not applicable,high,dental sedation context; disability description is not a named disease
Physical work capacity of young underprivileged school girls,Nutritional deficiencies,low,"iron-folic acid supplementation trial in underprivileged girls measuring physical work capacity, a classic iron-deficiency-anemia functional outcome study design; anemia not explicitly diagnosed in title"
Phosphomannomutase deficiency (PMM2 congenital disorder of glycosylation [PMM2-CDG]),Other non-communicable diseases,high,
Phenylephrine as a simulated intravascular epidural test,Not applicable,high,"anesthesia test procedure, no disease named"
Persistent vegetative state,Neurological disorders,high,"confirmed persistent vegetative state trial (zolpidem), a chronic neurological condition without a more specific GBD cause"
Persistent neurocysticercosis,Neglected tropical diseases and malaria,high,
Persistent crying in infants,Not applicable,high,"generic infant symptom (persistent crying), no confirmed diagnosis"
Pneumocystis Carinii Pneumonitis (PCP),Respiratory infections and tuberculosis,high,"title confirms PCP occurring in context of immunosuppressive therapy (not HIV), consistent with opportunistic pneumonia classified as lower respiratory infection"
Pollinosis,Other non-communicable diseases,low,revised for consistency with other allergic conditions (e.g. milk allergy) that lack a clean GBD Level-2 home; allergic rhinitis/hay fever is not part of GBD's chronic respiratory diseases cause list (asthma/COPD/ILD/pneumoconiosis)
Polyarticular juvenile idiopathic arthritis,Musculoskeletal disorders,high,
Post-extubation laryngospasm,Unintentional injuries,high,"reclassified as iatrogenic procedural complication (post-extubation laryngospasm), consistent with 'adverse effects of medical treatment/procedure' fitting similar terms in this batch"
Postoperative abdominal discomfort in infants,Not applicable,high,"generic postoperative symptom, procedural framing"
Postintubation croup,Unintentional injuries,high,"confirmed post-intubation airway edema, iatrogenic complication of intubation"
Posthemorrhagic ventricular dilation in infants,Maternal and neonatal disorders,high,
Posthemorrhagic hydrocephalus,Maternal and neonatal disorders,high,"confirmed hydrocephalus following intraventricular hemorrhage 'of the newborn', a neonatal/prematurity complication"
Posthaemorrhagic ventricular dilatation,Maternal and neonatal disorders,high,
Posterior urethral valves,Other non-communicable diseases,high,
Postconcussive symptoms,Unintentional injuries,high,confirmed sequela of head injury (concussion)
Post-orthodontic white spot lesions,Other non-communicable diseases,high,
Post-operative in pediatrics,Not applicable,high,"generic postoperative context, no disease named"
Post-concussion syndrome,Unintentional injuries,high,confirmed sequela of head injury (concussion)
Polyarticular juvenile rheumatoid arthritis,Musculoskeletal disorders,high,
Post-cardiac arrest in children,Cardiovascular diseases,high,"confirmed cardiac arrest event as the named condition (though treatment targets neuroprotection, the underlying event is cardiovascular)"
Post-anesthetic Apnea,Maternal and neonatal disorders,high,"title reveals this is apnea in 'former premature infants' treated with caffeine, the classic apnea-of-prematurity treatment; reclassified from procedural context to prematurity complication"
Post-adenoidectomy bleeding,Not applicable,high,"postoperative bleeding complication, procedural framing"
Post-ERCP pancreatitis,Digestive diseases,high,
Possible sleep bruxism in children,Other non-communicable diseases,high,"confirmed sleep bruxism, a dental/behavioral condition without a clean dedicated GBD cause"
Port-a-Cath Puncture,Not applicable,high,"device-access procedure, no disease named"
Port wine stains,Skin and subcutaneous diseases,high,
Poor feeding tolerance in preterm infants,Maternal and neonatal disorders,high,
Polyarticular-Course Juvenile Idiopathic Arthritis,Musculoskeletal disorders,high,
Persistent OSA after Adenotonsillectomy,Chronic respiratory diseases,high,"confirmed persistent obstructive sleep apnea, closest fit chronic respiratory disease despite no exact GBD OSA cause"
Peritoneal dialysis-associated peritonitis,Digestive diseases,low,title confirms peritoneal-dialysis-associated infectious peritonitis; kept consistent with peritonitis convention (digestive) though CKD/dialysis context could also support Diabetes and kidney diseases
Pediatric lower limb surgery,Not applicable,high,"generic surgical procedure, no disease named"
Peristomal wound reaction/infection related to percutaneous endoscopic gastrostomy,Skin and subcutaneous diseases,high,confirmed peristomal skin/wound reaction around gastrostomy site
Pediatric patients undergoing open cardiac surgery,Not applicable,high,"generic cardiac surgery, underlying defect not specified"
Pediatric patients undergoing major urological surgery,Not applicable,high,"generic urologic surgery, indication not specified"
Pediatric patients undergoing infraumbilical surgery,Not applicable,high,"generic surgical procedure, no disease named"
Pediatric patients undergoing extracorporeal shock wave lithotripsy,Diabetes and kidney diseases,high,"ESWL (lithotripsy) is a procedure specifically for urinary/kidney stones, so underlying disease (nephrolithiasis/urolithiasis) is unambiguous even though title itself is anesthesia-focused"
Pediatric patients undergoing allogeneic marrow transplantation,Not applicable,high,"transplant procedure; underlying indication (e.g. leukemia, aplastic anemia) not specified"
Pediatric patients undergoing adenotonsillectomy,Not applicable,high,"adenotonsillectomy has mixed indications (infection vs OSA), none specified"
Pediatric patients undergoing 3T MRI procedures,Not applicable,high,"imaging procedure/sedation, no disease named"
Pediatric patients scheduled for vitrectomy,Sense organ diseases,high,"vitrectomy is an intraocular procedure implying underlying vitreoretinal disease, even though the specific eye condition isn't named"
"Pediatric patients requiring minor procedures (e.g. laceration repair, foreign body removal)",Not applicable,high,"generic minor ED-type procedures, no disease named"
Pediatric orthopedic injuries (dislocations and fractures),Unintentional injuries,high,confirmed traumatic orthopedic injury (dislocations/fractures)
Pediatric orthopedic emergencies requiring fracture reduction/joint relocation,Unintentional injuries,high,confirmed traumatic orthopedic emergency (fracture/dislocation reduction)
Pediatric open heart surgery,Not applicable,high,"generic cardiac surgery, underlying defect not specified"
Pediatric open cardiac surgery,Not applicable,high,"generic cardiac surgery, underlying defect not specified"
Pediatric obstructive sleep apnea syndrome,Chronic respiratory diseases,high,"confirmed obstructive sleep apnea, closest GBD fit chronic respiratory disease"
Pediatric nonalcoholic fatty liver disease (NAFLD),Digestive diseases,high,
Pediatric non-Hodgkin lymphoma,Neoplasms,high,
Pediatric neurosurgical operations,Not applicable,high,"generic neurosurgery, indication not specified"
Pediatric neuropsychiatric disorders,Mental disorders,high,"title reveals this is likely a PANDAS-type trial (antibiotic treatment for recent-onset neuropsychiatric symptoms, e.g. OCD/tics associated with strep infection); presentation is psychiatric so Mental disorders still fits best despite infectious trigger"
Pediatric neurally mediated syncope,Cardiovascular diseases,high,"confirmed neurally-mediated (vasovagal) syncope treated with cardiovascular medications (beta-blocker, fludrocortisone), standard cardiology approach"
Pediatric multiple sclerosis,Neurological disorders,high,
Pediatric minor subumbilical surgery,Not applicable,high,"generic surgical procedure, no disease named"
Pediatric patients undergoing open renal surgery,Not applicable,high,"generic renal surgery, indication not specified"
Pediatric patients undergoing short-lasting laparoscopic procedures,Not applicable,high,"generic laparoscopic procedure, no disease named"
Pediatric patients undergoing surgery,Not applicable,high,"generic surgical procedure, no disease named"
Pediatric warts,Skin and subcutaneous diseases,high,
Perioperative bleeding during tonsillectomy,Not applicable,high,"postoperative bleeding complication of tonsillectomy, procedural framing"
Pericardial effusion after cardiac surgery in children,Cardiovascular diseases,high,"confirmed pericardial effusion, a cardiac condition even though it arises post-surgically"
Perianal streptococcal dermatitis,Skin and subcutaneous diseases,high,
Perianal candidosis,Skin and subcutaneous diseases,high,
Penile surgery,Not applicable,high,"generic procedure, no disease named"
Penile adhesions after circumcision,Diabetes and kidney diseases,low,"penile adhesion is a recognized benign, non-infectious urologic/genital condition following circumcision; mapped to benign urologic conditions"
Pediculosis Capitis,Skin and subcutaneous diseases,high,
Pediculosis,Skin and subcutaneous diseases,high,
Pediatrics undergoing bone marrow aspiration,Not applicable,high,"procedure (bone marrow aspiration), underlying indication not specified"
Pediatric vision/refraction,Sense organ diseases,low,title reveals this is a comparison of cycloplegic/mydriatic drops for eye exams (diagnostic procedure) rather than treatment of a specific vision disorder; kept assumed refractive-error framing but genuinely uncertain
Pediatric patients undergoing totally implantable venous access port implantation,Not applicable,high,"procedure (venous port implantation), no disease named"
Pediatric video capsule endoscopy,Not applicable,high,"procedure (capsule endoscopy), no disease named"
"Pediatric urological conditions requiring surgery e.g. phimosis, hypospadias",Other non-communicable diseases,low,"mixed urologic conditions (phimosis often a non-congenital benign urologic condition vs hypospadias, congenital); title doesn't resolve which predominates; kept congenital anomaly as primary per original"
Pediatric urologic surgery,Not applicable,high,"generic urologic procedure, no specific diagnosis named"
Pediatric surgery,Not applicable,high,"generic procedure/anesthesia trial, no disease named"
Pediatric supracondylar humeral fractures,Unintentional injuries,high,confirmed traumatic fracture (supracondylar humerus)
Pediatric strabotomy,Sense organ diseases,high,
Pediatric solid organ transplantation,Not applicable,high,confirmed procedure (solid organ transplant) without specified underlying disease indication
Pediatric sleep EEG,Not applicable,high,"diagnostic/sedation procedure context (sleep EEG), no disease named"
Pediatric patients undergoing ventricular septal defect (VSD) or atrioventricular septal defect (AVSD) correction,Other non-communicable diseases,high,
Arrhythmia in pediatric patients with congenital heart disease undergoing cardiopulmonary bypass,Cardiovascular diseases,high,confirmed arrhythmia as the named/treated condition (CHD is the underlying context but arrhythmia itself is the cardiovascular entity)
Neurologic development in premature infants,Not applicable,high,"confirmed generic neurodevelopmental outcome measure in preterm infants, not a specific diagnosis"
Neurogenic or myogenic motor deficit,Neurological disorders,low,title doesn't clarify whether the motor deficit is neurogenic (e.g. cerebral palsy) or myogenic (e.g. muscular dystrophy) in origin; kept neurological as before but genuinely ambiguous
Kerion celsi (a type of inflammatory tinea capitis),Skin and subcutaneous diseases,high,
Low IGF-I and IGFBP3 serum concentrations,Other non-communicable diseases,high,confirmed GH-axis-related endocrine finding without clean GBD home
Locks in Neonates,Not applicable,high,"confirmed IV catheter lock maintenance procedure, not a disease"
Local Reactions To Dtap Vaccination,Unintentional injuries,high,"confirmed local injection-site reaction to vaccination, an adverse effect of a medical/preventive intervention"
Liver dysfunction in obese adolescents,Digestive diseases,high,
Liver disease associated with cystic fibrosis,Digestive diseases,high,confirmed liver disease (treated with UDCA) is the named condition; CF is noted as underlying genetic cause but the disease framing here is hepatic/digestive
Limb edema due to green pit viper bites,Unintentional injuries,high,
Lesch-Nyhan disease,Other non-communicable diseases,high,"confirmed genetic metabolic disorder (purine metabolism defect) with multisystem effects, no clean single GBD home"
Lennox-Gastaut syndrome,Neurological disorders,high,
Later-Onset Spinal Muscular AtrophySpinal muscular atrophy,Neurological disorders,high,
Laser treatment for retinopathy of prematurity,Maternal and neonatal disorders,high,
Laryngotracheobronchitis (croup),Respiratory infections and tuberculosis,high,
Laryngotracheal stenosis,Chronic respiratory diseases,high,"title (laryngotracheal reconstruction) suggests chronic/acquired airway stenosis requiring surgical management, consistent with chronic respiratory disease framing"
Large Cutaneous Burns,Unintentional injuries,high,
Langerhans cell histiocytosis,Neoplasms,high,"confirmed multisystem Langerhans cell histiocytosis, treated as a clonal neoplastic disorder per current classification"
Lactose Intolerance,Digestive diseases,high,
Lack of cooperation during pediatric ultrasound,Not applicable,high,"procedural-cooperation/sedation context (ultrasound), no disease named"
Labial adhesions,Other non-communicable diseases,high,confirmed benign genital condition (labial adhesions) without a dedicated GBD cause
L-methamphetamine,Not applicable,high,"confirmed performance/pharmacology study (inhaled stimulant effect on athletic performance), not a disease"
Kyphoscoliosis,Musculoskeletal disorders,high,
Krimiroga (intestinal helminthiasis),Neglected tropical diseases and malaria,high,
Known or suspected resistant Gram-positive infections in neonates,Maternal and neonatal disorders,high,
Low Serum IGF-1 Levels,Other non-communicable diseases,low,"title confirms context is extremely preterm infants, which could support classifying as a neonatal/prematurity growth issue instead; kept GH-axis endocrine framing per consistency with similar IGF-1 terms in this batch, but genuinely could go either way"
Low blood pressure,Maternal and neonatal disorders,high,"title reveals this is hypotension specifically in preterm infants treated with vasopressors (dopamine/dobutamine), a recognized neonatal/prematurity complication rather than a nonspecific sign"
Low superior vena cava (SVC) flow in infants,Maternal and neonatal disorders,low,low SVC flow is a hemodynamic marker specifically studied in preterm/neonatal circulatory transition research (treated with dobutamine); leaning neonatal complication over generic 'not applicable' though it remains a physiologic parameter rather than a named disease
Lupus Nephritis,Diabetes and kidney diseases,high,
Major omphalocoele,Other non-communicable diseases,high,
Major Spine Surgery,Not applicable,high,generic surgical category; underlying spinal condition (e.g. scoliosis) not explicitly named in title
Magnetic resonance imaging,Not applicable,high,"imaging procedure/sedation context, no disease named"
MDD,Mental disorders,high,
Lymphocyte-predominant Hodgkin lymphoma,Neoplasms,high,
Lymphoblastic non-Hodgkin's lymphoma,Neoplasms,high,
Lymphoblastic lymphoma,Neoplasms,high,
Lymphangiomas,Other non-communicable diseases,high,confirmed congenital lymphatic malformation
Lyme disease,Other infectious diseases,high,
Lung transplantation,Not applicable,high,"transplant procedure, underlying indication not specified"
Low superior vena cava flow in preterm infants,Maternal and neonatal disorders,low,"low SVC flow is a hemodynamic marker specifically studied in preterm infants (term itself specifies preterm), a recognized aspect of neonatal circulatory transition; kept low confidence since it's a physiologic parameter rather than a discrete named disease"
Lung dysfunction after cardiopulmonary bypass,Unintentional injuries,high,confirmed postoperative/iatrogenic pulmonary dysfunction following cardiopulmonary bypass
Lower-third ureteric stones in children,Diabetes and kidney diseases,high,"confirmed urinary tract stone disease (ureteric stones), non-infectious urologic condition"
Lower limb deformities requiring surgery,Musculoskeletal disorders,low,title (limb lengthening/deformity correction) doesn't clarify whether deformity is congenital or acquired; kept musculoskeletal framing but genuinely ambiguous vs congenital-anomaly classification
Lower extremity surgery (foot and ankle surgery) in children,Not applicable,high,"generic surgical category, no disease named"
Lower abdominal surgeries in children,Not applicable,high,"generic surgical category, no disease named"
Lower abdominal laparoscopic surgery,Not applicable,high,"generic surgical category, no disease named"
Low-risk febrile neutropenia,Other infectious diseases,high,"confirmed febrile neutropenia antibiotic trial; this is the infectious complication of chemotherapy-induced neutropenia, not the underlying cancer itself"
Low-flow venous malformations,Other non-communicable diseases,high,"term explicitly names venous malformation, a congenital vascular anomaly; title is generic sedation-for-procedure and doesn't add further info but doesn't contradict"
Low-birth-weight in preterm infants,Maternal and neonatal disorders,high,
Kerosene-associated pneumonitis,Unintentional injuries,high,"confirmed toxic/chemical aspiration pneumonitis from unintentional kerosene ingestion, a poisoning injury rather than a primary respiratory disease"
Autoimmune hepatitis,Digestive diseases,high,
Neurogenic constipation,Digestive diseases,high,
Karshya (Grade I and II undernutrition),Nutritional deficiencies,high,
Intrauterine contraception,Not applicable,high,"contraceptive-device trial, not a disease"
Intraoperative hyperglycemia following children cardiac surgery,Not applicable,high,"confirmed perioperative physiologic parameter (intraoperative hyperglycemia), not a distinct disease"
Intractable spastic cerebral palsy,Neurological disorders,high,
Intractable constipation,Digestive diseases,high,
Intracranial surgeries,Not applicable,high,"generic surgical category (opioid-sparing analgesia for intracranial surgery), no specific disease named"
Intestinal protozoa infections,Enteric infections,high,"confirmed parasitic intestinal infection (protozoa) causing diarrheal illness, fits enteric infections"
Intestinal colonization by Clostridium difficile,Not applicable,low,"title confirms this is specifically about intestinal colonization (asymptomatic carriage) in newborns, not active C. difficile infection/disease, so reclassified away from Enteric infections"
Intellectually subaverage children,Mental disorders,high,
BCG lymphadenitis,Other infectious diseases,high,"confirmed regional mycobacterial (BCG vaccine strain) lymphadenitis, not true tuberculosis disease"
Inherited coagulopathies,Other non-communicable diseases,high,
BH4-responsive phenylketonuria or mild hyperphenylalaninemia,Other non-communicable diseases,high,
BMC Pediatrics,Other non-communicable diseases,high,Disease_clean field mislabeled with a journal name; title explicitly names cleft palate repair -- cleft lip/palate is a congenital birth defect per rubric
Bacillary dysentery,Enteric infections,high,
Infantile hypertrophic pyloric stenosis (IHPS),Other non-communicable diseases,high,confirmed congenital pyloric stenosis; GBD classifies this under digestive congenital anomalies subcause within congenital birth defects
Infantile gastro-enteritis,Enteric infections,high,
Indwelling peripheral arterial catheter,Not applicable,high,"catheter-patency procedural outcome, no disease named"
Induction in infants,Not applicable,high,"anesthesia induction context, no disease named"
Individualized Heparin and Protamine Management,Not applicable,high,"perioperative anticoagulation management during cardiac surgery, underlying cardiac disease not specified"
Indirect hyperbilirubinemia,Maternal and neonatal disorders,high,
Incomplete descent of the testis,Other non-communicable diseases,high,
"Incessant tachyarrhythmias (including supraventricular arrhythmias, junctional ectopic tachycardia, ventricular arrhythmias)",Cardiovascular diseases,high,
Intravenous Catheter Insertion,Not applicable,high,"procedural context (IV catheter insertion), no disease named"
Intravenous access,Not applicable,high,"procedural context (IV access), no disease named"
Intravenous catheterization (venipuncture),Not applicable,high,"procedural context (venipuncture), no disease named"
Judo Performance,Not applicable,high,"athletic-performance/supplement study, not a disease"
Kaposiform hemangioendothelioma (KHE) with Kasabach-Merritt phenomenon (KMP),Neoplasms,high,"confirmed vascular tumor (KHE) managed with oncology-type targeted therapy (sirolimus), consistent with neoplastic classification despite locally-aggressive-rather-than-metastatic behavior"
Kaposi's sarcoma,Neoplasms,high,
Juvenile onset recurrent respiratory papillomatosis,Chronic respiratory diseases,low,"reclassified: rubric's Neoplasms category is restricted to malignant cancers (plus benign CNS tumors only); recurrent respiratory papillomatosis is a benign, non-CNS tumor causing chronic airway obstruction, so doesn't strictly qualify as Neoplasms; closest fit is chronic respiratory airway disease"
Juvenile onset ankylosing spondylitis,Musculoskeletal disorders,high,
Juvenile localized scleroderma,Skin and subcutaneous diseases,high,"confirmed localized scleroderma (morphea), primarily a skin/connective-tissue disease"
Azithromycin Resistance,Not applicable,high,"mass-drug-administration mortality/resistance-monitoring trial, no specific disease diagnosed or treated"
Juvenile dermatomyositis,Musculoskeletal disorders,high,"confirmed inflammatory myopathy (juvenile dermatomyositis), managed as a rheumatologic/musculoskeletal condition despite skin involvement"
Juvenile Graves' Disease,Other non-communicable diseases,high,"confirmed autoimmune hyperthyroidism (Graves' disease), no clean GBD Level-2 endocrine-disease home"
Junctional ectopic tachycardia after repair of tetralogy of Fallot,Cardiovascular diseases,high,
Journal of Neurology,Neurological disorders,high,"Disease_clean field mislabeled with a journal name; title explicitly names Duchenne muscular dystrophy, a neuromuscular disease"
B-cell non-Hodgkin lymphoma,Neoplasms,high,
Journal of Child and Adolescent Psychopharmacology,Mental disorders,high,"Disease_clean field mislabeled with a journal name; title explicitly names bipolar disorder (acute mania, early-course bipolar disorder)"
Journal of Burn Care & Rehabiliration,Unintentional injuries,low,"Disease_clean field mislabeled with a journal name; title references reconstructive burn surgery, implying a prior burn injury, though the trial itself is about preoperative anxiety rather than acute burn treatment"
B-cell neoplasms in children and adolescents,Neoplasms,high,
Isolated Hydronephrosis,Diabetes and kidney diseases,high,"confirmed antenatally-detected hydronephrosis managed with antibiotic prophylaxis, fits non-infectious urologic condition despite congenital origin"
Irritant diaper dermatitis,Skin and subcutaneous diseases,high,
Irreversible pulpitis,Other non-communicable diseases,high,
"Invasive procedures (lumbar puncture, bone marrow aspiration) in pediatric oncology patients",Not applicable,high,procedural-sedation context; underlying oncologic diagnosis not specified in title
Invasive fungal infection,Other infectious diseases,high,
Intussusception,Digestive diseases,high,
Atelectasis and foreign body in bronchus,Unintentional injuries,high,
Malignant diseases,Neoplasms,high,
Malignant ventricular arrhythmias,Cardiovascular diseases,high,
Maxillofacial Surgery,Not applicable,high,"generic surgical category, no disease named"
Neonatal indirect hyperbilirubinemia,Maternal and neonatal disorders,high,
Neonatal hypoxic ischemic encephalopathy (HIE),Maternal and neonatal disorders,high,
Neonatal hypoxemic respiratory failure (NHRF),Maternal and neonatal disorders,high,
Neonatal hypoxemia,Maternal and neonatal disorders,high,
Neonatal herpes simplex virus (HSV) disease,Maternal and neonatal disorders,high,
Neonatal encephalopathy,Maternal and neonatal disorders,high,
Neonatal cholestasis syndrome,Maternal and neonatal disorders,low,"title confirms this is specifically neonatal cholestasis (differentiating from other jaundice etiologies); kept neonatal framing given age-specific presentation, though a liver/digestive-disease classification is also defensible"
Neonatal cerebral edema,Maternal and neonatal disorders,high,"confirmed neonatal cerebral edema, commonly a sequela of birth asphyxia/hypoxic-ischemic injury in newborns, fits neonatal disorders"
Neonatal apnoea,Maternal and neonatal disorders,high,
Asymptomatic P. falciparum infection,Neglected tropical diseases and malaria,high,
Neonatal Shock,Maternal and neonatal disorders,high,
Needle procedures,Not applicable,high,"generic procedural context (needle-based procedures), no disease named"
Need for postoperative vasodilation after cardiac surgery,Not applicable,high,"postoperative hemodynamic management, not a distinct disease"
Need for percutaneous endoscopic gastrostomy (PEG),Not applicable,high,"procedural context (antibiotic prophylaxis for PEG placement), underlying indication not specified"
Need for intubation in preterm and term infants,Not applicable,high,"airway procedure, no disease named"
Need for intubation during adenotonsillectomy in children,Not applicable,high,"airway procedure during a generic surgical procedure, no disease named"
Need for intubation,Not applicable,high,"airway procedure, no disease named"
Need for intravenous line placement,Not applicable,high,"procedural context (IV line placement), no disease named"
Need for intravenous catheter placement,Not applicable,high,"procedural context (IV catheter placement), no disease named"
Need for intravenous cannulation,Not applicable,high,"procedural context (IV cannulation), no disease named"
Necrotic Pulp In Primary Teeth,Other non-communicable diseases,high,
Neonatal intracranial hemorrhage,Maternal and neonatal disorders,high,
Neonatal intravenous infusion,Not applicable,high,"IV access procedure, no disease named"
Neonatal metabolic acidosis,Maternal and neonatal disorders,high,"confirmed neonatal metabolic disturbance (acidosis), fits other neonatal disorders subcause"
Neonates needing elective or semielective endotracheal intubation,Not applicable,high,"airway procedure, no disease named"
Neurocardiogenic syncope,Cardiovascular diseases,high,confirmed neurocardiogenic (vasovagal) syncope evaluated via cardiology tilt-table testing
Neuroborreliosis,Other infectious diseases,high,confirmed bacterial infection (Lyme neuroborreliosis) treated with antibiotics; infectious etiology takes precedence over neurological manifestation site
Nervous disorders caused by sevoflurane anesthesia,Unintentional injuries,high,"confirmed anesthesia-induced adverse effect (likely emergence delirium/agitation from sevoflurane), an iatrogenic complication"
Nephrotoxicity induced by doxorubicin,Unintentional injuries,high,"confirmed chemotherapy (doxorubicin)-induced kidney injury, an adverse effect of medical treatment"
Nephropathy,Diabetes and kidney diseases,high,
Nephrolithiasis,Diabetes and kidney diseases,high,confirmed kidney stone disease (nephrolithiasis)
Neovascular age-related macular degeneration (nAMD),Sense organ diseases,high,
Neonates with Meconium Aspiration Syndrome,Maternal and neonatal disorders,high,
Neonates requiring tracheal intubation,Not applicable,high,"airway procedure, no disease named"
Neonates Undergoing Extracorporeal Membrane Oxygenation,Not applicable,high,"life-support procedure (ECMO), underlying indication not specified"
Neonatal narcotic withdrawal syndrome,Maternal and neonatal disorders,high,
Neonatal upper gastrointestinal hemorrhage,Maternal and neonatal disorders,high,"confirmed neonatal GI hemorrhage, fits other neonatal disorders subcause"
Neonatal unconjugated hyperbilirubinemia,Maternal and neonatal disorders,high,
Neonatal umbilical cord infection (omphalitis),Maternal and neonatal disorders,high,
Neonatal tetanus,Other infectious diseases,high,"confirmed neonatal tetanus; per rubric, tetanus is explicitly enumerated under Other infectious diseases regardless of age of onset"
Neonatal surgical emergencies requiring thoracotomy or laparotomy,Not applicable,high,confirmed generic surgical-emergency/anesthesia context without a specific disease named
Neonatal septic shock,Maternal and neonatal disorders,high,
Neonatal postoperative ileus,Digestive diseases,low,"rubric explicitly lists 'intestinal obstruction/ileus' under Digestive diseases; though this occurs in neonates postoperatively, the named condition (ileus) is explicitly enumerated there rather than as a distinct neonatal disorder subtype"
Neonatal opioid abstinence syndrome (NAS),Maternal and neonatal disorders,high,
Neonatal nosocomial enteric infection,Maternal and neonatal disorders,low,term and title confirm neonatal-specific framing (nosocomial infection in newborns); kept under neonatal infections subcause though Enteric infections is a defensible alternative given the diarrheal/enteric nature
Necrotic Immature Permanent Anterior Teeth,Other non-communicable diseases,high,
Nasotracheal Intubation In Newborn Infants,Not applicable,high,"airway procedure, no disease named"
Nasopharyngeal carcinoma,Neoplasms,high,
Methylphenidate in Hyperactive Children,Mental disorders,high,confirmed ADHD treatment trial (methylphenidate in hyperactive children)
Moderate or severe hypoxic–ischemic encephalopathy,Maternal and neonatal disorders,high,
Moderate mental retardation,Mental disorders,high,
Moderate Acute Malnutrition,Nutritional deficiencies,high,
Minor lower abdominal procedures under a standardised general anaesthetic,Not applicable,high,"generic surgical category, no disease named"
Milk allergy,Other non-communicable diseases,high,"confirmed food allergy (milk allergy), no clean GBD Level-2 home"
Midazolam induced hiccups,Not applicable,high,"confirmed minor drug side-effect symptom (hiccups), not a distinct disease"
Microtia,Other non-communicable diseases,high,"confirmed congenital external ear malformation (microtia); classified as congenital anomaly rather than sense organ disease since it's primarily structural, not necessarily hearing loss"
Micropreemies,Maternal and neonatal disorders,high,
Microalbuminuria in children with insulin-dependent diabetes mellitus,Diabetes and kidney diseases,high,
Methylphenidate - State-dependent learning,Not applicable,high,"confirmed pharmacology/learning-research concept, not a disease diagnosis"
Molar incisor hypomineralization,Other non-communicable diseases,high,
Methicillin-resistant staphylococcal infections,Other infectious diseases,high,"confirmed generic MRSA infection treated with vancomycin, site unspecified"
Metastatic soft tissue sarcoma (STS),Neoplasms,high,
Metastatic non-rhabdomyosarcoma soft tissue sarcomas in children and adolescents,Neoplasms,high,
Metabolic Bone Disease,Maternal and neonatal disorders,high,"title confirms this is metabolic bone disease specifically in very low birth weight infants, i.e., metabolic bone disease of prematurity, a recognized neonatal/prematurity complication"
Mesobuthus tamulus scorpion sting envenomation,Unintentional injuries,high,
Mental retardation,Mental disorders,high,
Mental disabilities in children,Mental disorders,high,
Meningococcal septic shock,Other infectious diseases,high,
Meatal stenosis,Diabetes and kidney diseases,high,"meatal stenosis is typically an acquired (often post-circumcision) urologic condition rather than congenital; confirmed as non-infectious urologic condition, treated via meatotomy"
Moderate to severe croup,Respiratory infections and tuberculosis,high,
Molar-incisor hypomineralisation,Other non-communicable diseases,high,
Nasolacrimal duct obstruction,Other non-communicable diseases,high,"NLDO in children is overwhelmingly congenital; consistent with congenital anomaly classification (structural, not vision-loss) as with the explicitly 'congenital' version of this term"
Myofascial pain syndrome,Musculoskeletal disorders,high,confirmed soft-tissue musculoskeletal pain syndrome in young athletes (swimmers)
Nasogastaic Tube,Not applicable,high,"procedural context (NG tube insertion), no disease named"
Nasal polyps,Other non-communicable diseases,low,revised for consistency with other chronic sinonasal/allergic conditions (e.g. pollinosis) that lack a clean GBD home; nasal polyps aren't part of GBD's chronic respiratory diseases cause list
Narcolepsy,Neurological disorders,high,"confirmed narcolepsy, a neurological disorder of orexin/hypocretin deficiency rather than a primary psychiatric condition"
Nail biting,Not applicable,high,"confirmed behavioral habit (nail biting), not a diagnosed disease"
NII,Not applicable,high,"placeholder code, no disease named"
NI (normal prepubertal boys),Not applicable,high,"placeholder code; title confirms healthy/normal subjects, no disease"
Asymptomatic congenital syphilis,HIV/AIDS and sexually transmitted infections,high,confirmed congenital syphilis; GBD tracks congenital syphilis within the syphilis/STI cause chain
Myringotomy and Tube Placement,Not applicable,high,"surgical procedure (commonly for recurrent otitis media, not explicitly named in title)"
Asymptomatic hypoglycemia,Maternal and neonatal disorders,high,"title confirms this is specifically neonatal hypoglycemia treated with dextrose gel, a recognized neonatal disorder rather than a nonspecific lab finding"
Mydriasis for retinopathy of prematurity screening,Maternal and neonatal disorders,high,"term and title confirm this is for retinopathy of prematurity screening, an explicitly listed preterm-birth complication"
Molar-incisor hypomineralization,Other non-communicable diseases,high,
Musculoskeletal injuries,Unintentional injuries,high,"confirmed traumatic musculoskeletal injury (analgesia trial), not a chronic musculoskeletal disease"
Musculoskeletal ankle injuries,Unintentional injuries,high,confirmed traumatic/sports soft-tissue ankle injury
Multisystem Langerhans' cell histiocytosis,Neoplasms,high,"confirmed multisystem Langerhans cell histiocytosis, treated as clonal neoplastic disorder"
Multiple tics,Mental disorders,high,confirmed tic disorder treated with haloperidol/diazepam (psychiatric medications); tic disorders are classified under neurodevelopmental/behavioral disorders (DSM chapter) fitting Mental disorders catch-all
Multidrug-resistant nephrotic syndrome,Diabetes and kidney diseases,high,
Multidrug-resistant gram-negative bacteria infections,Other infectious diseases,high,"confirmed generic MDR gram-negative bacterial infection in critically ill children, site unspecified"
Moyamoya disease,Cardiovascular diseases,high,"confirmed moyamoya disease, a cerebrovascular disease causing stroke; GBD classifies cerebrovascular disease under Cardiovascular diseases (stroke) rather than Neurological disorders"
Morning (0800h) tobramycin dosing,Chronic respiratory diseases,high,"Title explicitly names 'pulmonary exacerbations of cystic fibrosis' -- reveals the specific disease (CF, respiratory-endpoint framing) missed by the drug-dosing-timing term."
Ataxia telangiectasia (A-T),Neurological disorders,low,"title confirms trial specifically targets the ataxia (neurological/cerebellar) symptom of this multisystem genetic disorder; leaning neurological given this specific framing, though A-T's multisystem nature keeps this a genuine judgment call"
A. Iumbricoides and T. trichiura infections,Neglected tropical diseases and malaria,high,
