PDF_name,Year,Region_country,country_clean,income_group
6,2022.0,Spain,Spain,High-income
9,1982.0,Not reported,,
10,1983.0,Not report,,
11,2021.0,Not report,,
12,2021.0,Mexico,Mexico,Upper-middle-income
13,1994.0,Not report,,
14,2000.0,Not report,,
15,1985.0,Norway,Norway,High-income
16,1981.0,Nigeria,Nigeria,Low-income
17,2012.0,Italy,Italy,High-income
18,2003.0,United States,United States,High-income
20,1999.0,Not report,,
21,1990.0,Not report,,
23,2015.0,India,India,Lower-middle-income
25,1987.0,Not report,,
26,2001.0,Spain,Spain,High-income
27,2009.0,"United States, Chile, Brazil",,
28,2014.0,Chile,Chile,High-income
29,2016.0,United States,United States,High-income
30,2019.0,Not report,,
31,2014.0,Not report,,
32,2019.0,Egypt,Egypt,Lower-middle-income
33,2011.0,Iran,Iran,Upper-middle-income
34,2013.0,Iran,Iran,Upper-middle-income
35,2017.0,Iran,Iran,Upper-middle-income
36,2020.0,Iran,Iran,Lower-middle-income
37,2012.0,Iran,Iran,Upper-middle-income
38,1995.0,Canada,Canada,High-income
39,2021.0,Egypt,Egypt,Lower-middle-income
40,2017.0,Egypt,Egypt,Lower-middle-income
41,2002.0,Not report,,
42,2018.0,Not report,,
43,2018.0,Kuwait,Kuwait,High-income
45,2016.0,Egypt,Egypt,Lower-middle-income
46,2012.0,Not report,,
47,2016.0,Saudi Arabia,Saudi Arabia,High-income
49,2021.0,Not report,,
50,2021.0,Egypt,Egypt,Lower-middle-income
51,2022.0,Egypt,Egypt,Lower-middle-income
52,2011.0,Not report,,
53,2012.0,Not report,,
54,2015.0,Not report,,
55,2017.0,Not report,,
57,2018.0,Not report,,
60,2011.0,Egypt,Egypt,Lower-middle-income
61,2013.0,Not report,,
62,2017.0,Saudi Arabia,Saudi Arabia,High-income
63,2021.0,Egypt,Egypt,Lower-middle-income
64,2012.0,Not report,,
65,2022.0,Not report,,
66,2012.0,Not report,,
67,2021.0,Egypt,Egypt,Lower-middle-income
68,2018.0,Egypt,Egypt,Lower-middle-income
69,2018.0,Not report,,
70,2022.0,Not report,,
71,2021.0,Saudi Arabia,Saudi Arabia,High-income
74,2020.0,Egypt,Egypt,Lower-middle-income
75,2007.0,Egypt,Egypt,Lower-middle-income
76,2022.0,Egypt,Egypt,Lower-middle-income
77,2016.0,Egypt,Egypt,Lower-middle-income
78,2021.0,Not report,,
79,2020.0,Not report,,
80,2016.0,Not report,,
81,2019.0,Not report,,
82,1996.0,Not report,,
83,2002.0,Not report,,
84,2013.0,Not report,,
85,2017.0,Egypt,Egypt,Lower-middle-income
86,2008.0,"Africa (Benin, Kenya, Mali, Mozambique, Tanzania mainland, and Zanzibar",,
90,2022.0,Nigeria,Nigeria,Lower-middle-income
91,2012.0,Jordan,Jordan,Upper-middle-income
93,2011.0,Not report,,
94,2007.0,Sri Lanka,Sri Lanka,Lower-middle-income
95,2017.0,Sri Lanka,Sri Lanka,Lower-middle-income
97,2019.0,India,India,Lower-middle-income
98,2022.0,Not report,,
99,2022.0,Not report,,
101,2020.0,Egypt,Egypt,Lower-middle-income
102,2021.0,Iraq,Iraq,Upper-middle-income
104,2019.0,Egypt,Egypt,Lower-middle-income
106,2019.0,Qatar,Qatar,High-income
109,2003.0,Not report,,
111,2021.0,Not report,,
114,1986.0,Not report,,
117,2020.0,Spain,Spain,High-income
118,1998.0,Not report,,
119,2016.0,Not report,,
120,2021.0,Not report,,
121,2014.0,Saudi Arabia,Saudi Arabia,High-income
122,2017.0,Not report,,
123,2018.0,Not report,,
124,2014.0,Jordan,Jordan,Upper-middle-income
125,2002.0,Not report,,
126,2007.0,Not report,,
127,2007.0,Not report,,
128,2008.0,Not report,,
129,2022.0,Egypt,Egypt,Lower-middle-income
130,1995.0,United States,United States,High-income
131,2015.0,Not report,,
133,2007.0,Uganda,Uganda,Low-income
134,2009.0,Uganda,Uganda,Low-income
135,2012.0,Uganda,Uganda,Low-income
137,1998.0,Canada,Canada,High-income
138,2021.0,India,India,Lower-middle-income
139,1991.0,Not report,,
140,1990.0,Not report,,
142,2021.0,Not report,,
144,2001.0,Not report,,
145,2020.0,India,India,Lower-middle-income
146,1994.0,Not report,,
147,1982.0,Not report,,
148,1995.0,Not report,,
149,1995.0,Not report,,
150,1996.0,Not report,,
151,2001.0,Europe and South Africa,,
152,2002.0,Sudan,Sudan,Low-income
153,2012.0,Not report,,
155,2009.0,Not report,,
157,2012.0,Not report,,
158,1997.0,Haiti,Haiti,Low-income
159,2009.0,Nigeria,Nigeria,Lower-middle-income
162,2014.0,Gabon,Gabon,Upper-middle-income
163,2011.0,Nigeria,Nigeria,Lower-middle-income
164,2015.0,Not report,,
165,2018.0,Not report,,
166,2010.0,Egypt,Egypt,Lower-middle-income
167,2023.0,Nigeria,Nigeria,Lower-middle-income
168,1987.0,Not report,,
169,1987.0,United States,United States,High-income
170,2005.0,"Africa, Asia, Europe, North America, South America",,
172,1982.0,Nigeria,Nigeria,Low-income
176,2013.0,Not report,,
177,2022.0,Indonesia,Indonesia,Upper-middle-income
178,2020.0,Indonesia,Indonesia,Lower-middle-income
179,2008.0,Ghana,Ghana,Low-income
180,2014.0,Ghana,Ghana,Lower-middle-income
181,2002.0,"Kenya, Senegal, Gabon",,
182,1997.0,Not report,,
184,1997.0,"Europe, South Africa and Australia",,
186,2021.0,Pakistan,Pakistan,Lower-middle-income
187,2017.0,Not report,,
188,2021.0,Democratic Republic of Congo,Democratic Republic of Congo,Low-income
190,2009.0,Iran,Iran,Upper-middle-income
193,2001.0,India,India,Low-income
194,2022.0,United States,United States,High-income
195,2013.0,Kenya,Kenya,Low-income
196,2017.0,Not report,,
198,2000.0,Ghana,Ghana,Low-income
199,1997.0,Malawi,Malawi,Low-income
200,1993.0,Denmark,Denmark,High-income
201,1994.0,Not report,,
202,1997.0,Not report,,
203,1997.0,Denmark,Denmark,High-income
204,1999.0,Not report,,
205,1999.0,Not report,,
206,2010.0,Not report,,
208,2021.0,Iran,Iran,Lower-middle-income
209,2020.0,Iran,Iran,Lower-middle-income
210,1998.0,Not report,,
211,2009.0,Not report,,
214,1993.0,United States,United States,High-income
215,2009.0,United States,United States,High-income
217,2000.0,International,,
218,2004.0,Mexico,Mexico,Upper-middle-income
219,2012.0,United States,United States,High-income
220,2017.0,Not report,,
225,2010.0,Nigeria,Nigeria,Lower-middle-income
226,2015.0,Kenya,Kenya,Lower-middle-income
228,2013.0,Iran,Iran,Upper-middle-income
229,2020.0,Iran,Iran,Lower-middle-income
230,2013.0,Iran,Iran,Upper-middle-income
234,2016.0,Not report,,
235,2018.0,Turkey,Turkey,Upper-middle-income
236,2021.0,Not report,,
237,2021.0,Germany,Germany,High-income
239,1989.0,Not report,,
241,2002.0,Not report,,
242,2013.0,Iran,Iran,Upper-middle-income
243,2018.0,Pakistan,Pakistan,Lower-middle-income
244,2019.0,Pakistan,Pakistan,Lower-middle-income
245,2019.0,Pakistan,Pakistan,Lower-middle-income
246,2020.0,Pakistan,Pakistan,Lower-middle-income
248,2022.0,Pakistan,Pakistan,Lower-middle-income
249,2022.0,Not report,,
252,2010.0,Iran,Iran,Upper-middle-income
253,2012.0,Iran,Iran,Upper-middle-income
256,2013.0,Not report,,
257,2001.0,United States,United States,High-income
259,2005.0,Egypt,Egypt,Lower-middle-income
260,2002.0,Not report,,
261,2007.0,Egypt,Egypt,Lower-middle-income
262,2013.0,Saudi Arabia,Saudi Arabia,High-income
263,2015.0,Egypt,Egypt,Lower-middle-income
268,2021.0,"Bangladesh, India, Kenya, Malawi, Mali, Pakistan and Tanzania",,
269,2022.0,Not report,,
270,2022.0,Egypt,Egypt,Lower-middle-income
273,2008.0,Not report,,
279,1994.0,Not report,,
280,2021.0,India,India,Lower-middle-income
281,2015.0,Not report,,
282,2014.0,Not report,,
283,1991.0,Not report,,
284,1993.0,Not report,,
287,2000.0,UK,United Kingdom,High-income
289,2002.0,Not report,,
290,2010.0,Not report,,
291,2022.0,Not report,,
293,2021.0,Not report,,
297,2017.0,Not report,,
298,2016.0,Japan,Japan,High-income
300,2015.0,Not report,,
302,2021.0,Turkey,Turkey,Upper-middle-income
303,2010.0,Not report,,
304,2017.0,Turkey,Turkey,Upper-middle-income
305,2015.0,Turkey,Turkey,Upper-middle-income
306,2014.0,Turkey,Turkey,Upper-middle-income
308,2020.0,Not report,,
309,1992.0,Not report,,
311,2011.0,Iran,Iran,Upper-middle-income
312,2016.0,Iran,Iran,Upper-middle-income
313,2020.0,Iran,Iran,Lower-middle-income
314,2007.0,Iran,Iran,Lower-middle-income
315,2010.0,Iran,Iran,Upper-middle-income
316,2014.0,Pakistan,Pakistan,Lower-middle-income
317,2010.0,Not report,,
318,2012.0,Turkey,Turkey,Upper-middle-income
319,2014.0,Turkey,Turkey,Upper-middle-income
320,2020.0,Turkey,Turkey,Upper-middle-income
321,2001.0,Not report,,
322,2009.0,Not report,,
324,2000.0,Turkey,Turkey,Upper-middle-income
325,1999.0,Not report,,
326,1998.0,Turkey,Turkey,Upper-middle-income
327,1997.0,Turkey,Turkey,Upper-middle-income
328,2001.0,Not report,,
332,2015.0,Turkey,Turkey,Upper-middle-income
333,2007.0,Turkey,Turkey,Upper-middle-income
334,2012.0,Jordan,Jordan,Upper-middle-income
335,2014.0,Saudi Arabia,Saudi Arabia,High-income
336,2010.0,Not report,,
337,2015.0,Iran,Iran,Upper-middle-income
338,2009.0,Iran,Iran,Upper-middle-income
339,2007.0,Benin,Benin,Low-income
340,2020.0,Nigeria,Nigeria,Lower-middle-income
341,2008.0,Kuwait,Kuwait,High-income
342,2000.0,Finland,Finland,High-income
343,2002.0,Finland,Finland,High-income
344,1994.0,Bangladesh,Bangladesh,Low-income
345,1995.0,Bangladesh,Bangladesh,Low-income
348,2020.0,Saudi Arabia,Saudi Arabia,High-income
349,1994.0,UK,United Kingdom,High-income
350,1999.0,Not report,,
351,2014.0,Saudi Arabia,Saudi Arabia,High-income
352,2011.0,Qatar,Qatar,High-income
353,2013.0,Qatar,Qatar,High-income
354,2015.0,Qatar,Qatar,High-income
355,2016.0,Qatar,Qatar,High-income
356,2019.0,Qatar,Qatar,High-income
357,2020.0,Qatar,Qatar,High-income
358,2017.0,Qatar,Qatar,High-income
359,2023.0,Not report,,
360,2023.0,Egypt,Egypt,Lower-middle-income
363,2008.0,Mali,Mali,Low-income
364,2010.0,Mali,Mali,Low-income
365,2021.0,Iran,Iran,Lower-middle-income
366,2010.0,Jordan,Jordan,Upper-middle-income
368,1994.0,Not report,,
369,1994.0,Turkey,Turkey,Lower-middle-income
370,2011.0,"Poland, Ukraine",,
373,1999.0,Not report,,
374,2011.0,Sweden,Sweden,High-income
375,2014.0,Not report,,
376,2012.0,Egypt,Egypt,Lower-middle-income
377,2011.0,Sweden,Sweden,High-income
378,2013.0,Egypt,Egypt,Lower-middle-income
380,1994.0,Tanzania,Tanzania,Low-income
382,1999.0,Not report,,
383,2002.0,Tanzania,Tanzania,Low-income
385,2011.0,Poland,Poland,High-income
387,2015.0,Egypt,Egypt,Lower-middle-income
388,1994.0,Not report,,
391,2017.0,Not report,,
392,2021.0,Mexico,Mexico,Upper-middle-income
393,2012.0,Brazil,Brazil,Upper-middle-income
394,2021.0,Italy,Italy,High-income
395,2009.0,Not report,,
397,1982.0,United States,United States,High-income
399,2004.0,Switzerland,Switzerland,High-income
400,2008.0,United States and Canada,,
402,2022.0,Greece,Greece,High-income
403,2019.0,United States,United States,High-income
404,1993.0,United States,United States,High-income
405,2018.0,Egypt,Egypt,Lower-middle-income
407,2007.0,Saudi Arabia,Saudi Arabia,High-income
409,2017.0,Not report,,
410,2013.0,Saudi Arabia,Saudi Arabia,High-income
411,2013.0,Not report,,
412,2014.0,Iran,Iran,Upper-middle-income
413,2007.0,United States,United States,High-income
414,2019.0,Iran,Iran,Upper-middle-income
415,2007.0,Iran,Iran,Lower-middle-income
416,2008.0,Iran,Iran,Lower-middle-income
417,2010.0,Egypt,Egypt,Lower-middle-income
418,2013.0,American,,
419,2016.0,Not report,,
420,2019.0,Pakistan,Pakistan,Lower-middle-income
421,2019.0,Not report,,
422,2020.0,Egypt,Egypt,Lower-middle-income
423,2020.0,Egypt,Egypt,Lower-middle-income
424,2020.0,Pakistan,Pakistan,Lower-middle-income
425,2021.0,Pakistan,Pakistan,Lower-middle-income
426,2022.0,Egypt,Egypt,Lower-middle-income
427,2011.0,Turkey,Turkey,Upper-middle-income
429,2018.0,Not report,,
430,2019.0,Rwanda,Rwanda,Low-income
431,2013.0,Turkey,Turkey,Upper-middle-income
432,2022.0,Iran,Iran,Lower-middle-income
433,2016.0,Iran,Iran,Upper-middle-income
434,2017.0,Not report,,
438,2018.0,Not report,,
439,2022.0,Not report,,
440,2014.0,Saudi Arabia,Saudi Arabia,High-income
441,2020.0,Not report,,
444,2018.0,Egypt,Egypt,Lower-middle-income
445,2015.0,Iran,Iran,Upper-middle-income
446,2022.0,Egypt,Egypt,Lower-middle-income
447,2017.0,Jordan,Jordan,Upper-middle-income
448,1993.0,Not report,,
449,1999.0,Not report,,
450,1997.0,United States,United States,High-income
451,1998.0,Not report,,
454,2000.0,Not report,,
455,1995.0,Not report,,
456,2011.0,Brazil,Brazil,Upper-middle-income
457,2013.0,Italy,Italy,High-income
458,2010.0,Not report,,
459,2013.0,Not report,,
460,2021.0,Iraq,Iraq,Upper-middle-income
461,2020.0,Iraq,Iraq,Upper-middle-income
463,2020.0,United States,United States,High-income
464,2016.0,Qatar,Qatar,High-income
466,2019.0,Not report,,
467,2002.0,Canada,Canada,High-income
468,2019.0,Not report,,
469,2001.0,Saudi Arabia,Saudi Arabia,Upper-middle-income
470,2009.0,Not report,,
473,2013.0,Iraq,Iraq,Upper-middle-income
475,2021.0,Saudi Arabia,Saudi Arabia,High-income
476,2018.0,Not reported,,
477,2016.0,Egypt,Egypt,Lower-middle-income
478,2007.0,Not report,,
479,2020.0,Saudi Arabia,Saudi Arabia,High-income
480,2020.0,Jordan,Jordan,Upper-middle-income
481,1994.0,Not report,,
482,2012.0,New Zealand,New Zealand,High-income
483,2018.0,Saudi Arabia,Saudi Arabia,High-income
484,2003.0,Turkey,Turkey,Lower-middle-income
487,2008.0,United States,United States,High-income
489,2000.0,Not report,,
490,2017.0,Not report,,
491,2013.0,United States,United States,High-income
492,1995.0,United States,United States,High-income
499,2012.0,Canada,Canada,High-income
500,2008.0,Brazil,Brazil,Upper-middle-income
501,2012.0,Brazil,Brazil,Upper-middle-income
502,1989.0,Iraq,Iraq,Upper-middle-income
503,2007.0,Egypt,Egypt,Lower-middle-income
504,2007.0,Egypt,Egypt,Lower-middle-income
505,2009.0,Egypt,Egypt,Lower-middle-income
506,2014.0,Egypt,Egypt,Lower-middle-income
507,2015.0,Egypt,Egypt,Lower-middle-income
508,2008.0,"Argentina, Brazil, Denmark, Hong Kong, Mexico, Poland, Slovakia and China",,
509,2016.0,Jordan,Jordan,Lower-middle-income
510,2010.0,Jordan,Jordan,Upper-middle-income
511,2011.0,Jordan,Jordan,Upper-middle-income
513,2014.0,Jordan,Jordan,Upper-middle-income
514,2015.0,Jordan,Jordan,Upper-middle-income
516,2009.0,Saudi Arabia,Saudi Arabia,High-income
517,2015.0,United States,United States,High-income
518,2002.0,Zambia,Zambia,Low-income
519,2009.0,Zambia,Zambia,Low-income
520,1982.0,Not report,,
521,1993.0,Not report,,
522,2002.0,Not report,,
523,1991.0,Not report,,
524,1975.0,Not report,,
526,2009.0,Not report,,
527,2009.0,United States,United States,High-income
528,2014.0,United States,United States,High-income
529,2015.0,United States,United States,High-income
530,2019.0,Iran,Iran,Upper-middle-income
531,2015.0,Iran,Iran,Upper-middle-income
533,2016.0,Pakistan,Pakistan,Lower-middle-income
534,2019.0,Egypt,Egypt,Lower-middle-income
536,2014.0,Israel,Israel,High-income
537,2014.0,Not report,,
538,1974.0,Not report,,
539,1975.0,United States,United States,High-income
540,2017.0,Iran,Iran,Upper-middle-income
541,2015.0,Not report,,
544,2022.0,Egypt,Egypt,Lower-middle-income
545,2011.0,Canada,Canada,High-income
546,2011.0,Not report,,
547,2014.0,United States,United States,High-income
548,2016.0,Egypt,Egypt,Lower-middle-income
549,2021.0,Iran,Iran,Lower-middle-income
550,1998.0,Israel,Israel,High-income
551,2007.0,Not report,,
552,2008.0,Not report,,
553,2008.0,Iran,Iran,Lower-middle-income
554,2012.0,Not report,,
555,2019.0,Not report,,
557,1989.0,Israel,Israel,High-income
558,2002.0,Switzerland,Switzerland,High-income
559,2017.0,United States,United States,High-income
560,2012.0,United States,United States,High-income
561,2010.0,Iran,Iran,Upper-middle-income
562,2013.0,Iran,Iran,Upper-middle-income
563,2022.0,"South Africa, Uganda, Zimbabwe",,
564,1997.0,Kenya,Kenya,Low-income
566,2001.0,United States,United States,High-income
567,2013.0,Niger,Niger,Low-income
572,2013.0,Not report,,
573,2017.0,China,China,Upper-middle-income
574,2020.0,Korea,South Korea,High-income
576,1994.0,Not report,,
577,2016.0,Canada,Canada,High-income
579,1987.0,Not report,,
580,1988.0,Not report,,
581,1992.0,Not report,,
582,1999.0,Not report,,
583,2008.0,Not report,,
584,2011.0,Not report,,
586,2016.0,India,India,Lower-middle-income
587,1987.0,United Kingdom,United Kingdom,High-income
588,2021.0,Not report,,
591,2002.0,Not report,,
592,2013.0,Not report,,
593,2017.0,Italy,Italy,High-income
594,2014.0,Kenya,Kenya,Lower-middle-income
596,1967.0,United States,United States,High-income
597,1981.0,United States,United States,High-income
598,1990.0,United States,United States,High-income
599,1990.0,Not report,,
600,1990.0,Not report,,
601,1993.0,United States and Canada,,
602,1996.0,Not report,,
603,1999.0,Not report,,
604,2000.0,Not report,,
605,2001.0,Not report,,
608,2017.0,Australia,Australia,High-income
609,2019.0,Not report,,
611,2001.0,Sweden,Sweden,High-income
612,2017.0,United States,United States,High-income
613,2009.0,United States,United States,High-income
615,2013.0,Not report,,
616,2015.0,Not report,,
617,1998.0,Not report,,
618,2018.0,India,India,Lower-middle-income
619,2013.0,Not report,,
620,2020.0,Not report,,
622,2021.0,Not report,,
623,1992.0,Not report,,
625,2020.0,Kenya,Kenya,Lower-middle-income
626,1999.0,Not report,,
627,2002.0,Not report,,
629,2004.0,India,India,Low-income
630,2010.0,Not report,,
632,2006.0,Not report,,
634,2022.0,Pakistan,Pakistan,Lower-middle-income
635,2020.0,United States,United States,High-income
636,2022.0,United States,United States,High-income
637,1998.0,Finland and  USA,,
638,1989.0,Not report,,
639,2008.0,Italy,Italy,High-income
640,2008.0,Australia,Australia,High-income
641,2008.0,Not report,,
642,2020.0,Not report,,
643,1972.0,Not report,,
644,2018.0,Tanzania,Tanzania,Low-income
645,1998.0,Not report,,
646,1999.0,Not report,,
647,2007.0,Not report,,
648,2005.0,Not report,,
649,2017.0,American,,
650,2019.0,United States,United States,High-income
652,2020.0,Not report,,
654,2018.0,Australia,Australia,High-income
655,2016.0,Not report,,
657,2016.0,Greece,Greece,High-income
659,1996.0,USA,United States,High-income
661,1995.0,Nigeria,Nigeria,Low-income
663,2019.0,"Belgium, Bulgaria, Czech Republic, France, Greece, Hungary, Israel, Italy, Malaysia, Philippines, Poland, Romania, Serbia, Singapore, Korea, Turkey, Ukraine, and the USA",,
664,2019.0,Indonesia,Indonesia,Upper-middle-income
665,2009.0,Canada,Canada,High-income
666,1999.0,Italy,Italy,High-income
667,2010.0,Not report,,
668,2001.0,Italy,Italy,High-income
669,2001.0,Not report,,
670,1983.0,Australia,Australia,High-income
671,2016.0,India,India,Lower-middle-income
672,2020.0,Not report,,
673,2021.0,Sri Lanka,Sri Lanka,Lower-middle-income
674,2020.0,Not report,,
676,1997.0,Not report,,
677,2001.0,Not report,,
678,2007.0,Lebanon,Lebanon,Upper-middle-income
679,2008.0,Lebanon,Lebanon,Upper-middle-income
680,1997.0,Not report,,
681,2010.0,Not report,,
682,2009.0,Not report,,
683,2016.0,Cameroon,Cameroon,Lower-middle-income
684,1976.0,Not report,,
685,2007.0,Tanzania,Tanzania,Low-income
687,2008.0,United States,United States,High-income
688,1991.0,Netherlands,Netherlands,High-income
689,1999.0,"Europe, South Africa, United States",,
690,1999.0,"Canada, Finland, France, Hungary, Netherlands, Serbia, UK",,
691,2012.0,England and Wales,,
693,2020.0,Great Britain and Northern Ireland,,
694,1996.0,United States,United States,High-income
695,1998.0,United States,United States,High-income
696,2011.0,Not report,,
697,1984.0,United States,United States,High-income
698,2009.0,Iran,Iran,Upper-middle-income
699,1981.0,Not report,,
700,1999.0,Israel,Israel,High-income
701,2022.0,Egypt,Egypt,Lower-middle-income
702,2015.0,India,India,Lower-middle-income
704,2009.0,United States,United States,High-income
705,2021.0,"Europe (Russia, Hungary, Ukraine, Romania, Poland, Serbia, Bulgaria, Finland) and South Africa",,
706,2002.0,Iceland,Iceland,High-income
707,2022.0,Not report,,
709,2016.0,Not report,,
710,2015.0,Malaysia,Malaysia,Upper-middle-income
711,1999.0,Not report,,
712,2017.0,South African,South Africa,Upper-middle-income
713,2019.0,South African,South Africa,Upper-middle-income
714,2018.0,Iran,Iran,Upper-middle-income
715,2000.0,Europe,,
716,2000.0,Europe,,
717,2008.0,Australia,Australia,High-income
718,2002.0,Netherlands,Netherlands,High-income
719,2007.0,Spain,Spain,High-income
721,1996.0,Costa Rica,Costa Rica,Lower-middle-income
722,1997.0,Costa Rica,Costa Rica,Lower-middle-income
723,2009.0,Not report,,
724,2011.0,"North America, Europe, Latin America",,
725,1992.0,Not report,,
726,2008.0,Italy,Italy,High-income
728,2001.0,Malaysia,Malaysia,Upper-middle-income
729,2009.0,Uganda,Uganda,Low-income
730,2021.0,Not report,,
732,2022.0,Iran,Iran,Lower-middle-income
733,2011.0,Turkey,Turkey,Upper-middle-income
734,2014.0,Iran,Iran,Upper-middle-income
735,2014.0,Iran,Iran,Upper-middle-income
736,2015.0,Iran,Iran,Upper-middle-income
737,2019.0,Iran,Iran,Upper-middle-income
738,1993.0,Not report,,
739,2007.0,Not reported,,
740,2008.0,Not reported,,
741,2002.0,Not reported,,
744,1990.0,United States,United States,High-income
745,1997.0,"Canada, The Netherlands, Sweden, Denmark",,
746,1978.0,Not report,,
747,1989.0,Not report,,
748,2007.0,Not report,,
749,2011.0,United States,United States,High-income
750,2012.0,Not report,,
752,2015.0,United States,United States,High-income
753,2015.0,United States,United States,High-income
754,2016.0,"United States, India, China, Czech Republic",,
757,2018.0,USA,United States,High-income
758,2018.0,Not report,,
759,2019.0,Not reported,,
760,2020.0,Not report,,
761,1996.0,Not reported,,
762,1984.0,United States,United States,High-income
763,1987.0,Not report,,
765,1988.0,Not report,,
766,1979.0,Not report,,
767,2014.0,Not report,,
768,2013.0,South African,South Africa,Upper-middle-income
772,2018.0,"International (Argentina, Australia, Brazil, Chile, Columbia, Greece, Guatemala, Hungary, Israel, Italy, Malaysia, Panama, Romania, Spain, Taiwan, Thailand, Ukraine, United States)",,
773,2018.0,Not report,,
774,2013.0,"Uganda, Zimbabwe",,
775,2012.0,Australia,Australia,High-income
776,2000.0,Not report,,
777,2022.0,Not report,,
778,2008.0,Not reported,,
779,2014.0,India,India,Lower-middle-income
780,2012.0,India,India,Lower-middle-income
781,1978.0,United States,United States,High-income
782,1982.0,Not report,,
783,2021.0,India,India,Lower-middle-income
785,2011.0,India,India,Lower-middle-income
787,2019.0,Niger,Niger,Low-income
795,2007.0,Not report,,
796,2008.0,Not report,,
797,2011.0,Egypt,Egypt,Lower-middle-income
798,2013.0,Iran,Iran,Upper-middle-income
799,2012.0,Iran,Iran,Upper-middle-income
800,2013.0,Not report,,
801,2016.0,Not report,,
802,2018.0,Iran,Iran,Upper-middle-income
803,2009.0,Not report,,
805,2015.0,Not report,,
806,2017.0,Iran,Iran,Upper-middle-income
807,2008.0,"Bangladesh, Ecuador, India, Mexico, Pakistan, Yemen, Zambia",,
808,2010.0,Not report,,
809,1990.0,Not report,,
810,1985.0,Not reported,,
811,2011.0,United States,United States,High-income
812,1993.0,Israel,Israel,High-income
814,2017.0,Not report,,
817,2010.0,Iran,Iran,Upper-middle-income
818,2010.0,Not report,,
819,2013.0,Iran,Iran,Upper-middle-income
820,2014.0,Iran,Iran,Upper-middle-income
821,2014.0,Iran,Iran,Upper-middle-income
822,2020.0,Iran,Iran,Lower-middle-income
823,1994.0,Not reported,,
824,2015.0,Iran,Iran,Upper-middle-income
826,2018.0,Pakistan,Pakistan,Lower-middle-income
827,1998.0,Not report,,
829,1986.0,Not reported,,
830,1992.0,Australia,Australia,High-income
831,1994.0,United States,United States,High-income
832,2001.0,UK,United Kingdom,High-income
833,2019.0,Israel,Israel,High-income
834,2011.0,"Australia, Canada, UK, US",,
835,2012.0,Iran,Iran,Upper-middle-income
836,1999.0,Not report,,
837,2021.0,Germany,Germany,High-income
839,2020.0,Not report,,
840,1995.0,Not report,,
841,2008.0,Turkey,Turkey,Upper-middle-income
842,2013.0,Iran,Iran,Upper-middle-income
843,1993.0,Not report,,
844,2011.0,Egypt,Egypt,Lower-middle-income
847,2008.0,Not report,,
848,2012.0,Israel,Israel,High-income
849,2012.0,Not report,,
850,1998.0,Not reported,,
852,2022.0,Egypt,Egypt,Lower-middle-income
855,1996.0,Turkey,Turkey,Lower-middle-income
856,1997.0,Not report,,
857,2007.0,England,United Kingdom,High-income
858,2014.0,"United States, Finland, France, Germany, Slovakia, Estonia, Russia, Ukraine, South Africa",,
859,2017.0,United States and Chile,,
860,2022.0,India,India,Lower-middle-income
861,2022.0,Egypt,Egypt,Lower-middle-income
862,2007.0,Benin,Benin,Low-income
864,2000.0,Not report,,
865,1995.0,Not report,,
866,2008.0,Spain,Spain,High-income
867,1985.0,Not report,,
868,2009.0,United States,United States,High-income
869,1987.0,Not report,,
870,1992.0,Not report,,
871,1994.0,China,China,Low-income
873,1978.0,United States,United States,High-income
874,2008.0,United States,United States,High-income
875,2020.0,"United States, Canada, Belgium, Czech Republic, France, Italy, Poland, Turkey",,
877,2012.0,Not report,,
878,1990.0,France,France,High-income
879,1994.0,France,France,High-income
880,1997.0,France,France,High-income
881,2002.0,France,France,High-income
882,2007.0,France,France,High-income
883,1998.0,Not report,,
884,2013.0,Romania,Romania,Upper-middle-income
885,2002.0,South Africa,South Africa,Lower-middle-income
888,2020.0,Mexico,Mexico,Upper-middle-income
889,2014.0,Belgium,Belgium,High-income
890,2010.0,Europe and North America,,
891,1991.0,Canada,Canada,High-income
892,1991.0,Canada,Canada,High-income
893,1992.0,Not report,,
894,1994.0,Not report,,
896,1983.0,United States,United States,High-income
897,2002.0,Canada，New Zealand，United States,,
898,2009.0,Not reported,,
899,2010.0,Not report,,
902,2020.0,Egypt,Egypt,Lower-middle-income
903,2022.0,Egypt,Egypt,Lower-middle-income
905,2001.0,India,India,Low-income
906,2008.0,India,India,Lower-middle-income
907,2008.0,India,India,Lower-middle-income
908,2008.0,India,India,Lower-middle-income
909,2013.0,India,India,Lower-middle-income
910,2013.0,India,India,Lower-middle-income
911,2009.0,Finland,Finland,High-income
912,2010.0,Finland,Finland,High-income
913,2016.0,United States,United States,High-income
917,2007.0,Not report,,
918,2012.0,Iran,Iran,Upper-middle-income
919,2020.0,Iran,Iran,Lower-middle-income
920,2014.0,Iran,Iran,Upper-middle-income
922,2011.0,Turkey,Turkey,Upper-middle-income
923,2012.0,Turkey,Turkey,Upper-middle-income
924,2007.0,Turkey,Turkey,Upper-middle-income
925,2007.0,Turkey,Turkey,Upper-middle-income
926,2013.0,Turkey,Turkey,Upper-middle-income
928,2009.0,Not report,,
929,2013.0,Not report,,
930,2009.0,Not report,,
931,2010.0,Nigeria,Nigeria,Lower-middle-income
933,2017.0,US and Europe,,
934,2014.0,Turkey,Turkey,Upper-middle-income
935,2009.0,Sudan,Sudan,Lower-middle-income
936,2013.0,Turkey,Turkey,Upper-middle-income
937,2014.0,Not report,,
938,2015.0,Bangladesh,Bangladesh,Lower-middle-income
939,2016.0,Iran,Iran,Upper-middle-income
940,2014.0,Iran,Iran,Upper-middle-income
941,2002.0,Brazil,Brazil,Lower-middle-income
942,2020.0,Iran,Iran,Lower-middle-income
943,2011.0,Not reported,,
945,2016.0,Turkey,Turkey,Upper-middle-income
946,2010.0,Pakistan,Pakistan,Lower-middle-income
947,2021.0,Iran,Iran,Lower-middle-income
948,2016.0,Iran,Iran,Upper-middle-income
949,2020.0,Malaysia,Malaysia,Upper-middle-income
951,2001.0,Mexico,Mexico,Upper-middle-income
952,2012.0,Not report,,
954,2018.0,Iran,Iran,Upper-middle-income
955,2019.0,Iran,Iran,Upper-middle-income
956,2016.0,Not reported,,
957,2009.0,Not report,,
959,2022.0,Australia and New Zealand,,
960,2017.0,Not report,,
961,2013.0,United States,United States,High-income
964,2021.0,"Argentina,  Australia,  Brazil,  Canada,  Chile,  Colombia,  Hungary,  Italy,  Lithuania,  Mexico,  Poland,  Romania,  Russian Federation,  South Africa,  Spain,  Turkey,  Ukraine,  United States",,
965,2008.0,United States,United States,High-income
966,2015.0,United States,United States,High-income
968,1997.0,Not report,,
970,2015.0,United States,United States,High-income
971,1981.0,UK,United Kingdom,High-income
972,1981.0,UK  ,United Kingdom,High-income
973,1989.0,United States,United States,High-income
974,2015.0,Not report,,
976,2018.0,Kuwait,Kuwait,High-income
977,1996.0,Israel,Israel,High-income
979,1988.0,Not report,,
980,2021.0,Iran,Iran,Lower-middle-income
981,2017.0,Iran,Iran,Upper-middle-income
982,2020.0,Iran,Iran,Lower-middle-income
983,2021.0,Egypt,Egypt,Lower-middle-income
984,2008.0,Not report,,
986,2016.0,Not report,,
987,2010.0,Not report,,
988,2008.0,Not report,,
989,2013.0,Korea,South Korea,High-income
990,2022.0,Korea,South Korea,High-income
992,2010.0,"Argentina, Canada, Chile, Colombia, Finland, Guatemala, Mexico, Sweden, Uruguay, Venezuela",,
993,1999.0,Not report,,
994,2013.0,Switzerland,Switzerland,High-income
995,2008.0,Not report,,
996,1999.0,Not report,,
998,2016.0,Iran,Iran,Upper-middle-income
999,2018.0,Iran,Iran,Upper-middle-income
1000,2022.0,Iran,Iran,Lower-middle-income
1001,2019.0,Iran,Iran,Upper-middle-income
1002,2012.0,Italy,Italy,High-income
1003,1999.0,Not report,,
1004,1994.0,Not report,,
1005,2008.0,United States,United States,High-income
1006,2001.0,Turkey,Turkey,Lower-middle-income
1007,2011.0,Not report,,
1008,2002.0,Not report,,
1009,1996.0,India,India,Low-income
1010,2012.0,Iran,Iran,Upper-middle-income
1011,2022.0,Not report,,
1012,2020.0,Iran,Iran,Lower-middle-income
1013,2019.0,Iran,Iran,Upper-middle-income
1014,2022.0,Iran,Iran,Lower-middle-income
1015,2023.0,China,China,Upper-middle-income
1020,1994.0,Not report,,
1021,2007.0,Not report,,
1022,2007.0,Not report,,
1023,2016.0,Not report,,
1025,1983.0,UK,United Kingdom,High-income
1026,1985.0,Not report,,
1027,1998.0,USA,United States,High-income
1028,1987.0,Not report,,
1029,2018.0,Canada,Canada,High-income
1032,2014.0,Not report,,
1034,1990.0,United States,United States,High-income
1035,1992.0,United States,United States,High-income
1036,1999.0,United States,United States,High-income
1037,2001.0,United States,United States,High-income
1038,2002.0,"UK, Ireland, Poland (European)",,
1039,2010.0,United States and Canada,,
1041,2020.0,"USA, Poland, Spain, Costa Rica, Mexico, Russia",,
1042,2010.0,United States,United States,High-income
1043,2009.0,Saudi Arabia,Saudi Arabia,High-income
1044,2019.0,America,United States,High-income
1045,2020.0,Not report,,
1046,2015.0,Iran,Iran,Upper-middle-income
1047,2015.0,India,India,Lower-middle-income
1048,2022.0,Pakistan,Pakistan,Lower-middle-income
1049,1998.0,Turkey,Turkey,Upper-middle-income
1050,2002.0,Not report,,
1052,2011.0,Netherlands and Italy,,
1054,2015.0,Not report,,
1055,2015.0,Not report,,
1056,1997.0,United States and Puerto Rico,,
1057,2018.0,India,India,Lower-middle-income
1058,2018.0,India,India,Lower-middle-income
1059,1971.0,United States,United States,High-income
1060,2019.0,United States,United States,High-income
1062,2017.0,Not report,,
1065,2020.0,Italy,Italy,High-income
1066,2009.0,Not report,,
1068,2011.0,Australia,Australia,High-income
1069,2022.0,Argentina,Argentina,Upper-middle-income
1070,1983.0,United States and Canada,,
1071,1990.0,United States,United States,High-income
1073,1997.0,Not report,,
1074,2007.0,United States,United States,High-income
1075,2011.0,United States,United States,High-income
1076,1998.0,Not report,,
1077,2020.0,South Africa,South Africa,Upper-middle-income
1078,2018.0,United States,United States,High-income
1079,2019.0,Italy，Albania,,
1080,2002.0,Not report,,
1082,2015.0,South African,South Africa,Upper-middle-income
1083,1978.0,Not report,,
1084,1995.0,Not report,,
1087,2014.0,European countries and the United States,,
1088,2020.0,Chile,Chile,High-income
1089,1995.0,Italy,Italy,High-income
1090,2018.0,Sierra Leone,Sierra Leone,Low-income
1091,2010.0,Not report,,
1092,2015.0,India,India,Lower-middle-income
1093,2021.0,India,India,Lower-middle-income
1095,2007.0,United States,United States,High-income
1096,2008.0,Europe and Australia,,
1098,2008.0,Iran,Iran,Lower-middle-income
1100,2007.0,Netherlands,Netherlands,High-income
1101,2010.0,Netherlands,Netherlands,High-income
1102,2023.0,India,India,Lower-middle-income
1103,1996.0,USA,United States,High-income
1105,2023.0,India,India,Lower-middle-income
1107,2007.0,Bangladesh,Bangladesh,Low-income
1109,2015.0,China,China,Upper-middle-income
1111,2015.0,Bangladesh,Bangladesh,Lower-middle-income
1112,2008.0,Israel,Israel,High-income
1113,2015.0,Egypt,Egypt,Lower-middle-income
1117,1996.0,United States,United States,High-income
1118,1987.0,Not report,,
1119,1992.0,Not report,,
1120,2001.0,Not report,,
1121,2002.0,Not report,,
1122,2014.0,Not report,,
1123,2015.0,Not report,,
1124,2011.0,Iran,Iran,Upper-middle-income
1127,1987.0,Not report,,
1128,1995.0,Not report,,
1130,1993.0,Not report,,
1131,2020.0,India,India,Lower-middle-income
1132,2017.0,Brazil,Brazil,Upper-middle-income
1133,2015.0,Brazil,Brazil,Upper-middle-income
1136,2016.0,Côte d’Ivoire,Cote d'Ivoire,Lower-middle-income
1137,2017.0,Côte d’Ivoire,Cote d'Ivoire,Lower-middle-income
1138,2018.0,Tanzania,Tanzania,Low-income
1140,2016.0,Italy,Italy,High-income
1142,1997.0,Not report,,
1143,2020.0,USA and  South Africa,,
1144,2018.0,Iran,Iran,Upper-middle-income
1145,2021.0,Iran,Iran,Lower-middle-income
1146,1996.0,Niger,Niger,Low-income
1147,1998.0,Niger,Niger,Low-income
1148,2009.0,Mali,Mali,Low-income
1149,2019.0,Egypt,Egypt,Lower-middle-income
1150,2011.0,Pakistan,Pakistan,Lower-middle-income
1152,2014.0,Israel,Israel,High-income
1153,1968.0,Not report,,
1154,1995.0,Not report,,
1155,1977.0,Not report,,
1156,1979.0,United States,United States,High-income
1157,1984.0,Not report,,
1158,1985.0,United States,United States,High-income
1159,1988.0,United States,United States,High-income
1160,2000.0,Not report,,
1161,1997.0,Greece,Greece,High-income
1162,2014.0,Canada,Canada,High-income
1163,2020.0,Canada,Canada,High-income
1164,2016.0,Africa and India,,
1165,2012.0,Not report,,
1167,1981.0,Not report,,
1168,1982.0,Australia,Australia,High-income
1170,1997.0,Not report,,
1171,1997.0,United States,United States,High-income
1172,2001.0,Australia,Australia,High-income
1174,2017.0,Not report,,
1175,2013.0,Italy,Italy,High-income
1176,1993.0,Not report,,
1177,2014.0,México,Mexico,Upper-middle-income
1178,1970.0,Not report,,
1179,2021.0,UK and Ireland,,
1180,1999.0,Not report,,
1181,1999.0,Not report,,
1182,2001.0,United States,United States,High-income
1183,2015.0,Not report,,
1184,1995.0,Not report,,
1185,2022.0,"United States, Spain, Mexico, Mauritius, South Africa, Turkey",,
1186,1989.0,Not report,,
1187,1993.0,Canada,Canada,High-income
1188,1998.0,Not report,,
1189,2012.0,Not report,,
1190,2002.0,Not report,,
1191,1986.0,UK,United Kingdom,High-income
1192,1989.0,UK,United Kingdom,High-income
1193,2008.0,United States,United States,High-income
1194,2009.0,Not report,,
1195,2012.0,Not report,,
1196,2019.0,Not report,,
1197,1985.0,United States,United States,High-income
1198,1994.0,Not report,,
1199,1995.0,Not report,,
1200,1999.0,Not report,,
1201,2012.0,"North, South, and Central America; Asia; and Europe",,
1204,2018.0,Not report,,
1205,1989.0,Not report,,
1206,1992.0,Guatemalan,Guatemala,Lower-middle-income
1207,2007.0,Not report,,
1208,2010.0,Not report,,
1209,1987.0,United States,United States,High-income
1210,1989.0,United States,United States,High-income
1211,1993.0,Not report,,
1212,1995.0,Not report,,
1213,1996.0,United States,United States,High-income
1214,2023.0,Not report,,
1215,2000.0,Australia,Australia,High-income
1216,1983.0,Not report,,
1217,2021.0,Not report,,
1219,2015.0,Iran,Iran,Upper-middle-income
1220,2016.0,Iran,Iran,Upper-middle-income
1221,1995.0,Greece,Greece,Upper-middle-income
1222,2011.0,Italy,Italy,High-income
1223,2002.0,Cameroon,Cameroon,Low-income
1224,2015.0,United States,United States,High-income
1226,2014.0,Iran,Iran,Upper-middle-income
1227,2018.0,Not report,,
1229,1967.0,Not report,,
1230,1998.0,United States,United States,High-income
1231,2009.0,"Africa (Burkina Faso, Kenya, Mozambique, Uganda, Zambia)",,
1232,2011.0,"Africa (Benin, Kenya, Mali, Mozambique and Tanzania/Zanzibar)",,
1235,2015.0,Europe,,
1236,2018.0,Europe,,
1237,2019.0,Spain,Spain,High-income
1240,2017.0,Nepal,Nepal,Low-income
1241,2011.0,Not report,,
1246,2007.0,India,India,Lower-middle-income
1247,2007.0,India,India,Lower-middle-income
1248,2009.0,UK,United Kingdom,High-income
1249,2009.0,India,India,Lower-middle-income
1252,2018.0,India,India,Lower-middle-income
1253,2020.0,India,India,Lower-middle-income
1255,2013.0,Not report,,
1256,2018.0,UK,United Kingdom,High-income
1257,1994.0,Not report,,
1258,2007.0,North America,,
1259,2020.0,United States,United States,High-income
1260,2008.0,Not report,,
1261,2009.0,Not report,,
1262,2010.0,Not report,,
1263,1986.0,United States,United States,High-income
1264,1991.0,Not report,,
1265,2017.0,Not report,,
1266,2017.0,Israel,Israel,High-income
1267,2021.0,"Germany, Slovenia, United States",,
1268,1993.0,Not report,,
1269,1990.0,Not report,,
1270,2012.0,USA,United States,High-income
1271,2016.0,French,,
1272,2002.0,Not report,,
1273,2014.0,United States,United States,High-income
1275,2019.0,"Colombia, Germany, Greece, Israel, Italy, Mexico, Poland, Spain",,
1276,2021.0,Not report,,
1277,1999.0,Canada,Canada,High-income
1278,1997.0,Not report,,
1279,2010.0,Not report,,
1280,1962.0,UK,United Kingdom,High-income
1281,2014.0,Not report,,
1283,2008.0,Not report,,
1284,2014.0,Not report,,
1285,2010.0,Not report,,
1286,1994.0,Not report,,
1287,1996.0,United States,United States,High-income
1288,1997.0,Not report,,
1289,2007.0,Not report,,
1290,2007.0,UK and Europe,,
1291,2007.0,UK,United Kingdom,High-income
1292,2008.0,"United Kingdom, Belgium; Amsterdam; and Barcelona",,
1293,2020.0,UK,United Kingdom,High-income
1294,1994.0,UK,United Kingdom,High-income
1296,2022.0,Uganda,Uganda,Low-income
1297,2007.0,Uganda,Uganda,Low-income
1298,1991.0,Not report,,
1299,1980.0,Not report,,
1300,1989.0,Netherlands,Netherlands,High-income
1302,1993.0,Norway,Norway,High-income
1304,2001.0,Not report,,
1305,2007.0,Not report,,
1306,2007.0,Not report,,
1308,1989.0,Not report,,
1309,1999.0,United States,United States,High-income
1311,1983.0,Not report,,
1312,1990.0,Not report,,
1315,2002.0,Not report,,
1316,2008.0,Not report,,
1317,2007.0,Not report,,
1318,2014.0,United States,United States,High-income
1319,2012.0,Not report,,
1320,2017.0,Turkey,Turkey,Upper-middle-income
1321,2014.0,Bahrain,Bahrain,High-income
1322,1987.0,Not report,,
1323,2012.0,Not report,,
1324,2009.0,Not report,,
1326,2008.0,United States,United States,High-income
1327,1997.0,"Germany, Belgium, Switzerland, UK, Ireland",,
1328,1994.0,Not report,,
1329,1999.0,Not report,,
1330,2007.0,United States,United States,High-income
1331,2014.0,United States,United States,High-income
1332,2013.0,India,India,Lower-middle-income
1335,2019.0,Netherlands,Netherlands,High-income
1336,2014.0,Turkey,Turkey,Upper-middle-income
1337,1990.0,Canada,Canada,High-income
1338,1984.0,Not report,,
1339,2018.0,Not report,,
1342,2008.0,Malawi,Malawi,Low-income
1344,2016.0,Not report,,
1345,1997.0,France,France,High-income
1347,2018.0,France and the Netherlands,,
1348,2001.0,Switzerland,Switzerland,High-income
1349,2015.0,"Rwanda, Ghana, Burkina Faso",,
1350,1998.0,United States,United States,High-income
1351,2001.0,United States,United States,High-income
1355,1994.0,Italy,Italy,High-income
1357,2014.0,United States,United States,High-income
1359,2021.0,Nigeria,Nigeria,Lower-middle-income
1360,2009.0,Not report,,
1361,2011.0,Not report,,
1362,1989.0,Not report,,
1364,2021.0,"United States, Canada, Europe",,
1365,1995.0,Belgique,Belgium,High-income
1366,2002.0,Not report,,
1367,2011.0,United States,United States,High-income
1369,1986.0,UK,United Kingdom,High-income
1370,2008.0,Not report,,
1371,1983.0,United States,United States,High-income
1373,1991.0,United States,United States,High-income
1374,1991.0,Not report,,
1375,1990.0,United States,United States,High-income
1380,1997.0,Not report,,
1381,1999.0,Not report,,
1382,1998.0,United States,United States,High-income
1383,2008.0,United States,United States,High-income
1384,2010.0,United States,United States,High-income
1385,2014.0,United States,United States,High-income
1386,2014.0,United States,United States,High-income
1387,2015.0,United States,United States,High-income
1388,2016.0,United States,United States,High-income
1389,2017.0,"Europe, North America, Latin America, Australia, Asia, Africa",,
1390,2018.0,United States,United States,High-income
1391,2009.0,"United States, 75 centers; Brazil, 12 centers; Israel, 12 centers; Russian Federation, 9 centers; Poland, 7 centers; Mexico, 6 centers; Costa Rica, 5 centers; Puerto Rico,4 centers; Chile, 3 centers; Estonia, 3 centers; and Latvia, 3 centers",,
1392,2016.0,USA,United States,High-income
1394,2000.0,Sweden,Sweden,High-income
1396,2016.0,Kenya,Kenya,Lower-middle-income
1397,2007.0,Italy,Italy,High-income
1398,1987.0,United States,United States,High-income
1399,1999.0,USA,United States,High-income
1404,2001.0,Not report,,
1406,1994.0,United States,United States,High-income
1407,2000.0,Not report,,
1408,1990.0,United States,United States,High-income
1409,2000.0,Not report,,
1411,2022.0,"USA, Australia, New Zealand",,
1412,1986.0,Not report,,
1413,2019.0,France,France,High-income
1414,2014.0,UK,United Kingdom,High-income
1415,1991.0,Not report,,
1416,1996.0,Not report,,
1417,2000.0,Not report,,
1418,2010.0,United States,United States,High-income
1419,2001.0,Chile,Chile,Upper-middle-income
1421,1995.0,Not report,,
1422,2011.0,United States,United States,High-income
1423,2020.0,Netherlands,Netherlands,High-income
1424,2011.0,Not report,,
1425,1996.0,Vietnam,Vietnam,Low-income
1426,2000.0,Not report,,
1427,2015.0,Switzerland,Switzerland,High-income
1428,2012.0,Papua New Guinea,Papua New Guinea,Lower-middle-income
1429,2019.0,European countries and the United States,,
1430,1994.0,Not report,,
1431,1997.0,Not report,,
1433,2012.0,Not report,,
1434,2010.0,Japan,Japan,High-income
1435,2018.0,France and Italy,,
1436,2014.0,United States,United States,High-income
1437,1986.0,India,India,Low-income
1438,1983.0,United States,United States,High-income
1439,2008.0,Not report,,
1440,2013.0,India,India,Lower-middle-income
1441,2010.0,Not report,,
1442,2014.0,India,India,Lower-middle-income
1443,2014.0,India,India,Lower-middle-income
1444,2014.0,Not report,,
1445,2002.0,India,India,Low-income
1446,2009.0,India,India,Lower-middle-income
1448,2008.0,India,India,Lower-middle-income
1450,2013.0,India,India,Lower-middle-income
1451,1986.0,South African,South Africa,Lower-middle-income
1452,2000.0,United States,United States,High-income
1453,2016.0,Not report,,
1454,2000.0,Pakistan,Pakistan,Low-income
1455,2009.0,Pakistan,Pakistan,Lower-middle-income
1456,2019.0,China,China,Upper-middle-income
1458,2017.0,China,China,Upper-middle-income
1459,1992.0,Not report,,
1460,1993.0,Brazil,Brazil,Upper-middle-income
1461,2011.0,Not report,,
1462,2010.0,Iran,Iran,Upper-middle-income
1463,2007.0,"Germany, Italy and Spain",,
1464,2007.0,United States,United States,High-income
1465,2007.0,Not report,,
1466,2008.0,United States,United States,High-income
1467,2008.0,United States,United States,High-income
1468,1989.0,United States,United States,High-income
1469,2002.0,United States,United States,High-income
1470,2007.0,Not report,,
1471,2013.0,Germany,Germany,High-income
1473,1996.0,Not report,,
1474,1988.0,Not report,,
1476,2010.0,Not report,,
1477,2014.0,Uganda,Uganda,Low-income
1481,2014.0,Turkey,Turkey,Upper-middle-income
1482,2021.0,Not report,,
1484,2015.0,Not report,,
1488,2018.0,France,France,High-income
1489,2019.0,"Belgium, France, Germany, Spain, and Switzerland",,
1490,2011.0,France,France,High-income
1491,2019.0,Malawi,Malawi,Low-income
1493,2010.0,United States,United States,High-income
1494,2017.0,Not report,,
1495,1995.0,Not report,,
1496,1998.0,United States,United States,High-income
1497,1997.0,Not report,,
1498,1993.0,Danmark,Denmark,High-income
1499,1999.0,"Belgium, Canada, Denmark, Ireland, New Zealand, Poland,NI, Spain and United Kingdom",,
1500,2000.0,Not report,,
1502,1984.0,Denmark,Denmark,High-income
1503,1988.0,Not report,,
1504,1990.0,Not report,,
1505,1991.0,Not report,,
1506,1999.0,Not report,,
1507,1999.0,Not report,,
1508,2010.0,UK,United Kingdom,High-income
1509,2013.0,"North and South America, Europe, Africa, Australia",,
1510,1992.0,Not report,,
1511,1989.0,Not report,,
1512,2013.0,Not report,,
1515,2012.0,Canada,Canada,High-income
1516,2023.0,Turkey,Turkey,Upper-middle-income
1517,2000.0,Not report,,
1518,2008.0,Not report,,
1521,2013.0,Not report,,
1522,2018.0,United States,United States,High-income
1523,1994.0,United States,United States,High-income
1526,2020.0,Not report,,
1528,2019.0,England and Wales,,
1530,1999.0,Not report,,
1531,2012.0,USA,United States,High-income
1533,1991.0,Not report,,
1535,1993.0,Not report,,
1536,2009.0,Not report,,
1537,1993.0,Canada,Canada,High-income
1538,1994.0,Canada,Canada,High-income
1539,1976.0,United States,United States,High-income
1542,2013.0,Netherlands,Netherlands,High-income
1544,1999.0,UK,United Kingdom,High-income
1545,1991.0,Not report,,
1546,1991.0,Not report,,
1547,1978.0,Not report,,
1548,1989.0,Not report,,
1549,2013.0,Not report,,
1550,2016.0,United States,United States,High-income
1552,2000.0,United States,United States,High-income
1553,2009.0,United States,United States,High-income
1554,1992.0,United States,United States,High-income
1555,2000.0,United States,United States,High-income
1559,2007.0,"North America, Europe, Asia",,
1560,1996.0,Not report,,
1561,2011.0,United States,United States,High-income
1562,2013.0,Not report,,
1563,2007.0,United States,United States,High-income
1564,1980.0,Not report,,
1565,1984.0,United States,United States,High-income
1566,1996.0,Not report,,
1567,2009.0,United States,United States,High-income
1568,2016.0,"United States, Georgia, Ukraine",,
1570,1980.0,Not report,,
1571,2007.0,Not report,,
1572,2000.0,Not report,,
1573,2017.0,Germany,Germany,High-income
1574,1984.0,Hungary,Hungary,Upper-middle-income
1575,2019.0,Not report,,
1577,2017.0,French,,
1578,2010.0,United States,United States,High-income
1579,2007.0,Not report,,
1580,1998.0,Not report,,
1581,2000.0,"Sweden, Finland, Norway, Denmark and Belgium",,
1582,2014.0,Sweden,Sweden,High-income
1583,1976.0,Not report,,
1585,1998.0,Gambia,Gambia,Low-income
1586,2010.0,Gambia,Gambia,Low-income
1587,2011.0,Gambia,Gambia,Low-income
1588,2015.0,Japan,Japan,High-income
1592,2020.0,"Uganda, Zimbabwe",,
1593,2008.0,Australia,Australia,High-income
1594,2007.0,Not report,,
1595,1988.0,Not report,,
1596,1987.0,Not report,,
1597,1988.0,Not report,,
1598,1986.0,Not report,,
1599,1987.0,Not report,,
1600,1987.0,Italy,Italy,High-income
1601,1987.0,Not report,,
1602,1990.0,Not report,,
1603,1991.0,Not report,,
1604,1992.0,Not report,,
1605,1995.0,Italy,Italy,High-income
1606,1995.0,Europe,,
1607,2010.0,Not report,,
1608,2014.0,Not report,,
1609,2019.0,Singapore,Singapore,High-income
1610,2009.0,Netherlands,Netherlands,High-income
1611,2015.0,"Germany, Austria, United States, United Kingdom",,
1612,2018.0,Not report,,
1613,1995.0,United States,United States,High-income
1614,2007.0,Guinea,Guinea,Low-income
1615,2017.0,Not report,,
1616,2011.0,Netherlands,Netherlands,High-income
1617,2007.0,Not report,,
1618,2008.0,Not report,,
1619,1979.0,Not report,,
1621,2008.0,Netherlands,Netherlands,High-income
1624,1995.0,Not report,,
1627,2010.0,United States,United States,High-income
1628,2012.0,Not report,,
1629,1990.0,Not report,,
1630,2016.0,US and Brazil,,
1632,1989.0,Not report,,
1633,1993.0,Not report,,
1634,1993.0,Switzerland,Switzerland,High-income
1635,1997.0,Not report,,
1636,2017.0,Spain,Spain,High-income
1638,2013.0,Denmark,Denmark,High-income
1639,1998.0,Not report,,
1640,2011.0,Australia,Australia,High-income
1641,2019.0,Not report,,
1643,2013.0,Portugal,Portugal,High-income
1644,2001.0,Gabon,Gabon,Upper-middle-income
1647,1995.0,Italy,Italy,High-income
1648,2002.0,Not report,,
1649,2014.0,Not report,,
1650,1997.0,Not report,,
1651,1990.0,United States,United States,High-income
1652,1987.0,Not report,,
1653,1998.0,Not report,,
1655,2002.0,Not report,,
1656,2021.0,"Bulgaria, Georgia, Hungary, Romania",,
1658,2000.0,United States,United States,High-income
1659,1999.0,United States,United States,High-income
1661,2022.0,United Kingdom,United Kingdom,High-income
1662,1993.0,Not report,,
1663,2008.0,Not report,,
1664,2007.0,Senegal,Senegal,Low-income
1665,1995.0,France,France,High-income
1667,2017.0,Not report,,
1668,1997.0,New Zealand,New Zealand,High-income
1669,2017.0,Not report,,
1670,2021.0,UK,United Kingdom,High-income
1671,1995.0,France,France,High-income
1672,1999.0,Not report,,
1673,2001.0,Not report,,
1674,2021.0,"Germany, Poland, Russia, Spain",,
1675,2014.0,Australia,Australia,High-income
1676,2011.0,Not report,,
1677,1984.0,Papua New Guinea,Papua New Guinea,Lower-middle-income
1678,2001.0,Not report,,
1679,1995.0,Not report,,
1680,2000.0,Gambia,Gambia,Low-income
1681,2022.0,Uganda,Uganda,Low-income
1682,2001.0,Australia,Australia,High-income
1683,1973.0,Not report,,
1685,2020.0,United States,United States,High-income
1686,2019.0,Turkey,Turkey,Upper-middle-income
1687,2002.0,Not report,,
1689,2015.0,"Europe (Netherlands, Greece, Norway, Italy, Spain, France)",,
1691,2012.0,Switzerland and Germany,,
1693,2007.0,United Kingdom,United Kingdom,High-income
1694,2007.0,"Argentina, Brazil, Chile, Costa Rica, Mexico, Panama, United States",,
1695,2017.0,United States and India,,
1696,2019.0,Not report,,
1697,2020.0,Not report,,
1698,2021.0,"United States, Europe (Bulgaria, Georgia, Latvia, Lithuania, Poland, Spain, Ukraine), South Africa",,
1699,1996.0,Not report,,
1703,2008.0,Not report,,
1704,2012.0,United States,United States,High-income
1705,2018.0,United States,United States,High-income
1706,1981.0,Not report,,
1707,2017.0,Brazil and United Kingdom,,
1708,2011.0,"Brazil, Germany, Hungary, India, the Netherlands, Poland, South Africa, Spain and Switzerland",,
1710,2001.0,Netherlands,Netherlands,High-income
1712,1993.0,Not report,,
1713,2000.0,USA,United States,High-income
1714,1997.0,Not report,,
1715,2009.0,Not report,,
1718,2016.0,France,France,High-income
1720,2015.0,Spain,Spain,High-income
1721,2021.0,Spain,Spain,High-income
1724,2012.0,Slovenia,Slovenia,High-income
1725,1985.0,United States,United States,High-income
1726,1986.0,Not report,,
1727,1962.0,United States,United States,High-income
1728,2001.0,Not report,,
1729,2001.0,Not report,,
1730,2010.0,"France, Portugal, Romania, Guinea Conakry, Morocco, Tunisia, India",,
1731,2014.0,"France, Germany, Italy, Poland, Portugal, Romania, Algeria and Tunisia",,
1732,2015.0,"Algeria, France, Germany, Italy, Poland, Portugal, Romania, Tunisia",,
1733,2019.0,France,France,High-income
1735,1990.0,Denmark,Denmark,High-income
1736,2007.0,Not report,,
1737,2011.0,Not report,,
1738,2013.0,Not report,,
1740,2009.0,Not report,,
1741,2007.0,Not report,,
1743,1986.0,Russia,Russia,Upper-middle-income
1744,1968.0,Not report,,
1746,1997.0,Not report,,
1747,1979.0,Not report,,
1748,1969.0,Not report,,
1749,2000.0,Not report,,
1750,1999.0,Not report,,
1752,1995.0,Not report,,
1753,1998.0,Not report,,
1755,2020.0,Brazil,Brazil,Upper-middle-income
1756,1989.0,Not report,,
1758,1986.0,Sweden,Sweden,High-income
1759,2011.0,Not report,,
1760,1996.0,"North Europe (Belgium, Netherlands, Denmark, Sweden, Finland)",,
1761,2018.0,Not report,,
1763,1981.0,Germany and Switzerland,,
1764,1988.0,Not report,,
1765,1990.0,Not report,,
1766,2012.0,Not report,,
1767,2014.0,Denmark,Denmark,High-income
1769,2022.0,Burkina Faso,Burkina Faso,Low-income
1770,2021.0,Sweden,Sweden,High-income
1771,1990.0,United States,United States,High-income
1772,2000.0,Not report,,
1773,2012.0,United States,United States,High-income
1774,1999.0,Not report,,
1775,1989.0,United States,United States,High-income
1776,1997.0,Not report,,
1777,2001.0,Not report,,
1778,2001.0,United States,United States,High-income
1779,2002.0,Vanuatu,Vanuatu,Lower-middle-income
1780,2001.0,Not report,,
1781,2002.0,Not report,,
1783,1985.0,France,France,High-income
1784,2001.0,Not report,,
1786,1988.0,Not report,,
1787,1991.0,Not report,,
1788,1995.0,UK,United Kingdom,High-income
1789,1998.0,Not report,,
1790,1998.0,Not report,,
1793,2016.0,Canada,Canada,High-income
1794,2020.0,UK,United Kingdom,High-income
1797,1985.0,Not report,,
1798,1987.0,Not report,,
1799,1991.0,Not report,,
1801,2009.0,Not report,,
1805,2023.0,United States,United States,High-income
1806,1997.0,Australia,Australia,High-income
1807,2002.0,Australia,Australia,High-income
1808,1992.0,Not report,,
1809,1996.0,Not report,,
1810,1995.0,Not report,,
1811,2015.0,Gabon,Gabon,Upper-middle-income
1813,2009.0,Japan,Japan,High-income
1814,2010.0,Netherlands,Netherlands,High-income
1815,2012.0,Brazil,Brazil,Upper-middle-income
1821,2015.0,"Australia, Canada, Europe, Latin America, Russia, USA",,
1822,2017.0,"Europe, Latin America, Canada and USA",,
1823,2020.0,"North, Central and South Americas; Europe; Japan",,
1825,2015.0,United States and Brazil,,
1826,2020.0,United States,United States,High-income
1829,2015.0,United States,United States,High-income
1830,1999.0,United States,United States,High-income
1831,2000.0,Not report,,
1832,2007.0,United States,United States,High-income
1833,2002.0,United States,United States,High-income
1837,2001.0,Not report,,
1838,2020.0,Not report,,
1839,2013.0,Not report,,
1840,2012.0,Cuba,Cuba,Upper-middle-income
1841,2009.0,Germany,Germany,High-income
1842,1992.0,Netherlands,Netherlands,High-income
1843,1995.0,Not report,,
1845,1996.0,Netherlands,Netherlands,High-income
1847,1998.0,Not report,,
1848,2013.0,Not report,,
1849,1999.0,Denmark,Denmark,High-income
1850,1996.0,Turkey,Turkey,Lower-middle-income
1851,2001.0,Not report,,
1854,2014.0,Not report,,
1857,1986.0,Germany,Germany,High-income
1859,2008.0,United States,United States,High-income
1860,2014.0,UK,United Kingdom,High-income
1861,1980.0,United States,United States,High-income
1864,2015.0,"Canada, France, Germany, Italy, Mexico, Poland, Spain, Sweden, Switzerland",,
1867,1991.0,UK,United Kingdom,High-income
1868,1995.0,Not report,,
1869,2018.0,Not report,,
1871,1988.0,Not report,,
1872,2013.0,United States,United States,High-income
1873,2021.0,USA,United States,High-income
1874,2009.0,Not report,,
1875,2010.0,Australia,Australia,High-income
1876,2014.0,United States and Canada,,
1879,2013.0,Not report,,
1880,2014.0,"United States, United Kingdom, Italy, Australia, Germany, Canada, France, Sweden, Spain, Belgium, and Israel",,
1883,1990.0,Italy,Italy,High-income
1884,2002.0,Not report,,
1885,2009.0,Brazil,Brazil,Upper-middle-income
1886,2021.0,Europe,,
1887,2011.0,Not report,,
1890,1990.0,United States,United States,High-income
1891,2015.0,"USA, UK, Canada, Spain, France and the Netherlands",,
1892,2015.0,Israel,Israel,High-income
1894,1996.0,Not report,,
1895,2002.0,UK,United Kingdom,High-income
1896,1998.0,United States,United States,High-income
1897,1987.0,Australia,Australia,High-income
1899,2012.0,Germany and Hungary,,
1902,2015.0,"Belgium, Germany, Netherlands, Switzerland, France, Sweden, Austria, Italy, Spain, USA",,
1905,2010.0,Not report,,
1906,2017.0,Uganda,Uganda,Low-income
1907,2012.0,Korea,South Korea,High-income
1908,2015.0,Australia,Australia,High-income
1910,2000.0,Italy,Italy,High-income
1913,1987.0,Spain,Spain,High-income
1914,1994.0,Sweden,Sweden,High-income
1915,1992.0,Not report,,
1917,1996.0,Peru,Peru,Lower-middle-income
1918,2000.0,UK,United Kingdom,High-income
1919,2014.0,United States,United States,High-income
1920,2013.0,China,China,Upper-middle-income
1922,1999.0,United States,United States,High-income
1925,2020.0,Not report,,
1927,2012.0,Greece,Greece,High-income
1928,2009.0,Not report,,
1929,1994.0,Not report,,
1930,2011.0,United States,United States,High-income
1931,2013.0,Turkey,Turkey,Upper-middle-income
1932,1982.0,Not report,,
1934,1992.0,Not report,,
1935,2018.0,Not report,,
1937,2018.0,Brazil,Brazil,Upper-middle-income
1938,1997.0,Brazil,Brazil,Upper-middle-income
1939,2007.0,Not report,,
1941,1980.0,Canada,Canada,High-income
1942,1979.0,Canada,Canada,High-income
1943,1978.0,Not report,,
1944,1984.0,United States,United States,High-income
1945,1987.0,United States,United States,High-income
1947,1996.0,Canada,Canada,High-income
1948,1998.0,UK,United Kingdom,High-income
1950,1978.0,United States,United States,High-income
1951,1982.0,United States,United States,High-income
1952,1988.0,United States,United States,High-income
1953,1993.0,United States,United States,High-income
1955,2009.0,Tanzania,Tanzania,Low-income
1957,2017.0,Canada,Canada,High-income
1959,2013.0,Brazil,Brazil,Upper-middle-income
1962,1998.0,Turkey,Turkey,Upper-middle-income
1964,2015.0,Not report,,
1966,2008.0,Not report,,
1967,2014.0,Italy,Italy,High-income
1968,1984.0,Not report,,
1969,2016.0,"Poland, Spain, United States, Bulgaria, Georgia, Greece, Hungary, Ukraine",,
1970,2009.0,United States,United States,High-income
1972,1997.0,Canada,Canada,High-income
1973,1980.0,Not report,,
1974,2016.0,Turkey,Turkey,Upper-middle-income
1975,1983.0,United States,United States,High-income
1976,2011.0,United States,United States,High-income
1977,2018.0,China,China,Upper-middle-income
1980,2011.0,Not report,,
1981,2016.0,China,China,Upper-middle-income
1982,2017.0,China,China,Upper-middle-income
1983,2018.0,China,China,Upper-middle-income
1985,2008.0,Not report,,
1986,2019.0,Not report,,
1987,2002.0,Not report,,
1989,2015.0,Not report,,
1990,1994.0,Not report,,
1991,2001.0,Australia,Australia,High-income
1992,2008.0,Not report,,
1993,2010.0,"North America, European Union, Rest of world (including Argentina, Australia, Brazil, Bulgaria, Chile, Iceland, Israel, New Zealand, Russia, and Turkey.)",,
1994,2020.0,Canada,Canada,High-income
1995,2002.0,Not report,,
1996,2012.0,Not report,,
1998,1990.0,Not report,,
1999,1998.0,Not report,,
2002,2013.0,"Spain, Portugal, United Kingdom, Australia and Mexico",,
2003,1988.0,Not report,,
2006,2006.0,United States,United States,High-income
2007,2002.0,United States,United States,High-income
2008,1983.0,Not report,,
2009,1988.0,Italy,Italy,High-income
2010,2016.0,Not report,,
2012,1988.0,Norway,Norway,High-income
2013,1992.0,United States,United States,High-income
2014,1993.0,United States,United States,High-income
2015,1992.0,Not report,,
2016,2007.0,Not report,,
2021,2009.0,Australia,Australia,High-income
2025,2010.0,Not report,,
2027,1985.0,United States,United States,High-income
2028,1997.0,Not report,,
2029,2018.0,United States and Europe,,
2030,1998.0,Not report,,
2031,1999.0,UK,United Kingdom,High-income
2033,2001.0,Italy,Italy,High-income
2034,2016.0,Not report,,
2036,1992.0,Not report,,
2037,1999.0,Not report,,
2038,2021.0,Spain,Spain,High-income
2039,1992.0,Not report,,
2040,1994.0,Not report,,
2041,1995.0,Not report,,
2042,2010.0,Not report,,
2043,1972.0,UK,United Kingdom,High-income
2044,2013.0,United States,United States,High-income
2045,1991.0,Not report,,
2046,1993.0,United States,United States,High-income
2047,2009.0,Not report,,
2048,1985.0,Not report,,
2051,2021.0,Not report,,
2052,2015.0,"Algeria,Brazil,China,France ,India ,Indonesia,Italy,Republic of Korea ,Mexico,Morocco,Philippines,Thailand ,Tunisia ,Turkey",,
2053,2012.0,Italy,Italy,High-income
2054,1994.0,Not report,,
2055,1990.0,Not report,,
2056,2012.0,USA,United States,High-income
2057,1979.0,Not report,,
2058,1991.0,Not report,,
2060,2014.0,Italy and France,,
2063,2013.0,Not report,,
2064,1997.0,Not report,,
2065,2010.0,Not report,,
2066,2021.0,United States,United States,High-income
2069,2013.0,Philippines,Philippines,Lower-middle-income
2070,1994.0,Not report,,
2071,2014.0,Chile,Chile,High-income
2072,2023.0,Burkina Faso,Burkina Faso,Low-income
2073,2020.0,Burkina Faso,Burkina Faso,Low-income
2074,2021.0,Madagascar,Madagascar,Low-income
2075,2018.0,Switzerland,Switzerland,High-income
2077,2008.0,United States,United States,High-income
2078,2013.0,Netherlands,Netherlands,High-income
2079,2012.0,United States,United States,High-income
2080,1996.0,Not report,,
2081,1998.0,Not report,,
2082,2020.0,United States,United States,High-income
2083,2009.0,Not report,,
2084,2013.0,Italy,Italy,High-income
2086,2007.0,Turkey,Turkey,Upper-middle-income
2087,2008.0,Not report,,
2088,2012.0,Not report,,
2089,2001.0,France,France,High-income
2090,2008.0,France、Switzerland,,
2091,1998.0,Not report,,
2092,2018.0,China,China,Upper-middle-income
2093,2012.0,Not report,,
2094,2013.0,Canada,Canada,High-income
2095,1983.0,Not report,,
2096,2014.0,Malawi,Malawi,Low-income
2097,2009.0,Not report,,
2098,2022.0,Thailand,Thailand,Upper-middle-income
2099,2015.0,Not report,,
2100,1985.0,Not report,,
2102,2015.0,Not report,,
2103,1997.0,United States,United States,High-income
2105,2019.0,Not report,,
2106,1980.0,Not report,,
2108,1988.0,Not report,,
2109,1993.0,Not report,,
2110,1976.0,Not report,,
2111,1994.0,United States and Canada,,
2112,2013.0,Not report,,
2113,2015.0,Not report,,
2114,2021.0,Not report,,
2115,2012.0,India,India,Lower-middle-income
2116,2013.0,Not report,,
2117,2015.0,"Africa (Burkina Faso, Ghana, Ivory Coast, Kenya, Mali)",,
2118,2019.0,Burkina Faso and Mali,,
2119,1998.0,Not report,,
2120,2014.0,Not report,,
2121,2016.0,Not report,,
2122,2019.0,Not report,,
2123,2020.0,Not report,,
2124,1994.0,Canada,Canada,High-income
2125,1997.0,USA,United States,High-income
2126,1998.0,Not report,,
2128,2012.0,Not report,,
2129,2016.0,China,China,Upper-middle-income
2130,2017.0,Korea,South Korea,High-income
2131,2018.0,United States,United States,High-income
2132,1991.0,Not report,,
2133,2014.0,Not report,,
2134,2011.0,Not report,,
2135,1982.0,Not report,,
2137,2008.0,Not report,,
2138,2008.0,United States,United States,High-income
2139,1984.0,United States,United States,High-income
2140,1990.0,Not report,,
2141,2008.0,United States and Canada,,
2142,2009.0,United States,United States,High-income
2143,2012.0,France,France,High-income
2144,2017.0,Europe and Egypt.,,
2145,2015.0,Not report,,
2146,2013.0,Not report,,
2148,1985.0,Not report,,
2149,2012.0,Not report,,
2150,2019.0,India,India,Lower-middle-income
2151,2012.0,Not report,,
2152,2014.0,Not report,,
2153,2000.0,Not report,,
2154,2020.0,Not report,,
2155,1994.0,France,France,High-income
2156,2000.0,Not report,,
2157,2012.0,Denmark,Denmark,High-income
2158,2016.0,Not report,,
2159,2018.0,Not report,,
2160,2014.0,Not report,,
2161,1989.0,Not report,,
2167,2015.0,Not report,,
2169,2020.0,China,China,Upper-middle-income
2170,2020.0,China,China,Upper-middle-income
2171,2021.0,Not report,,
2177,1995.0,Not report,,
2178,1996.0,Not report,,
2182,2010.0,Not report,,
2183,2011.0,China,China,Upper-middle-income
2184,2012.0,Not report,,
2185,2013.0,China,China,Upper-middle-income
2186,2013.0,China,China,Upper-middle-income
2187,2013.0,China,China,Upper-middle-income
2188,2013.0,China,China,Upper-middle-income
2189,2014.0,Not report,,
2190,2016.0,China,China,Upper-middle-income
2191,2016.0,China,China,Upper-middle-income
2192,2017.0,China,China,Upper-middle-income
2193,2018.0,China,China,Upper-middle-income
2194,2019.0,Not report,,
2196,2021.0,China,China,Upper-middle-income
2198,2014.0,China,China,Upper-middle-income
2199,2002.0,Not report,,
2200,2010.0,China,China,Upper-middle-income
2201,2015.0,Not report,,
2202,2017.0,Not report,,
2203,2020.0,China,China,Upper-middle-income
2206,2010.0,Not report,,
2207,2008.0,Tunisia,Tunisia,Lower-middle-income
2208,1993.0,Not report,,
2210,2016.0,Not report,,
2211,2016.0,Italy,Italy,High-income
2212,1987.0,Not report,,
2213,1995.0,UK and Ireland,,
2214,2008.0,Canada,Canada,High-income
2216,2000.0,Not report,,
2217,2002.0,Not report,,
2218,2009.0,Not report,,
2219,1999.0,Not report,,
2220,2013.0,Vietnam,Vietnam,Lower-middle-income
2221,2015.0,Not report,,
2222,2012.0,Not report,,
2223,2014.0,Not report,,
2224,2015.0,Asia,,
2226,1990.0,Not report,,
2227,2000.0,Not report,,
2228,2011.0,Italy,Italy,High-income
2229,1994.0,Not report,,
2231,1984.0,Not report,,
2233,2009.0,United States,United States,High-income
2234,2014.0,Not report,,
2235,2015.0,United States,United States,High-income
2236,2016.0,United States,United States,High-income
2238,2017.0,United States,United States,High-income
2240,2019.0,United States,United States,High-income
2241,2020.0,United States,United States,High-income
2243,1992.0,Not report,,
2244,1994.0,Not report,,
2245,2022.0,India,India,Lower-middle-income
2246,1993.0,United States,United States,High-income
2247,1997.0,France,France,High-income
2248,2000.0,France,France,High-income
2249,1995.0,Not report,,
2250,2017.0,Not report,,
2251,2018.0,Not report,,
2252,2020.0,Not report,,
2253,1999.0,China,China,Lower-middle-income
2254,2011.0,Poland,Poland,High-income
2255,2008.0,Not report,,
2256,2009.0,Not report,,
2257,2010.0,Not report,,
2259,2016.0,Not report,,
2260,1999.0,Korea,South Korea,Upper-middle-income
2261,2007.0,Not report,,
2262,2009.0,Not report,,
2263,2011.0,Not report,,
2264,2016.0,Korea,South Korea,High-income
2265,2018.0,Korea,South Korea,High-income
2266,2018.0,Not report,,
2267,2018.0,Not report,,
2268,2011.0,Not report,,
2272,2013.0,Not report,,
2273,2016.0,India,India,Lower-middle-income
2274,2016.0,India,India,Lower-middle-income
2276,2010.0,"UK, Ireland, France and Israel",,
2278,2015.0,China,China,Upper-middle-income
2279,2009.0,India,India,Lower-middle-income
2280,2008.0,Not report,,
2282,1995.0,Saudi Arabia,Saudi Arabia,Upper-middle-income
2283,2001.0,Not report,,
2284,1999.0,Not report,,
2285,1990.0,Not report,,
2286,2013.0,China,China,Upper-middle-income
2287,2017.0,Not report,,
2288,1999.0,Germany,Germany,High-income
2289,1999.0,Sweden,Sweden,High-income
2290,2002.0,"Europe (Sweden, Norway, Denmark, Finland, Austria, Germany)",,
2291,2000.0,Not report,,
2292,2003.0,Not report,,
2293,1992.0,Not report,,
2295,2022.0,Not report,,
2296,2002.0,Not report,,
2297,2022.0,USA,United States,High-income
2298,2022.0,United States,United States,High-income
2299,2006.0,"UK, Ireland, Norway, Australia",,
2300,1999.0,Not report,,
2302,1993.0,Australia,Australia,High-income
2303,2002.0,China,China,Lower-middle-income
2304,2007.0,Thailand,Thailand,Lower-middle-income
2305,1987.0,Not report,,
2306,2021.0,Nigeria,Nigeria,Lower-middle-income
2307,2008.0,Not report,,
2308,2010.0,Canada,Canada,High-income
2310,2013.0,Not report,,
2311,2018.0,South Korea,South Korea,High-income
2312,2013.0,"Europe, Latin，America, South Africa, and the United States.",,
2313,1995.0,Mozambique,Mozambique,Low-income
2314,2012.0,Not report,,
2315,2017.0,American,,
2316,1996.0,Not report,,
2317,2002.0,Turkey,Turkey,Lower-middle-income
2321,2012.0,Turkey,Turkey,Upper-middle-income
2322,2009.0,Not report,,
2323,2015.0,Not report,,
2324,2017.0,Turkey,Turkey,Upper-middle-income
2325,1996.0,Not report,,
2327,1997.0,Not report,,
2328,1999.0,Not report,,
2329,2001.0,Not report,,
2330,2007.0,Italy,Italy,High-income
2331,1996.0,Not report,,
2332,2009.0,Senegal,Senegal,Lower-middle-income
2333,2016.0,Senegal,Senegal,Low-income
2336,1996.0,Not report,,
2337,2007.0,Canada,Canada,High-income
2338,2010.0,Uganda,Uganda,Low-income
2339,1993.0,UK,United Kingdom,High-income
2340,1999.0,United Kingdom,United Kingdom,High-income
2341,2008.0,Kenya,Kenya,Low-income
2342,2009.0,Not report,,
2345,1986.0,UK,United Kingdom,High-income
2346,1997.0,United States,United States,High-income
2347,2022.0,North America,,
2348,1998.0,Canada,Canada,High-income
2349,1998.0,Spain,Spain,High-income
2350,1986.0,United States,United States,High-income
2351,1992.0,Not report,,
2352,2013.0,Not report,,
2353,2017.0,Not report,,
2354,1989.0,Not report,,
2356,2012.0,Not report,,
2357,2007.0,Guinea Conakry and Pakistan,,
2358,2001.0,Not report,,
2359,2002.0,Not report,,
2360,2001.0,"Chile, Russia, United States, Sweden",,
2362,2011.0,United States,United States,High-income
2363,2007.0,United Kingdom,United Kingdom,High-income
2365,2013.0,Europe,,
2368,1985.0,Not report,,
2370,1980.0,United States,United States,High-income
2371,1991.0,United States,United States,High-income
2372,1992.0,Not report,,
2374,1995.0,Not report,,
2375,1998.0,France,France,High-income
2376,1999.0,Australia,Australia,High-income
2377,2000.0,France,France,High-income
2378,2001.0,Not report,,
2379,2002.0,Not report,,
2380,2002.0,Not report,,
2381,2002.0,France,France,High-income
2382,2007.0,Not report,,
2383,2013.0,United States,United States,High-income
2384,2016.0,Not report,,
2385,2017.0,Not report,,
2387,1995.0,Not report,,
2388,1999.0,Not report,,
2389,1999.0,United States,United States,High-income
2390,1993.0,United Kingdom,United Kingdom,High-income
2391,1999.0,Not report,,
2392,1993.0,France,France,High-income
2393,1991.0,Not report,,
2394,1996.0,United States,United States,High-income
2395,2011.0,United States,United States,High-income
2397,2014.0,United States,United States,High-income
2398,1996.0,Italy,Italy,High-income
2399,1993.0,Italy,Italy,High-income
2400,2002.0,"Europe (Belgium, France, Germany, Ireland, Italy, Portugal, Spain, UK), Brazil",,
2402,2001.0,Not report,,
2403,1984.0,Not report,,
2405,1998.0,Not report,,
2406,2001.0,United States,United States,High-income
2407,2007.0,Not report,,
2408,2009.0,United States,United States,High-income
2409,2010.0,Not report,,
2410,1967.0,Not report,,
2411,1964.0,Not report,,
2412,1971.0,United States,United States,High-income
2413,1972.0,Not report,,
2414,1973.0,Not report,,
2415,1980.0,Not report,,
2416,1986.0,Not report,,
2417,1987.0,Not report,,
2418,1996.0,Not report,,
2419,1993.0,UK,United Kingdom,High-income
2420,1993.0,Canada,Canada,High-income
2421,2015.0,Not report,,
2422,1969.0,Northern Ireland,United Kingdom,High-income
2423,1998.0,"United States, United Kingdom, Canada",,
2424,2000.0,United States,United States,High-income
2425,2008.0,United States,United States,High-income
2426,2010.0,United States,United States,High-income
2427,2020.0,"Europe, North and South America, Australia, Israel, China and Turkey",,
2428,1994.0,Not report,,
2429,2008.0,Canada,Canada,High-income
2431,1998.0,Not report,,
2432,1999.0,Not report,,
2433,2014.0,Not report,,
2434,1998.0,Italy,Italy,High-income
2436,1986.0,Not report,,
2439,1972.0,West Indies,,
2440,1990.0,Not report,,
2443,1997.0,UK,United Kingdom,High-income
2444,2002.0,Not report,,
2445,1987.0,Burundi,Burundi,Low-income
2446,2012.0,"Africa (South Africa, Tanzania, Uganda, Zimbabwe)",,
2447,2014.0,Not report,,
2450,2012.0,European,,
2451,2012.0,"Benin, west Africa",,
2452,1991.0,United States,United States,High-income
2454,1995.0,United States,United States,High-income
2455,1977.0,United States,United States,High-income
2456,2001.0,Not report,,
2457,2010.0,Malawi,Malawi,Low-income
2458,2016.0,United States,United States,High-income
2459,1991.0,Not report,,
2460,2001.0,United States,United States,High-income
2461,2000.0,Israel,Israel,High-income
2462,2019.0,"Europe(Czech Republic, Hungary, Germany, Poland, the U.K.) and
Canada",,
2464,2008.0,Canada,Canada,High-income
2466,2009.0,United States,United States,High-income
2468,2017.0,"India, Malaysia, the Philippines, Romania, the Russian Federation, China, and the United States",,
2471,1986.0,Not report,,
2472,2018.0,Italy,Italy,High-income
2473,1999.0,Oman,Oman,Upper-middle-income
2474,2007.0,Not report,,
2475,2013.0,Italy,Italy,High-income
2476,2000.0,Greece,Greece,High-income
2477,2001.0,Greece,Greece,High-income
2478,2014.0,United States,United States,High-income
2481,2015.0,Australia,Australia,High-income
2483,2013.0,South Africa,South Africa,Upper-middle-income
2484,2013.0,France,France,High-income
2485,2014.0,Mali,Mali,Low-income
2486,2015.0,Burkina Faso,Burkina Faso,Low-income
2487,2017.0,Côte d'Ivoire,Cote d'Ivoire,Lower-middle-income
2488,2018.0,Côte d’Ivoire,Cote d'Ivoire,Lower-middle-income
2489,2018.0,Côte d'Ivoire,Cote d'Ivoire,Lower-middle-income
2490,1987.0,United States,United States,High-income
2491,1990.0,United States,United States,High-income
2492,1992.0,United States,United States,High-income
2493,1996.0,United States,United States,High-income
2494,2000.0,United States,United States,High-income
2496,2010.0,United States,United States,High-income
2497,2008.0,Not report,,
2498,2013.0,Gambia,Gambia,Low-income
2500,1997.0,France and Belgium,,
2501,2017.0,Italy,Italy,High-income
2502,2019.0,Italy,Italy,High-income
2503,1979.0,United States,United States,High-income
2504,2019.0,Australia,Australia,High-income
2505,1999.0,United States,United States,High-income
2506,2007.0,Netherlands,Netherlands,High-income
2507,2001.0,United States,United States,High-income
2508,2000.0,Not report,,
2509,1998.0,Canada,Canada,High-income
2510,2000.0,Kenya,Kenya,Low-income
2511,1996.0,UK,United Kingdom,High-income
2512,1986.0,Canada,Canada,High-income
2513,1993.0,Not report,,
2514,1998.0,Greece,Greece,High-income
2515,2007.0,Not report,,
2516,2010.0,Uganda,Uganda,Low-income
2517,1999.0,Not report,,
2518,1998.0,Germany,Germany,High-income
2520,2001.0,"Germany, Austria, Switzerland",,
2521,2001.0,"Germany, Austria, Switzerland",,
2522,2013.0,"Germany, Austria, Switzerland, Czech Republic",,
2523,2015.0,"Germany, Austria, Switzerland, Czech Republic",,
2524,2002.0,United States,United States,High-income
2525,2001.0,United States,United States,High-income
2526,1995.0,UK,United Kingdom,High-income
2527,1995.0,"UK, Germany",,
2528,2015.0,Ireland,Ireland,High-income
2529,1997.0,UK,United Kingdom,High-income
2530,1989.0,Italy,Italy,High-income
2531,1998.0,Hungary,Hungary,Upper-middle-income
2532,1997.0,Not report,,
2533,2014.0,UK,United Kingdom,High-income
2534,1987.0,Not report,,
2535,1990.0,Italy,Italy,High-income
2536,1993.0,Italy,Italy,High-income
2537,1996.0,Italy,Italy,High-income
2538,1996.0,United States,United States,High-income
2540,2019.0,China,China,Upper-middle-income
2541,2019.0,China,China,Upper-middle-income
2542,2022.0,China,China,Upper-middle-income
2543,2021.0,China,China,Upper-middle-income
2544,2007.0,Canada,Canada,High-income
2546,1989.0,United States,United States,High-income
2547,2002.0,United States,United States,High-income
2548,2009.0,Not report,,
2549,2020.0,United States,United States,High-income
2551,2020.0,Not report,,
2552,1978.0,Not report,,
2553,2010.0,Australia,Australia,High-income
2554,2021.0,Not report,,
2555,2014.0,United States and Canada,,
2556,1992.0,Italy,Italy,High-income
2557,1990.0,United States,United States,High-income
2560,2018.0,United States,United States,High-income
2561,2020.0,United States,United States,High-income
2562,2008.0,Switzerland,Switzerland,High-income
2563,1998.0,France,France,High-income
2566,2021.0,United States,United States,High-income
2567,1998.0,Australia,Australia,High-income
2568,2000.0,Not report,,
2569,2023.0,"United States, Canada, Australia",,
2570,1984.0,Not report,,
2571,2007.0,Not report,,
2572,1989.0,Not report,,
2573,2001.0,Netherlands,Netherlands,High-income
2574,2002.0,Tanzania,Tanzania,Low-income
2575,2008.0,Brazil,Brazil,Upper-middle-income
2576,2000.0,Not report,,
2577,1976.0,Not report,,
2578,1999.0,United States,United States,High-income
2581,2011.0,Not report,,
2582,2018.0,United States,United States,High-income
2583,1998.0,Not report,,
2584,2018.0,Not report,,
2585,2021.0,Not report,,
2587,1998.0,France,France,High-income
2588,1998.0,Not report,,
2589,2013.0,Brazil,Brazil,Upper-middle-income
2591,2008.0,Brazil,Brazil,Upper-middle-income
2592,2021.0,Italy,Italy,High-income
2593,2013.0,Australia,Australia,High-income
2594,2011.0,Not report,,
2595,1992.0,Israel,Israel,High-income
2596,2000.0,"Israel, United States and the Dominican Republic",,
2597,1994.0,Israel and Greece,,
2598,1996.0,United States,United States,High-income
2599,2020.0,Nepal,Nepal,Lower-middle-income
2600,2011.0,Not report,,
2601,1993.0,Not report,,
2602,2000.0,Not report,,
2603,2015.0,Not report,,
2604,2017.0,Turkey,Turkey,Upper-middle-income
2605,2018.0,China,China,Upper-middle-income
2606,2021.0,China,China,Upper-middle-income
2607,1993.0,Not report,,
2608,2008.0,Not report,,
2609,1977.0,Canada,Canada,High-income
2610,2006.0,Canada,Canada,High-income
2611,2014.0,Turkey,Turkey,Upper-middle-income
2612,2015.0,Iran,Iran,Upper-middle-income
2613,2001.0,United States,United States,High-income
2615,2002.0,Italy,Italy,High-income
2616,2017.0,Iran,Iran,Upper-middle-income
2617,1991.0,Not report,,
2618,1995.0,United States,United States,High-income
2620,2012.0,United States,United States,High-income
2623,1986.0,Not report,,
2624,2019.0,Australia and New Zealand,,
2626,2020.0,Netherlands,Netherlands,High-income
2627,2018.0,Iran,Iran,Upper-middle-income
2629,2008.0,India,India,Lower-middle-income
2630,2000.0,Netherlands,Netherlands,High-income
2631,2000.0,Netherlands,Netherlands,High-income
2632,2019.0,Poland,Poland,High-income
2633,2000.0,"Argentina, Brazil, Costa Rica, India, Kenya, Mexico, Morocco, Nigeria, Thailand and Turkey",,
2635,2021.0,Iran,Iran,Lower-middle-income
2637,2021.0,India,India,Lower-middle-income
2638,2015.0,Not report,,
2639,2013.0,China,China,Upper-middle-income
2641,2019.0,China,China,Upper-middle-income
2642,1981.0,United States,United States,High-income
2644,2004.0,Italy,Italy,High-income
2645,2005.0,Italy,Italy,High-income
2646,2000.0,Italy,Italy,High-income
2647,2012.0,Italy,Italy,High-income
2648,2020.0,Italy,Italy,High-income
2649,2023.0,United States,United States,High-income
2650,1993.0,Europe,,
2651,2012.0,United States,United States,High-income
2653,2007.0,United States,United States,High-income
2654,2019.0,South Africa,South Africa,Upper-middle-income
2655,2007.0,Not report,,
2656,2014.0,United States,United States,High-income
2657,2005.0,Not report,,
2658,2007.0,Germany,Germany,High-income
2659,2008.0,Not report,,
2660,2013.0,Not report,,
2661,2016.0,Germany,Germany,High-income
2662,2020.0,Not report,,
2664,2003.0,Not report,,
2665,1985.0,Not report,,
2666,2008.0,Iran,Iran,Lower-middle-income
2667,1993.0,Not report,,
2668,2021.0,Not report,,
2670,2004.0,Not report,,
2671,2011.0,Not report,,
2672,2015.0,Not report,,
2673,2004.0,United States,United States,High-income
2676,2008.0,Not report,,
2678,2005.0,Not report,,
2679,2012.0,Not report,,
2680,2016.0,India,India,Lower-middle-income
2681,2014.0,Not report,,
2683,1981.0,Not report,,
2684,2015.0,India,India,Lower-middle-income
2687,2016.0,India,India,Lower-middle-income
2688,2009.0,Iran,Iran,Upper-middle-income
2690,2014.0,Iran,Iran,Upper-middle-income
2691,2015.0,Brazil,Brazil,Upper-middle-income
2692,2018.0,Brazil,Brazil,Upper-middle-income
2693,2005.0,Iran,Iran,Lower-middle-income
2694,2017.0,Canada,Canada,High-income
2695,2017.0,Not report,,
2696,2013.0,United States,United States,High-income
2697,1990.0,Denmark,Denmark,High-income
2698,1993.0,Denmark,Denmark,High-income
2699,1996.0,Denmark,Denmark,High-income
2701,2010.0,Iran,Iran,Upper-middle-income
2702,2011.0,India,India,Lower-middle-income
2703,2007.0,USA,United States,High-income
2704,2007.0,UK,United Kingdom,High-income
2705,2010.0,USA,United States,High-income
2707,1997.0,Sierra Leone,Sierra Leone,Low-income
2708,1993.0,United States,United States,High-income
2711,1994.0,United States,United States,High-income
2712,2002.0,Australia,Australia,High-income
2713,2002.0,United States,United States,High-income
2714,2017.0,USA and Canada,,
2715,1997.0,United States,United States,High-income
2716,1999.0,Not report,,
2717,2002.0,Not report,,
2718,2004.0,Not report,,
2719,2013.0,"Australia, Germany, United Kingdom",,
2721,2020.0,United States,United States,High-income
2722,1998.0,Not report,,
2723,1999.0,UK,United Kingdom,High-income
2724,2006.0,Not report,,
2725,2013.0,"North America, Europe, Australia",,
2726,2020.0,Not report,,
2727,1997.0,Canada,Canada,High-income
2728,2002.0,Mexico,Mexico,Upper-middle-income
2729,1972.0,Tanzania,Tanzania,Low-income
2731,1994.0,Not report,,
2732,1995.0,United States,United States,High-income
2733,1995.0,Not report,,
2734,1997.0,United States and Canada,,
2735,1997.0,United States,United States,High-income
2736,1999.0,United States,United States,High-income
2737,2000.0,United States,United States,High-income
2738,2001.0,United States,United States,High-income
2739,2005.0,United States,United States,High-income
2740,2008.0,United States,United States,High-income
2742,2018.0,United States,United States,High-income
2743,2018.0,United States,United States,High-income
2744,2019.0,United States,United States,High-income
2746,1997.0,Not report,,
2748,2006.0,Not report,,
2749,2008.0,United States,United States,High-income
2750,2016.0,UK,United Kingdom,High-income
2751,2016.0,Panama,Panama,Upper-middle-income
2752,1982.0,Not report,,
2753,1989.0,New Zealand,New Zealand,High-income
2754,2001.0,United States,United States,High-income
2755,1983.0,Not report,,
2756,1994.0,India,India,Low-income
2759,1996.0,Brazil,Brazil,Upper-middle-income
2761,1990.0,Netherlands,Netherlands,High-income
2763,1997.0,Belgium,Belgium,High-income
2764,1994.0,Netherlands,Netherlands,High-income
2766,1974.0,Colombia,Colombia,Lower-middle-income
2767,1991.0,Not report,,
2768,2014.0,Brazil,Brazil,Upper-middle-income
2769,2019.0,United States,United States,High-income
2770,2022.0,"Argentina, Australia, Belarus, Bulgaria, Canada, Colombia, Georgia, Greece, India, Israel, Mexico, New Zealand, Poland, Russian Federation, Spain, Republic of Korea, Taiwan, Turkey, Ukraine, the United Kingdom, and United States",,
2771,2017.0,"North America, Australia, and New Zealand",,
2772,2016.0,Australia,Australia,High-income
2773,2018.0,Australia,Australia,High-income
2774,2017.0,Brazil,Brazil,Upper-middle-income
2775,1990.0,Brazil,Brazil,Upper-middle-income
2776,1987.0,Not report,,
2778,2021.0,Brazil,Brazil,Upper-middle-income
2779,2001.0,Not report,,
2780,2009.0,Italy,Italy,High-income
2781,2011.0,Spain,Spain,High-income
2783,2012.0,Global,,
2787,1994.0,Not report,,
2788,1995.0,Italy,Italy,High-income
2789,1996.0,Italy,Italy,High-income
2791,1997.0,Italy,Italy,High-income
2792,1998.0,Italy,Italy,High-income
2793,2000.0,Not report,,
2794,2001.0,"Holland, Hungary, Italy, Poland, Argentina, Chile, South Africa",,
2795,2005.0,Italy,Italy,High-income
2796,2006.0,Italy,Italy,High-income
2797,1996.0,France,France,High-income
2798,2005.0,"France, Germany",,
2799,2009.0,European,,
2801,2006.0,Not report,,
2802,2017.0,"Europe (Belgium, Canada, France, Germany, Italy, Switzerland, The Netherlands and the United Kingdom)",,
2803,2000.0,United States,United States,High-income
2804,2011.0,Netherlands,Netherlands,High-income
2805,2004.0,Not report,,
2806,2005.0,United States,United States,High-income
2807,1991.0,Brazil,Brazil,Upper-middle-income
2808,2000.0,Switzerland,Switzerland,High-income
2810,2019.0,Sweden,Sweden,High-income
2811,2001.0,Not report,,
2812,2001.0,United States and Canada,,
2813,2005.0,Thailand,Thailand,Lower-middle-income
2814,2001.0,Not report,,
2816,2011.0,Netherlands,Netherlands,High-income
2817,2012.0,Netherlands,Netherlands,High-income
2818,2003.0,Not report,,
2819,2019.0,Iran,Iran,Upper-middle-income
2820,2016.0,Iran,Iran,Upper-middle-income
2821,2017.0,Iran,Iran,Upper-middle-income
2822,2013.0,Iran,Iran,Upper-middle-income
2823,2009.0,Netherlands and Belgium,,
2824,1991.0,Sudan,Sudan,Low-income
2825,2002.0,"Canada, Norway, Hungary，Netherlands,New Zealand, France",,
2826,2002.0,Netherlands,Netherlands,High-income
2827,2003.0,Not report,,
2828,2018.0,Netherlands,Netherlands,High-income
2830,2007.0,Netherland,Netherlands,High-income
2831,2004.0,Netherlands,Netherlands,High-income
2832,1993.0,Italy,Italy,High-income
2834,2003.0,Not report,,
2835,2010.0,"United States, South Africa, Canada",,
2836,2002.0,United States,United States,High-income
2837,2005.0,United States,United States,High-income
2838,2014.0,United States,United States,High-income
2839,2017.0,United States and other countries,,
2842,2008.0,United States,United States,High-income
2844,1998.0,Brazil,Brazil,Upper-middle-income
2846,2016.0,United States,United States,High-income
2847,2020.0,"Belgium, the Czech Republic, Poland, Spain, Turkey, Israel, Mexico, and the USA",,
2848,2015.0,Canada,Canada,High-income
2849,2005.0,Brazil,Brazil,Lower-middle-income
2850,2015.0,"Brazil, Panama",,
2851,1979.0,Not report,,
2852,2003.0,France,France,High-income
2853,1992.0,European,,
2854,1983.0,United States,United States,High-income
2855,2003.0,Mexico,Mexico,Upper-middle-income
2856,2007.0,Not report,,
2857,1995.0,United States,United States,High-income
2858,2000.0,Belgium,Belgium,High-income
2859,2011.0,Turkey,Turkey,Upper-middle-income
2860,2012.0,Not report,,
2861,2017.0,Turkey,Turkey,Upper-middle-income
2862,2005.0,Not report,,
2863,2004.0,Not report,,
2864,2015.0,Greece,Greece,High-income
2866,2013.0,United States,United States,High-income
2867,2013.0,Turkey,Turkey,Upper-middle-income
2868,2010.0,Not report,,
2869,2004.0,Not report,,
2870,2001.0,Not report,,
2871,2002.0,Not report,,
2872,1975.0,Not report,,
2874,1974.0,USA and Canada,,
2875,2009.0,Not report,,
2876,1998.0,Not report,,
2877,1999.0,Not report,,
2878,1980.0,Canada,Canada,High-income
2879,1980.0,Not report,,
2880,2010.0,Not report,,
2881,2004.0,Not report,,
2882,2012.0,Brazil,Brazil,Upper-middle-income
2883,2020.0,Iran,Iran,Lower-middle-income
2887,2022.0,Not report,,
2888,2003.0,Not report,,
2889,2002.0,Not report,,
2890,2003.0,Kenya,Kenya,Low-income
2892,1991.0,United States,United States,High-income
2893,2005.0,Nigeria,Nigeria,Low-income
2894,2008.0,Not report,,
2895,2011.0,"Europe (Belgium, Denmark, Macedonia, Israel, Spain, UK)",,
2896,2016.0,"Europe (Belgium, Switzerland, Spain, Italy, Czech Republic, Germany, France)",,
2897,2012.0,France,France,High-income
2899,2005.0,Not report,,
2900,1995.0,UK,United Kingdom,High-income
2901,1994.0,Netherlands,Netherlands,High-income
2902,2008.0,India,India,Lower-middle-income
2903,1988.0,Not report,,
2906,2015.0,"United States, Mexico, Russia",,
2907,1992.0,United States,United States,High-income
2908,2001.0,Not report,,
2909,2003.0,"United States, Mexico, South America",,
2910,1992.0,Not report,,
2911,2018.0,United States and United Kingdom,,
2913,2021.0,Not report,,
2915,2017.0,Belgium,Belgium,High-income
2916,2018.0,Belgium,Belgium,High-income
2917,2020.0,Australia,Australia,High-income
2918,1990.0,Netherlands,Netherlands,High-income
2919,1997.0,Netherlands,Netherlands,High-income
2920,2008.0,Canada,Canada,High-income
2921,2018.0,United States,United States,High-income
2922,1999.0,South African,South Africa,Upper-middle-income
2923,2014.0,United States,United States,High-income
2924,2003.0,Netherlands,Netherlands,High-income
2925,2010.0,France,France,High-income
2926,2016.0,Congo,Congo,Lower-middle-income
2927,1996.0,Belgium,Belgium,High-income
2928,2002.0,Belgium,Belgium,High-income
2930,2015.0,United States,United States,High-income
2931,2021.0,India,India,Lower-middle-income
2932,2020.0,India and Tanzania,,
2933,2017.0,China,China,Upper-middle-income
2934,2018.0,China,China,Upper-middle-income
2936,1985.0,Not report,,
2937,2009.0,Not report,,
2940,2015.0,Italy,Italy,High-income
2941,2020.0,Italy,Italy,High-income
2942,2018.0,"Australia, Benin, Brazil, Canada, Ghana, Guinea and Indonesia",,
2943,1999.0,Not report,,
2945,2017.0,China,China,Upper-middle-income
2947,2012.0,Spain,Spain,High-income
2948,2014.0,Spain,Spain,High-income
2949,2018.0,Spain,Spain,High-income
2950,1995.0,Italy,Italy,High-income
2951,1986.0,UK,United Kingdom,High-income
2952,2011.0,Mali,Mali,Low-income
2953,2007.0,Madagascar,Madagascar,Low-income
2954,2002.0,European countries and Canada,,
2955,2019.0,United States,United States,High-income
2956,2004.0,United States,United States,High-income
2958,2004.0,Turkey,Turkey,Upper-middle-income
2959,2009.0,Not report,,
2962,2014.0,Turkey,Turkey,Upper-middle-income
2963,1979.0,Not report,,
2964,2005.0,United States,United States,High-income
2965,2020.0,UK,United Kingdom,High-income
2969,2007.0,Germany and United States,,
2970,2014.0,Turkey,Turkey,Upper-middle-income
2971,2015.0,Turkey,Turkey,Upper-middle-income
2972,2007.0,USA,United States,High-income
2974,2000.0,United States,United States,High-income
2975,1992.0,United States,United States,High-income
2977,2015.0,Turkey,Turkey,Upper-middle-income
2978,2010.0,Canada,Canada,High-income
2980,2005.0,Italy,Italy,High-income
2981,2011.0,Italy,Italy,High-income
2982,1978.0,Malaysia,Malaysia,Lower-middle-income
2983,2011.0,Germany,Germany,High-income
2984,2013.0,"Canada, USA, Belgium, Germany, Hungary, Italy, Poland, Spain, Sweden",,
2985,2014.0,"Canada, USA, Belgium, Germany, Hungary, Italy, Poland, Spain, Sweden",,
2986,2019.0,Germany,Germany,High-income
2987,2019.0,United States,United States,High-income
2988,1998.0,Not report,,
2989,2017.0,Not report,,
2990,2012.0,Turkey,Turkey,Upper-middle-income
2992,2011.0,"Africa (Benin, Kenya, Mali, Mozambique, Tanzania)",,
2995,2018.0,"Niger,United States,Malawi,Tanzania,United Kingdom",,
2996,2020.0,"Niger,United States,Malawi,Tanzania,United Kingdom",,
2997,2017.0,"Niger,United States,Malawi,Tanzania,United Kingdom",,
2999,2017.0,USA,United States,High-income
3000,2001.0,United States,United States,High-income
3001,2006.0,USA,United States,High-income
3002,1993.0,France,France,High-income
3003,1993.0,USA,United States,High-income
3005,2018.0,"USA, South Africa, Chile",,
3006,2014.0,"France,Portugal,Belgium",,
3009,1987.0,United States,United States,High-income
3010,2020.0,USA,United States,High-income
3012,2010.0,China,China,Upper-middle-income
3013,2019.0,China,China,Upper-middle-income
3014,1993.0,United States,United States,High-income
3016,2005.0,Not report,,
3018,2008.0,Canada,Canada,High-income
3020,1986.0,United States,United States,High-income
3021,2000.0,United States,United States,High-income
3024,2007.0,Uganda,Uganda,Low-income
3026,2014.0,Brazil,Brazil,Upper-middle-income
3027,2001.0,Benin,Benin,Low-income
3028,2014.0,Turkey,Turkey,Upper-middle-income
3029,1989.0,United States,United States,High-income
3030,1962.0,UK,United Kingdom,High-income
3031,1986.0,Canada,Canada,High-income
3032,1995.0,Canada,Canada,High-income
3033,1995.0,UK,United Kingdom,High-income
3034,1995.0,UK,United Kingdom,High-income
3035,1996.0,UK,United Kingdom,High-income
3036,2018.0,United States,United States,High-income
3037,1993.0,UK,United Kingdom,High-income
3038,1994.0,UK,United Kingdom,High-income
3039,1994.0,UK,United Kingdom,High-income
3040,2004.0,United States,United States,High-income
3042,2014.0,"United States,Australia,Canada,Germany,Israel,Netherlands,Sweden,Switzerland,United Kingdom,",,
3043,1980.0,United States,United States,High-income
3044,1999.0,"Indonesia, Malaysia, Philippines, Singapore and Thailand",,
3045,2009.0,"United States, Global",,
3047,1999.0,Mexico,Mexico,Upper-middle-income
3048,2000.0,Mexico,Mexico,Upper-middle-income
3049,1997.0,Austria,Austria,High-income
3051,1991.0,Poland,Poland,Lower-middle-income
3052,2015.0,United States,United States,High-income
3053,2003.0,United Kingdom,United Kingdom,High-income
3054,2003.0,Canada,Canada,High-income
3056,1986.0,Not report,,
3058,2009.0,United States,United States,High-income
3059,2016.0,United States,United States,High-income
3060,2019.0,Austria,Austria,High-income
3061,1996.0,South Africa,South Africa,Upper-middle-income
3062,2002.0,Ghana,Ghana,Low-income
3063,2011.0,Not report,,
3064,2010.0,United States,United States,High-income
3065,1977.0,United States,United States,High-income
3066,1978.0,United States,United States,High-income
3067,2017.0,United States,United States,High-income
3070,2015.0,United States,United States,High-income
3071,1998.0,United States,United States,High-income
3073,2008.0,China,China,Lower-middle-income
3074,2015.0,China,China,Upper-middle-income
3075,2015.0,China,China,Upper-middle-income
3076,2021.0,China,China,Upper-middle-income
3077,2022.0,China,China,Upper-middle-income
3078,2019.0,China,China,Upper-middle-income
3079,2021.0,China,China,Upper-middle-income
3081,1992.0,United States,United States,High-income
3082,2015.0,China,China,Upper-middle-income
3083,2017.0,China,China,Upper-middle-income
3084,2017.0,China,China,Upper-middle-income
3086,2016.0,"United States,Belgium,Canada,Czech Republic,France,Netherlands,Poland,United Kingdom,",,
3087,2005.0,France,France,High-income
3088,2007.0,France,France,High-income
3089,1998.0,Canada,Canada,High-income
3090,2009.0,Canada,Canada,High-income
3091,1997.0,United States,United States,High-income
3092,2013.0,England and Wales,,
3093,2014.0,Canada,Canada,High-income
3095,2009.0,United States,United States,High-income
3096,2006.0,France,France,High-income
3097,2007.0,France,France,High-income
3098,2023.0,Brazil,Brazil,Upper-middle-income
3099,2005.0,Canada,Canada,High-income
3100,2002.0,Papua New Guinea,Papua New Guinea,Low-income
3101,2002.0,Papua New Guinea,Papua New Guinea,Low-income
3102,2005.0,Turkey,Turkey,Upper-middle-income
3103,2010.0,Turkey,Turkey,Upper-middle-income
3104,2011.0,Brazil,Brazil,Upper-middle-income
3105,2012.0,Germany,Germany,High-income
3106,1997.0,USA,United States,High-income
3107,2003.0,USA,United States,High-income
3108,2000.0,Canada,Canada,High-income
3110,2006.0,Gambia,Gambia,Low-income
3111,2011.0,Gambia,Gambia,Low-income
3112,2010.0,United States,United States,High-income
3113,1988.0,United States,United States,High-income
3115,1998.0,France,France,High-income
3117,1992.0,Gabon,Gabon,Upper-middle-income
3118,2005.0,France,France,High-income
3119,2006.0,France,France,High-income
3120,2021.0,United States,United States,High-income
3121,2004.0,Canada,Canada,High-income
3122,2017.0,United States,United States,High-income
3125,2002.0,United States,United States,High-income
3126,1985.0,United States,United States,High-income
3127,2015.0,Not report,,
3128,2018.0,United States,United States,High-income
3129,2018.0,France,France,High-income
3130,2022.0,Czech Republic,Czechia,High-income
3131,1993.0,India,India,Low-income
3132,1994.0,India,India,Low-income
3133,1994.0,India,India,Low-income
3134,2011.0,India,India,Lower-middle-income
3138,2017.0,Turkey,Turkey,Upper-middle-income
3139,2006.0,Slovakia,Slovakia,Upper-middle-income
3140,2018.0,United States,United States,High-income
3141,2020.0,United States,United States,High-income
3142,2007.0,Slovakia,Slovakia,High-income
3143,2004.0,Australia,Australia,High-income
3144,1995.0,Australia,Australia,High-income
3145,1985.0,United States,United States,High-income
3146,2018.0,United States,United States,High-income
3147,2015.0,Poland,Poland,High-income
3149,2021.0,Poland,Poland,High-income
3150,2014.0,Poland,Poland,High-income
3152,2003.0,Turkey,Turkey,Lower-middle-income
3154,2007.0,Turkey,Turkey,Upper-middle-income
3156,1997.0,UK and Republic of Ireland,,
3157,2015.0,Japan,Japan,High-income
3158,2021.0,Uganda,Uganda,Low-income
3160,2023.0,Iran,Iran,Upper-middle-income
3161,2017.0,Iran,Iran,Upper-middle-income
3163,2018.0,Chile,Chile,High-income
3165,2002.0,United States,United States,High-income
3166,2003.0,United States,United States,High-income
3167,2021.0,Singapore,Singapore,High-income
3169,1995.0,Canada,Canada,High-income
3170,1977.0,United States,United States,High-income
3171,1999.0,"Australia, New Zealand, South Africa",,
3172,2004.0,USA,United States,High-income
3173,2015.0,UK and Norway,,
3174,2015.0,Australia,Australia,High-income
3175,1981.0,Not report,,
3177,1992.0,Finland,Finland,High-income
3178,1994.0,United States,United States,High-income
3179,2005.0,United States,United States,High-income
3180,1997.0,Australia,Australia,High-income
3181,1997.0,Australia,Australia,High-income
3183,2020.0,Iran,Iran,Lower-middle-income
3184,2022.0,Iran,Iran,Lower-middle-income
3185,1993.0,The Netherlands and Sweden,,
3186,2005.0,Turkey,Turkey,Upper-middle-income
3189,2004.0,Germany,Germany,High-income
3190,1972.0,United States,United States,High-income
3191,2013.0,Not report,,
3192,2016.0,Iran,Iran,Upper-middle-income
3195,2017.0,Iran,Iran,Upper-middle-income
3196,2019.0,Iran,Iran,Upper-middle-income
3197,2020.0,Iran,Iran,Lower-middle-income
3198,2021.0,Iran,Iran,Lower-middle-income
3199,2021.0,Iran,Iran,Lower-middle-income
3200,2023.0,Iran,Iran,Upper-middle-income
3201,2007.0,Not report,,
3202,2007.0,Not report,,
3203,2010.0,Not report,,
3204,1993.0,Not report,,
3205,2014.0,Iran,Iran,Upper-middle-income
3206,2002.0,United States,United States,High-income
3207,2005.0,Not report,,
3208,2009.0,Not report,,
3209,2009.0,Not report,,
3210,2012.0,Not report,,
3211,2021.0,"Australia, China,
Czech Republic, Germany, Hungary, Italy, Japan, Latvia,
Mexico, Poland, Spain, Taiwan, the UK, and the US",,
3215,2010.0,USA,United States,High-income
3216,2010.0,Not report,,
3218,1995.0,United States and Canada,,
3220,2001.0,Not report,,
3221,2002.0,Not report,,
3222,2020.0,Zambia,Zambia,Lower-middle-income
3223,1961.0,Not report,,
3224,2006.0,UK,United Kingdom,High-income
3225,2021.0,Russia,Russia,Upper-middle-income
3226,2011.0,Sweden,Sweden,High-income
3227,2012.0,Not report,,
3228,2017.0,Not report,,
3230,2000.0,Nigeria,Nigeria,Low-income
3231,2003.0,Nigeria,Nigeria,Low-income
3232,2008.0,Not report,,
3233,2012.0,Not report,,
3234,1979.0,Not report,,
3235,1980.0,Not report,,
3236,1980.0,Not report,,
3237,2006.0,Not report,,
3238,1997.0,India,India,Low-income
3239,1989.0,Not report,,
3240,2021.0,Not report,,
3241,2022.0,Not report,,
3242,2022.0,Not report,,
3243,2015.0,Saudi Arabia,Saudi Arabia,High-income
3244,2022.0,Not report,,
3245,2020.0,Canada,Canada,High-income
3247,2019.0,Saudi Arabia,Saudi Arabia,High-income
3248,2022.0,Egypt,Egypt,Lower-middle-income
3249,2011.0,Not report,,
3250,2019.0,Egypt,Egypt,Lower-middle-income
3251,2020.0,Not report,,
3254,2006.0,Not report,,
3257,2011.0,Not report,,
3258,2013.0,Not report,,
3259,2014.0,Egypt and Oman,,
3261,2018.0,Not report,,
3263,2017.0,Not report,,
3264,2020.0,Not report,,
3265,2015.0,Not report,,
3266,2019.0,Egypt,Egypt,Lower-middle-income
3268,2013.0,Not report,,
3270,2006.0,United States,United States,High-income
3271,2015.0,Not report,,
3272,2017.0,Not report,,
3273,2022.0,Egypt,Egypt,Lower-middle-income
3274,2020.0,Egypt,Egypt,Lower-middle-income
3275,2013.0,Not report,,
3276,2014.0,Saudi Arabia,Saudi Arabia,High-income
3277,2016.0,Saudi Arabia,Saudi Arabia,High-income
3278,2016.0,Not report,,
3280,2015.0,Egypt,Egypt,Lower-middle-income
3282,2015.0,Not report,,
3283,1994.0,"France, Greece",,
3284,2001.0,"France, Greece",,
3285,2016.0,United States,United States,High-income
3286,2012.0,Not report,,
3287,2013.0,Not report,,
3288,1989.0,Not report,,
3289,1991.0,Jordan,Jordan,Lower-middle-income
3292,2011.0,Not report,,
3293,2016.0,Not report,,
3294,2012.0,Not report,,
3295,2016.0,Not report,,
3296,2008.0,UK,United Kingdom,High-income
3298,2008.0,international,,
3299,2019.0,Not report,,
3301,2022.0,Egypt,Egypt,Lower-middle-income
3302,2018.0,Egypt,Egypt,Lower-middle-income
3303,2023.0,Egypt,Egypt,Lower-middle-income
3304,2016.0,Not report,,
3305,2015.0,Not report,,
3306,2017.0,Not report,,
3307,2012.0,Egypt,Egypt,Lower-middle-income
3308,2014.0,Egypt,Egypt,Lower-middle-income
3309,2013.0,Egypt,Egypt,Lower-middle-income
3310,2021.0,Egypt,Egypt,Lower-middle-income
3311,2020.0,Egypt,Egypt,Lower-middle-income
3312,2002.0,Not report,,
3313,2010.0,Egypt,Egypt,Lower-middle-income
3314,2011.0,Egypt,Egypt,Lower-middle-income
3315,2013.0,Not report,,
3316,1995.0,Egypt,Egypt,Lower-middle-income
3317,2018.0,Egypt,Egypt,Lower-middle-income
3318,1995.0,Not report,,
3319,1997.0,Not report,,
3320,2003.0,Not report,,
3321,2003.0,Not report,,
3322,2016.0,Iran,Iran,Upper-middle-income
3323,2009.0,Egypt,Egypt,Lower-middle-income
3324,2017.0,Not report,,
3325,1995.0,Not report,,
3326,2020.0,Egypt,Egypt,Lower-middle-income
3327,2012.0,Not report,,
3328,1994.0,Not report,,
3329,2006.0,Egypt,Egypt,Lower-middle-income
3330,2016.0,Egypt,Egypt,Lower-middle-income
3331,2017.0,Egypt,Egypt,Lower-middle-income
3332,2003.0,United States,United States,High-income
3333,2009.0,Not report,,
3334,2022.0,Not report,,
3335,2009.0,USA,United States,High-income
3336,1990.0,Not report,,
3337,1993.0,Not report,,
3338,1984.0,Not report,,
3339,1985.0,Not report,,
3340,1990.0,Sweden,Sweden,High-income
3341,2023.0,New Zealand,New Zealand,High-income
3342,2011.0,"Bangladesh, Egypt, Malawi, Pakistan, Vietnam",,
3343,1998.0,Not report,,
3344,2020.0,Egypt,Egypt,Lower-middle-income
3346,1993.0,Not report,,
3347,2013.0,Egypt,Egypt,Lower-middle-income
3348,2018.0,Egypt,Egypt,Lower-middle-income
3349,2022.0,Egypt,Egypt,Lower-middle-income
3350,2017.0,Egypt,Egypt,Lower-middle-income
3351,2020.0,Ireland,Ireland,High-income
3352,2023.0,Ireland and Netherlands,,
3353,1981.0,United States,United States,High-income
3354,1985.0,Not report,,
3355,2001.0,Not report,,
3356,1995.0,Egypt,Egypt,Lower-middle-income
3357,2013.0,UK,United Kingdom,High-income
3358,2015.0,UK,United Kingdom,High-income
3359,2000.0,Not report,,
3362,1982.0,United States,United States,High-income
3363,2016.0,Egypt,Egypt,Lower-middle-income
3364,1988.0,"Lund, Sweden and Aarhus, Denmark",,
3365,2013.0,Egypt,Egypt,Lower-middle-income
3366,2016.0,Egypt,Egypt,Lower-middle-income
3367,2014.0,Egypt,Egypt,Lower-middle-income
3368,2021.0,Egypt,Egypt,Lower-middle-income
3371,2018.0,Egypt,Egypt,Lower-middle-income
3372,2020.0,Not report,,
3373,2019.0,Not report,,
3374,2017.0,Egypt,Egypt,Lower-middle-income
3376,2013.0,Egypt,Egypt,Lower-middle-income
3378,2016.0,Egypt,Egypt,Lower-middle-income
3380,2006.0,Egypt,Egypt,Lower-middle-income
3381,2016.0,Egypt,Egypt,Lower-middle-income
3382,2010.0,Qatar,Qatar,High-income
3383,2017.0,Not report,,
3384,2022.0,Not report,,
3385,2014.0,Egypt,Egypt,Lower-middle-income
3386,2011.0,Not report,,
3388,2014.0,Egypt,Egypt,Lower-middle-income
3389,2016.0,Egypt,Egypt,Lower-middle-income
3390,2016.0,Egypt,Egypt,Lower-middle-income
3391,2021.0,Egypt,Egypt,Lower-middle-income
3392,2010.0,Sudan,Sudan,Lower-middle-income
3393,2015.0,Egypt,Egypt,Lower-middle-income
3394,1999.0,United States and Costa Rica,,
3395,2001.0,Not report,,
3396,2021.0,Egypt,Egypt,Lower-middle-income
3398,2002.0,Not report,,
3399,2003.0,United States,United States,High-income
3401,2002.0,Malawi,Malawi,Low-income
3406,2022.0,Iran,Iran,Lower-middle-income
3407,2016.0,Not report,,
3408,2018.0,Poland,Poland,High-income
3409,2022.0,Poland,Poland,High-income
3410,2013.0,Not report,,
3412,1997.0,Not report,,
3413,1998.0,Not report,,
3414,2002.0,United States,United States,High-income
3415,2004.0,Not report,,
3416,2006.0,United States and Canada,,
3418,2008.0,Not report,,
3419,2009.0,United States,United States,High-income
3420,2010.0,Not report,,
3421,2012.0,Not report,,
3422,2014.0,"United States, Canada, Mexico, Argentina",,
3424,2022.0,Not report,,
3426,2010.0,Turkey,Turkey,Upper-middle-income
3428,2006.0,Thailand,Thailand,Lower-middle-income
3429,1989.0,Israel,Israel,High-income
3430,1973.0,United States,United States,High-income
3431,1989.0,United States,United States,High-income
3432,2001.0,Not report,,
3433,2003.0,UK,United Kingdom,High-income
3434,2008.0,Not report,,
3435,2011.0,United States,United States,High-income
3436,2000.0,United States,United States,High-income
3437,2003.0,United States,United States,High-income
3438,2004.0,Kenya,Kenya,Low-income
3440,1994.0,United States,United States,High-income
3441,1997.0,United States and Puerto Rico,,
3442,2013.0,Sweden,Sweden,High-income
3443,1985.0,Canada,Canada,High-income
3444,1998.0,Australia,Australia,High-income
3445,2017.0,Not report,,
3446,2012.0,Brazil,Brazil,Upper-middle-income
3447,2017.0,Brazil,Brazil,Upper-middle-income
3448,2018.0,India,India,Lower-middle-income
3449,2002.0,United States,United States,High-income
3450,1995.0,United States,United States,High-income
3451,1996.0,Not report,,
3452,1998.0,United States,United States,High-income
3453,2011.0,Not report,,
3454,2002.0,UK,United Kingdom,High-income
3456,1998.0,Germany,Germany,High-income
3457,2001.0,Not report,,
3458,2002.0,Not report,,
3459,2002.0,Not report,,
3460,2022.0,Turkey,Turkey,Upper-middle-income
3461,2000.0,Turkey,Turkey,Upper-middle-income
3463,2008.0,Not report,,
3464,2009.0,Not report,,
3465,2015.0,Turkey,Turkey,Upper-middle-income
3466,2012.0,Turkey,Turkey,Upper-middle-income
3467,2009.0,Not report,,
3468,2012.0,Turkey,Turkey,Upper-middle-income
3469,2003.0,Not report,,
3473,2000.0,Not report,,
3475,2012.0,Not report,,
3476,2022.0,Not report,,
3477,2007.0,Not report,,
3478,2020.0,Australia and New Zealand,,
3479,2019.0,"USA, Japan, Canada, UK, Sweden, South Korea, Australia",,
3480,2004.0,Tanzania,Tanzania,Low-income
3481,1998.0,Sweden,Sweden,High-income
3482,2006.0,UK,United Kingdom,High-income
3483,2009.0,Netherlands,Netherlands,High-income
3484,2002.0,Turkey,Turkey,Lower-middle-income
3486,1992.0,Mexico,Mexico,Upper-middle-income
3488,1985.0,Not report,,
3490,2007.0,Not report,,
3491,2008.0,Turkey,Turkey,Upper-middle-income
3493,1979.0,Not report,,
3494,2013.0,Not report,,
3495,2006.0,Not report,,
3496,2013.0,Not report,,
3497,2016.0,Tanzania,Tanzania,Low-income
3498,2004.0,European,,
3499,2007.0,Not report,,
3500,2012.0,Not report,,
3502,2022.0,Not report,,
3503,2008.0,Not report,,
3504,2010.0,"Zurich, Switzerland and Innsbruck, Austria",,
3505,2009.0,Spain,Spain,High-income
3506,2013.0,Mexico,Mexico,Upper-middle-income
3507,2003.0,Cuba,Cuba,Lower-middle-income
3508,2003.0,Cuba,Cuba,Lower-middle-income
3509,2004.0,Not report,,
3510,2008.0,Cuba,Cuba,Upper-middle-income
3512,2011.0,Not report,,
3513,2012.0,Not report,,
3514,2006.0,"France, Germany, Spain, Sweden, Ukraine",,
3517,2022.0,Not report,,
3518,2020.0,Ethiopia,Ethiopia,Low-income
3519,2014.0,Iran,Iran,Upper-middle-income
3520,2016.0,Iran,Iran,Upper-middle-income
3521,2001.0,Not report,,
3523,2008.0,Not report,,
3524,2015.0,Not report,,
3525,2015.0,Iran,Iran,Upper-middle-income
3526,2009.0,Not report,,
3527,2012.0,Iran,Iran,Upper-middle-income
3528,2017.0,Not report,,
3529,2018.0,Iran,Iran,Upper-middle-income
3530,2008.0,Iran,Iran,Lower-middle-income
3531,2016.0,Iran,Iran,Upper-middle-income
3532,2015.0,Kazakhstan,Kazakhstan,Upper-middle-income
3533,2012.0,Congo,Congo,Lower-middle-income
3535,1998.0,Not report,,
3537,2001.0,Not report,,
3538,2002.0,Italy,Italy,High-income
3539,2005.0,Italy,Italy,High-income
3540,2011.0,Italy,Italy,High-income
3541,2015.0,Italy,Italy,High-income
3542,2017.0,Not report,,
3543,2019.0,Italy,Italy,High-income
3545,2022.0,Italy,Italy,High-income
3546,2022.0,Not report,,
3547,2017.0,U.S.,United States,High-income
3549,1998.0,Argentina,Argentina,Upper-middle-income
3550,2011.0,Not report,,
3551,1993.0,Not report,,
3552,1994.0,Not report,,
3553,1999.0,Not report,,
3554,2001.0,Not report,,
3555,2007.0,"European countries, Australia, South Africa",,
3556,2018.0,Germany,Germany,High-income
3557,1990.0,Not report,,
3558,2005.0,Mexico,Mexico,Upper-middle-income
3563,2021.0,Europe and Canada,,
3565,1980.0,United States,United States,High-income
3566,2011.0,Korea,South Korea,High-income
3567,2012.0,Korea,South Korea,High-income
3568,2014.0,Korea,South Korea,High-income
3569,2019.0,Korea,South Korea,High-income
3570,1976.0,Not report,,
3571,1979.0,Not report,,
3572,1984.0,Not report,,
3573,1986.0,United States,United States,High-income
3574,1986.0,United States,United States,High-income
3575,1990.0,United States and Canada,,
3576,1995.0,Not report,,
3577,1996.0,Not report,,
3578,1998.0,United States,United States,High-income
3579,2001.0,United States,United States,High-income
3580,2010.0,UK,United Kingdom,High-income
3582,2001.0,UK,United Kingdom,High-income
3584,2004.0,UK and Republic of Ireland,,
3585,2011.0,Turkey,Turkey,Upper-middle-income
3586,2002.0,Australia,Australia,High-income
3587,2006.0,Not report,,
3588,2012.0,Mexico,Mexico,Upper-middle-income
3590,1998.0,UK,United Kingdom,High-income
3591,1985.0,Not report,,
3592,2008.0,Not report,,
3593,2018.0,Russia,Russia,Upper-middle-income
3594,2014.0,Uganda,Uganda,Low-income
3595,2017.0,Egypt,Egypt,Lower-middle-income
3596,2009.0,Italy,Italy,High-income
3597,1996.0,Not report,,
3598,2002.0,Not report,,
3599,2022.0,Canada and USA,,
3600,2005.0,Israel,Israel,High-income
3601,2010.0,France,France,High-income
3602,2009.0,United States and United Kingdom,,
3603,1988.0,Not report,,
3604,2009.0,United States,United States,High-income
3605,2017.0,Canada,Canada,High-income
3606,2015.0,Norway,Norway,High-income
3607,2018.0,Not report,,
3608,2013.0,Egypt,Egypt,Lower-middle-income
3609,2010.0,United States,United States,High-income
3610,2005.0,China,China,Lower-middle-income
3611,2000.0,United States,United States,High-income
3612,2020.0,"UK, Israel, Czech Republic",,
3613,1988.0,United States,United States,High-income
3614,2013.0,Not report,,
3615,1992.0,Not report,,
3616,2012.0,United States and Canada,,
3617,2013.0,United States and Canada,,
3618,2011.0,Iran,Iran,Upper-middle-income
3619,2007.0,Iran,Iran,Lower-middle-income
3620,2022.0,Iran,Iran,Lower-middle-income
3622,2019.0,Iran,Iran,Upper-middle-income
3623,1997.0,Nigeria,Nigeria,Low-income
3624,2007.0,Nigeria,Nigeria,Low-income
3625,2008.0,Nigeria,Nigeria,Lower-middle-income
3626,2008.0,Nigeria,Nigeria,Lower-middle-income
3627,2014.0,Nigeria,Nigeria,Lower-middle-income
3628,2007.0,Iran,Iran,Lower-middle-income
3629,1994.0,Italy,Italy,High-income
3630,1982.0,Not report,,
3632,2007.0,Iran,Iran,Lower-middle-income
3633,2012.0,Iran,Iran,Upper-middle-income
3634,2013.0,Iran,Iran,Upper-middle-income
3635,2013.0,Iran,Iran,Upper-middle-income
3636,2013.0,Not report,,
3637,2014.0,Iran,Iran,Upper-middle-income
3638,2014.0,Iran,Iran,Upper-middle-income
3639,2014.0,Iran,Iran,Upper-middle-income
3640,2014.0,Iran,Iran,Upper-middle-income
3641,2014.0,Iran,Iran,Upper-middle-income
3642,2016.0,Iran,Iran,Upper-middle-income
3643,2016.0,Iran,Iran,Upper-middle-income
3644,2018.0,Iran,Iran,Upper-middle-income
3645,2020.0,Iran,Iran,Lower-middle-income
3646,2008.0,Iran,Iran,Lower-middle-income
3648,1978.0,Not report,,
3649,2019.0,Italy,Italy,High-income
3652,2014.0,Iran,Iran,Upper-middle-income
3653,2017.0,Iran,Iran,Upper-middle-income
3655,2017.0,Iran,Iran,Upper-middle-income
3657,2001.0,China,China,Lower-middle-income
3658,2003.0,China,China,Lower-middle-income
3662,1998.0,Not report,,
3663,2007.0,Rwanda,Rwanda,Low-income
3664,2008.0,Rwanda,Rwanda,Low-income
3665,2017.0,Congo,Congo,Lower-middle-income
3666,2021.0,Congo,Congo,Lower-middle-income
3667,1998.0,Not report,,
3670,2018.0,China,China,Upper-middle-income
3671,2019.0,China,China,Upper-middle-income
3673,2022.0,China,China,Upper-middle-income
3675,2013.0,Iran,Iran,Upper-middle-income
3676,2007.0,Iran,Iran,Lower-middle-income
3677,2010.0,Iran,Iran,Upper-middle-income
3679,2017.0,Iran,Iran,Upper-middle-income
3680,2009.0,Iran,Iran,Upper-middle-income
3681,2018.0,Iran,Iran,Upper-middle-income
3682,2021.0,Iran,Iran,Lower-middle-income
3686,2007.0,United States,United States,High-income
3687,2009.0,Not report,,
3690,2014.0,Not report,,
3691,2020.0,Not report,,
3692,2020.0,Iran,Iran,Lower-middle-income
3693,2022.0,Pakistan,Pakistan,Lower-middle-income
3695,2022.0,Egypt,Egypt,Lower-middle-income
3696,2015.0,Iran,Iran,Upper-middle-income
3697,2018.0,Tunisia,Tunisia,Lower-middle-income
3698,2019.0,"Europe, North America, Latin America, Asia Pacific",,
3699,2014.0,Not report,,
3700,2000.0,"UK, South Africa, Yugoslavia, Hungary, Czech Republic",,
3701,2016.0,United States,United States,High-income
3703,2015.0,Egypt,Egypt,Lower-middle-income
3704,2018.0,Australia,Australia,High-income
3705,2023.0,Iran,Iran,Upper-middle-income
3706,1990.0,United States,United States,High-income
3707,2012.0,Iran,Iran,Upper-middle-income
3709,1994.0,Not report,,
3711,2019.0,Iran,Iran,Upper-middle-income
3712,2021.0,Not report,,
3714,2017.0,USA and Europe,,
3716,2012.0,Egypt,Egypt,Lower-middle-income
3717,2018.0,Pakistan,Pakistan,Lower-middle-income
3718,1995.0,Australia,Australia,High-income
3719,1999.0,Australia,Australia,High-income
3720,2022.0,Not report,,
3721,2021.0,Iran,Iran,Lower-middle-income
3722,2011.0,Italy,Italy,High-income
3723,2002.0,Gabon,Gabon,Upper-middle-income
3724,2009.0,Benin,Benin,Low-income
3725,2008.0,Switzerland,Switzerland,High-income
3727,2015.0,Switzerland,Switzerland,High-income
3729,2001.0,France,France,High-income
3730,2021.0,United States,United States,High-income
3731,2019.0,Australia,Australia,High-income
3733,2007.0,Mali,Mali,Low-income
3734,2010.0,Senegal,Senegal,Lower-middle-income
3735,2012.0,"Cameroon, Ivory Coast and Senegal",,
3736,2007.0,France,France,High-income
3737,2007.0,Turkey,Turkey,Upper-middle-income
3738,2014.0,Iran,Iran,Upper-middle-income
3739,2016.0,Iran,Iran,Upper-middle-income
3740,2018.0,Iran,Iran,Upper-middle-income
3741,2020.0,Iran,Iran,Lower-middle-income
3743,2022.0,Iran,Iran,Lower-middle-income
3744,2012.0,Austria,Austria,High-income
3745,2007.0,Iran,Iran,Lower-middle-income
3746,2021.0,United States,United States,High-income
3747,2001.0,United States,United States,High-income
3748,2015.0,Not report,,
3749,1993.0,Not report,,
3751,1999.0,United States,United States,High-income
3752,2007.0,Nigeria,Nigeria,Low-income
3753,2008.0,Nigeria,Nigeria,Lower-middle-income
3754,2010.0,Nigeria,Nigeria,Lower-middle-income
3755,2000.0,Not report,,
3757,1996.0,United States,United States,High-income
3758,2008.0,United States,United States,High-income
3759,1976.0,United States,United States,High-income
3760,1996.0,United States,United States,High-income
3761,1998.0,Not report,,
3762,2016.0,United States,United States,High-income
3763,1964.0,United States,United States,High-income
3764,2013.0,Not report,,
3765,1989.0,Not report,,
3766,1990.0,Not report,,
3767,1999.0,Not report,,
3768,1975.0,Not report,,
3769,1975.0,Not report,,
3770,1982.0,Canada,Canada,High-income
3771,1985.0,United States,United States,High-income
3772,1986.0,United States,United States,High-income
3773,1988.0,Canada,Canada,High-income
3775,1990.0,Canada,Canada,High-income
3776,1999.0,Not report,,
3777,2003.0,"United States, Canada, Sweden, Germany, Poland, France and the United Kingdom",,
3778,2011.0,"North America, European Union, Rest of World",,
3779,2011.0,United States,United States,High-income
3782,2018.0,China,China,Upper-middle-income
3783,2022.0,China,China,Upper-middle-income
3784,2019.0,Denmark,Denmark,High-income
3785,2020.0,Denmark,Denmark,High-income
3786,1988.0,Not report,,
3787,1991.0,Not report,,
3788,2001.0,Not report,,
3789,2022.0,Poland,Poland,High-income
3790,2007.0,Not report,,
3792,2016.0,United States,United States,High-income
3793,1995.0,Not report,,
3795,2012.0,Not report,,
3796,2013.0,Iran,Iran,Upper-middle-income
3797,2020.0,Iran,Iran,Lower-middle-income
3798,1999.0,"Canada, South Africa, Netherlands, Denmark, Finland, Indonesia, Poland",,
3799,2007.0,"Argentina, Belgium, Canada, Chile, Colombia, Greece, Hong Kong, Panama, Portugal, Slovakia, Ukraine",,
3800,2011.0,United States,United States,High-income
3806,2022.0,Not report,,
3808,2012.0,Not report,,
3809,1996.0,Not report,,
3813,2006.0,Sri Lanka,Sri Lanka,Lower-middle-income
3814,1975.0,Not report,,
3816,2020.0,Malawi and Zimbabwe,,
3817,1979.0,Not report,,
3818,2008.0,Italy,Italy,High-income
3820,2015.0,Italy,Italy,High-income
3821,2016.0,Italy,Italy,High-income
3822,1992.0,Not report,,
3823,2014.0,Italy,Italy,High-income
3824,2020.0,Not report,,
3825,2000.0,Not report,,
3826,2007.0,Argentina,Argentina,Upper-middle-income
3827,1998.0,Not report,,
3832,1993.0,Spain,Spain,High-income
3835,1974.0,United States,United States,High-income
3836,1993.0,Not report,,
3838,2001.0,Netherlands,Netherlands,High-income
3839,2007.0,Netherlands,Netherlands,High-income
3840,2007.0,Netherlands,Netherlands,High-income
3841,2008.0,Netherlands,Netherlands,High-income
3842,2022.0,Czech Republic,Czechia,High-income
3843,1997.0,Croatia,Croatia,Upper-middle-income
3844,2020.0,Not report,,
3846,1966.0,UK,United Kingdom,High-income
3847,1982.0,UK,United Kingdom,High-income
3849,2007.0,Australia,Australia,High-income
3850,2001.0,Brazil,Brazil,Upper-middle-income
3851,2002.0,Spain,Spain,High-income
3852,2001.0,Spain,Spain,High-income
3853,1988.0,Not report,,
3854,1993.0,Peru,Peru,Lower-middle-income
3855,2011.0,Turkey,Turkey,Upper-middle-income
3856,2000.0,Finland,Finland,High-income
3857,2005.0,Brazil,Brazil,Lower-middle-income
3858,2019.0,Brazil,Brazil,Upper-middle-income
3859,2020.0,Italy,Italy,High-income
3860,2007.0,Italy,Italy,High-income
3861,2007.0,Italy,Italy,High-income
3862,2013.0,Italy,Italy,High-income
3863,2018.0,Italy,Italy,High-income
3864,2007.0,"Europe (Finland, France, Germany, Italy, Netherlands, Spain, Switzerland)",,
3865,2012.0,Zambia,Zambia,Lower-middle-income
3867,2002.0,Europe,,
3868,2005.0,Europe,,
3869,2003.0,South Africa,South Africa,Lower-middle-income
3870,1997.0,United States,United States,High-income
3871,2000.0,United States,United States,High-income
3872,2001.0,United States,United States,High-income
3876,2006.0,USA,United States,High-income
3877,2007.0,United States,United States,High-income
3878,2007.0,United States,United States,High-income
3879,2008.0,United States and Puerto Rico,,
3880,2009.0,United States,United States,High-income
3882,2009.0,United States,United States,High-income
3884,2010.0,United States,United States,High-income
3885,2010.0,USA,United States,High-income
3886,2011.0,United States,United States,High-income
3887,2012.0,"United States,India,Malaysia,Philippines,Poland,Russian Federation,Serbia,South Africa,Ukraine",,
3890,2013.0,"United States,Colombia,Costa Rica,India,Malaysia,Peru,Russian Federation,Singapore,Ukraine",,
3891,2013.0,USA,United States,High-income
3893,2013.0,United States,United States,High-income
3894,2014.0,United States,United States,High-income
3895,2014.0,United States,United States,High-income
3896,2014.0,"United States,Colombia,India,Mexico,Serbia,South Africa,China",,
3897,2015.0,United States,United States,High-income
3898,2015.0,United States and Russia,,
3899,2015.0,"United States and international (India, Russia, Ukraine, Serbia, Colombia, Romania, South Africa, South Korea, Croatia, Mexico, Philippines, Bosnia-Herzegovina)",,
3902,2017.0,United States,United States,High-income
3903,2017.0,United States,United States,High-income
3904,2019.0,United States,United States,High-income
3905,2020.0,United States and Canada,,
3906,1998.0,Not report,,
3907,1989.0,United states,United States,High-income
3909,1994.0,United States,United States,High-income
3910,1995.0,USA,United States,High-income
3911,2002.0,United States,United States,High-income
3912,2002.0,USA,United States,High-income
3913,2004.0,United States,United States,High-income
3914,2010.0,United States,United States,High-income
3915,2001.0,United States,United States,High-income
3916,2002.0,USA,United States,High-income
3917,2002.0,USA,United States,High-income
3918,2017.0,"United States,Australia,Belgium,Canada,France,Germany,Italy,Japan,Korea, Republic of,Spain,Sweden,Turkey,United Kingdom",,
3919,2021.0,"United States,Australia,Canada,Germany,Ireland,Israel,Sweden,United Kingdom",,
3920,2021.0,USA,United States,High-income
3921,1997.0,United States,United States,High-income
3926,1995.0,United States,United States,High-income
3927,2006.0,Canada,Canada,High-income
3928,1985.0,United States,United States,High-income
3929,1988.0,Italy,Italy,High-income
3930,1994.0,Italy,Italy,High-income
3931,1997.0,Italy,Italy,High-income
3932,2012.0,Italy,Italy,High-income
3934,1981.0,United States,United States,High-income
3935,1998.0,United States,United States,High-income
3937,2016.0,Iran,Iran,Upper-middle-income
3938,2020.0,Iran,Iran,Lower-middle-income
3939,1989.0,Not report,,
3941,2002.0,Turkey,Turkey,Lower-middle-income
3942,1968.0,South Africa,South Africa,Lower-middle-income
3945,2005.0,Australia,Australia,High-income
3946,2016.0,United States,United States,High-income
3947,2001.0,"Europe (UK, France, Germany, Italy etc.)",,
3949,1987.0,Sweden,Sweden,High-income
3950,1998.0,France,France,High-income
3951,2014.0,United States,United States,High-income
3952,2006.0,Belgium,Belgium,High-income
3954,1985.0,United States,United States,High-income
3956,1985.0,United States,United States,High-income
3958,2014.0,United States and France,,
3960,2020.0,United States,United States,High-income
3963,1994.0,United States,United States,High-income
3964,2011.0,United States,United States,High-income
3966,2004.0,United States and Puerto Rico,,
3967,2004.0,USA,United States,High-income
3968,2005.0,United States,United States,High-income
3970,1999.0,Australia,Australia,High-income
3973,2017.0,Netherlands,Netherlands,High-income
3977,1990.0,Israel,Israel,High-income
3978,2016.0,USA,United States,High-income
3980,2004.0,USA,United States,High-income
3981,1984.0,Not report,,
3982,2016.0,Portugal,Portugal,High-income
3983,2015.0,Mexico,Mexico,Upper-middle-income
3984,2015.0,Spain,Spain,High-income
3986,1990.0,Not report,,
3987,2017.0,Switzerland,Switzerland,High-income
3988,1995.0,United States,United States,High-income
3989,2004.0,United States,United States,High-income
3994,2009.0,Not report,,
3996,1985.0,Denmark,Denmark,High-income
3998,2010.0,"Europe, Asia, Mexico, South America",,
3999,2013.0,"South Africa, Tanzania, Uganda, Zimbabwe",,
4000,2001.0,Sweden,Sweden,High-income
4001,2003.0,Sweden,Sweden,High-income
4002,1998.0,China,China,Low-income
4003,1998.0,China,China,Low-income
4004,1999.0,China,China,Lower-middle-income
4005,2002.0,Portugal,Portugal,High-income
4006,2004.0,UK,United Kingdom,High-income
4007,2018.0,Not report,,
4008,1997.0,New Zealand,New Zealand,High-income
4009,2017.0,United States,United States,High-income
4010,2003.0,Brazil,Brazil,Lower-middle-income
4011,2006.0,United States,United States,High-income
4013,1993.0,Australia,Australia,High-income
4015,1986.0,Australia,Australia,High-income
4017,2003.0,UK,United Kingdom,High-income
4018,1987.0,Italy,Italy,High-income
4019,1990.0,United States,United States,High-income
4020,2020.0,Italy,Italy,High-income
4021,2021.0,Brazil,Brazil,Upper-middle-income
4024,1998.0,Mexico,Mexico,Upper-middle-income
4027,1974.0,Not report,,
4028,1984.0,Not report,,
4029,1991.0,Not report,,
4032,1995.0,Germany,Germany,High-income
4033,1992.0,USA,United States,High-income
4035,1986.0,United Kingdom,United Kingdom,High-income
4036,1987.0,England,United Kingdom,High-income
4038,2005.0,"USA, Guatemala, Chile, Costa Rica and India",,
4039,2017.0,Australia,Australia,High-income
4040,2002.0,Belgium,Belgium,High-income
4042,2013.0,USA,United States,High-income
4043,1987.0,Not report,,
4044,1975.0,Australia,Australia,High-income
4045,2004.0,United States,United States,High-income
4046,2007.0,United States,United States,High-income
4047,2014.0,"South Africa, Tanzania, Uganda and Zimbabwe",,
4048,1972.0,Canada,Canada,High-income
4049,1996.0,Not report,,
4050,1999.0,UK,United Kingdom,High-income
4051,2005.0,United States,United States,High-income
4052,2005.0,Haiti,Haiti,Low-income
4054,2016.0,USA,United States,High-income
4055,2018.0,United States,United States,High-income
4056,2021.0,United States,United States,High-income
4057,2022.0,United States,United States,High-income
4058,1977.0,UK,United Kingdom,High-income
4060,2010.0,"France, USA",,
4061,2010.0,United States,United States,High-income
4062,2005.0,Italy,Italy,High-income
4067,1984.0,UK,United Kingdom,High-income
4068,2017.0,UK,United Kingdom,High-income
4069,2018.0,England and Wales,,
4075,1999.0,U.S.A,United States,High-income
4076,2020.0,"U.S., UK, France, Italy",,
4077,2005.0,Ghana,Ghana,Low-income
4079,2007.0,Scotland,United Kingdom,High-income
4080,1993.0,Not report,,
4081,1987.0,Netherlands,Netherlands,High-income
4082,1984.0,Canada,Canada,High-income
4083,2004.0,"Germany, Australia, Austria, Sweden, Belgium",,
4084,2010.0,United States,United States,High-income
4085,2012.0,USA,United States,High-income
4086,2019.0,Not report,,
4087,2006.0,Not report,,
4088,2009.0,Not report,,
4091,1973.0,UK,United Kingdom,High-income
4097,2006.0,United States,United States,High-income
4100,2018.0,Pakistan,Pakistan,Lower-middle-income
4101,2019.0,Pakistan,Pakistan,Lower-middle-income
4103,2002.0,Not report,,
4104,2006.0,Not report,,
4105,1969.0,United States,United States,High-income
4106,2007.0,United States,United States,High-income
4107,2001.0,United States,United States,High-income
4108,1995.0,UK,United Kingdom,High-income
4110,2018.0,Not report,,
4111,2019.0,Not report,,
4112,2000.0,Egypt,Egypt,Lower-middle-income
4113,2004.0,Egypt,Egypt,Lower-middle-income
4114,2008.0,Not report,,
4115,2019.0,Not report,,
4118,2009.0,United States,United States,High-income
4119,1973.0,United States,United States,High-income
4121,2012.0,United States,United States,High-income
4122,2002.0,United States and Canada,,
4123,1991.0,Not report,,
4124,1992.0,Not report,,
4125,2014.0,Not report,,
4126,2015.0,United States,United States,High-income
4127,2001.0,Not report,,
4128,1982.0,Not report,,
4129,1983.0,Not report,,
4130,1992.0,Not report,,
4131,1995.0,Not report,,
4132,2009.0,Not report,,
4133,2003.0,Not report,,
4134,1984.0,Not report,,
4135,2012.0,United States,United States,High-income
4136,1998.0,Not report,,
4137,2011.0,Not report,,
4138,2014.0,Not report,,
4139,2018.0,Not report,,
4140,2019.0,Not report,,
4141,2007.0,UK,United Kingdom,High-income
4142,2014.0,Bangladesh,Bangladesh,Lower-middle-income
4144,2013.0,Not report,,
4145,2020.0,China,China,Upper-middle-income
4146,2020.0,China,China,Upper-middle-income
4152,2013.0,"Spain, France, Turkey, Belgium, Italy, UK, Ireland, Norway) and Mexico",,
4153,1993.0,Not report,,
4154,1995.0,Not report,,
4155,1998.0,Not report,,
4156,1989.0,Not report,,
4157,1996.0,Not report,,
4158,1998.0,Not report,,
4159,1999.0,Not report,,
4160,1999.0,Not report,,
4161,1999.0,Not report,,
4162,1999.0,Not report,,
4163,1999.0,Not report,,
4164,2000.0,Not report,,
4165,2001.0,Not report,,
4166,2002.0,Not report,,
4167,2003.0,Not report,,
4168,2005.0,Not report,,
4169,2010.0,United States,United States,High-income
4172,2014.0,Japan,Japan,High-income
4174,2019.0,Japan,Japan,High-income
4176,2011.0,United States,United States,High-income
4177,2003.0,Italy,Italy,High-income
4178,2001.0,UK,United Kingdom,High-income
4179,1988.0,Gambia,Gambia,Low-income
4180,2008.0,China,China,Lower-middle-income
4181,2018.0,China,China,Upper-middle-income
4182,2000.0,Germany,Germany,High-income
4183,2008.0,Not report,,
4184,1994.0,Canada,Canada,High-income
4185,1994.0,Not report,,
4186,1997.0,Not report,,
4187,1994.0,Not report,,
4188,1996.0,Not report,,
4189,2022.0,India,India,Lower-middle-income
4190,1983.0,Not report,,
4191,1988.0,Not report,,
4192,1994.0,Japan,Japan,High-income
4193,2002.0,Japan,Japan,High-income
4195,2019.0,Japan,Japan,High-income
4197,2009.0,Not report,,
4198,2020.0,Israel,Israel,High-income
4199,2014.0,Not report,,
4201,1997.0,Not report,,
4203,1993.0,Not report,,
4206,2012.0,United States,United States,High-income
4209,2019.0,Israel,Israel,High-income
4210,2010.0,Not report,,
4211,2022.0,"Australia, New Zealand, Malaysia",,
4212,2004.0,Not report,,
4213,2008.0,Not report,,
4215,1995.0,Not report,,
4216,2001.0,Not report,,
4217,2013.0,Not report,,
4218,1994.0,Egypt,Egypt,Low-income
4219,2014.0,United States,United States,High-income
4220,1990.0,Not report,,
4221,2002.0,Not report,,
4222,2007.0,Not report,,
4223,2008.0,Not report,,
4224,2011.0,Not report,,
4225,2016.0,United States,United States,High-income
4226,2002.0,United States,United States,High-income
4228,2022.0,Canada,Canada,High-income
4232,1999.0,Germany,Germany,High-income
4233,2000.0,Not report,,
4234,2005.0,Not report,,
4235,2003.0,United States,United States,High-income
4236,2008.0,Not report,,
4238,1980.0,Australia,Australia,High-income
4239,2013.0,"Bulgaria, Estonia, Latvia, Lithuania, Romania, Russia, Egypt, India",,
4240,2000.0,Not report,,
4241,2001.0,United States,United States,High-income
4242,2001.0,Not report,,
4243,2012.0,United States,United States,High-income
4245,2007.0,Mexico,Mexico,Upper-middle-income
4246,2006.0,Not report,,
4249,2013.0,Turkey,Turkey,Upper-middle-income
4250,1987.0,United States,United States,High-income
4251,1991.0,United States,United States,High-income
4252,2016.0,China,China,Upper-middle-income
4253,2017.0,China,China,Upper-middle-income
4255,2020.0,United States,United States,High-income
4256,2012.0,Not report,,
4258,2008.0,United States,United States,High-income
4260,2014.0,Albania,Albania,Upper-middle-income
4261,2003.0,Not report,,
4262,2021.0,Burkina Faso,Burkina Faso,Low-income
4263,2013.0,Uganda,Uganda,Low-income
4264,2010.0,China,China,Upper-middle-income
4265,2015.0,China,China,Upper-middle-income
4267,2016.0,China,China,Upper-middle-income
4268,2018.0,China,China,Upper-middle-income
4269,2022.0,China,China,Upper-middle-income
4271,1997.0,Not report,,
4272,2009.0,Germany,Germany,High-income
4276,2001.0,United States,United States,High-income
4277,2013.0,United States,United States,High-income
4279,2005.0,"Asia, Africa, North America, and South America",,
4281,2014.0,Not report,,
4283,2009.0,Not report,,
4284,2006.0,Mexico,Mexico,Upper-middle-income
4285,1987.0,Not report,,
4286,2018.0,South African,South Africa,Upper-middle-income
4287,2018.0,Not report,,
4288,1975.0,Not report,,
4289,1975.0,Not report,,
4290,1981.0,Canada,Canada,High-income
4291,1983.0,Not report,,
4292,2019.0,United States,United States,High-income
4293,1988.0,United States,United States,High-income
4294,2002.0,kenya,Kenya,Low-income
4295,2014.0,India,India,Lower-middle-income
4296,2014.0,India,India,Lower-middle-income
4297,2021.0,Not report,,
4298,2018.0,"Mozambique, Burkina Faso, The Gambia, Democratic Republic of Congo, Tanzania",,
4299,2020.0,Italy,Italy,High-income
4300,2017.0,Mexico,Mexico,Upper-middle-income
4301,2006.0,"United States, Chile, Spain",,
4302,2018.0,Italy,Italy,High-income
4303,1999.0,United States,United States,High-income
4307,2019.0,Brazil,Brazil,Upper-middle-income
4308,1998.0,New Zealand,New Zealand,High-income
4309,2004.0,United States,United States,High-income
4310,2006.0,Not report,,
4311,2003.0,Not report,,
4312,1987.0,Not report,,
4313,1999.0,United States,United States,High-income
4314,2005.0,United States,United States,High-income
4316,1982.0,Not report,,
4317,2021.0,Angola,Angola,Lower-middle-income
4318,2022.0,Angola,Angola,Lower-middle-income
4319,1986.0,Not report,,
4320,2006.0,Not report,,
4321,2010.0,Not report,,
4322,2011.0,India,India,Lower-middle-income
4323,2012.0,India,India,Lower-middle-income
4324,2012.0,India,India,Lower-middle-income
4325,2013.0,India,India,Lower-middle-income
4326,2005.0,Italy,Italy,High-income
4327,2006.0,China,China,Lower-middle-income
4328,2007.0,China,China,Lower-middle-income
4330,2022.0,Not report,,
4331,1992.0,Not report,,
4332,2011.0,UK,United Kingdom,High-income
4333,2019.0,UK,United Kingdom,High-income
4334,2007.0,Nepal,Nepal,Low-income
4335,2020.0,Not report,,
4336,2016.0,Republic of Macedonia,North Macedonia,Upper-middle-income
4337,1999.0,Not report,,
4339,2017.0,Poland,Poland,High-income
4340,2007.0,Not report,,
4341,2014.0,Not report,,
4343,2015.0,Poland,Poland,High-income
4344,2004.0,UK,United Kingdom,High-income
4345,2007.0,UK,United Kingdom,High-income
4346,2011.0,Nigeria,Nigeria,Lower-middle-income
4348,1999.0,Not report,,
4349,2013.0,Not report,,
4351,1995.0,Australia,Australia,High-income
4352,1996.0,Australia,Australia,High-income
4353,2005.0,Australia,Australia,High-income
4354,1998.0,Netherlands,Netherlands,High-income
4355,1990.0,United States,United States,High-income
4356,1990.0,Not report,,
4357,1994.0,Not report,,
4358,1994.0,France and Finland,,
4359,2011.0,Not report,,
4360,2015.0,United States,United States,High-income
4361,2016.0,Netherlands,Netherlands,High-income
4363,2014.0,Not report,,
4364,1997.0,Not report,,
4365,2006.0,"USA, Mexico and Poland",,
4366,2020.0,Not report,,
4367,1992.0,Not report,,
4368,1960.0,Not report,,
4369,1992.0,Not report,,
4372,2001.0,Not report,,
4373,2003.0,Not report,,
4374,2004.0,United States and Canada,,
4375,2007.0,United States,United States,High-income
4376,2012.0,United States,United States,High-income
4377,2013.0,Germany,Germany,High-income
4378,2014.0,Germany,Germany,High-income
4379,2014.0,United States,United States,High-income
4380,2009.0,United States,United States,High-income
4381,2019.0,Not report,,
4382,2021.0,Spain,Spain,High-income
4383,2009.0,Italy,Italy,High-income
4384,2009.0,Italy,Italy,High-income
4385,2008.0,Not report,,
4386,2003.0,Turkey,Turkey,Lower-middle-income
4389,2007.0,Not report,,
4390,1980.0,USA and Latin America,,
4391,2018.0,India,India,Lower-middle-income
4392,2020.0,United States,United States,High-income
4393,2014.0,United States,United States,High-income
4394,2012.0,Not report,,
4395,2021.0,Russia and Kazakhstan,,
4396,2009.0,United States,United States,High-income
4397,2015.0,United States,United States,High-income
4398,2019.0,United States,United States,High-income
4399,2003.0,Not report,,
4403,1985.0,United States,United States,High-income
4405,1999.0,United States,United States,High-income
4406,2008.0,Israel,Israel,High-income
4407,2008.0,Not report,,
4408,1983.0,United States,United States,High-income
4410,1994.0,Denmark,Denmark,High-income
4411,1997.0,Germany,Germany,High-income
4412,2005.0,United States,United States,High-income
4414,2005.0,United States,United States,High-income
4415,2013.0,Iran,Iran,Upper-middle-income
4416,2019.0,Iran,Iran,Upper-middle-income
4417,2019.0,Iran,Iran,Upper-middle-income
4418,1999.0,United States,United States,High-income
4419,2000.0,United States,United States,High-income
4420,2002.0,United States,United States,High-income
4421,2020.0,Pakistan,Pakistan,Lower-middle-income
4422,1978.0,Pakistan,Pakistan,Low-income
4423,2019.0,Iran,Iran,Upper-middle-income
4424,2022.0,Iran,Iran,Lower-middle-income
4425,2020.0,Iran,Iran,Lower-middle-income
4426,2005.0,India,India,Low-income
4427,2009.0,India,India,Lower-middle-income
4428,2009.0,India,India,Lower-middle-income
4429,2010.0,Not report,,
4431,2016.0,India,India,Lower-middle-income
4432,2018.0,Iran,Iran,Upper-middle-income
4433,2012.0,Iran,Iran,Upper-middle-income
4434,2013.0,Iran,Iran,Upper-middle-income
4435,2013.0,Iran,Iran,Upper-middle-income
4436,2015.0,Iran,Iran,Upper-middle-income
4437,2016.0,Iran,Iran,Upper-middle-income
4438,2011.0,United States,United States,High-income
4439,2021.0,Iran,Iran,Lower-middle-income
4441,2018.0,Iran,Iran,Upper-middle-income
4442,2012.0,Iran,Iran,Upper-middle-income
4443,2013.0,Iran,Iran,Upper-middle-income
4444,2013.0,Iran,Iran,Upper-middle-income
4445,2013.0,Iran,Iran,Upper-middle-income
4446,2015.0,Iran,Iran,Upper-middle-income
4447,2013.0,Iran,Iran,Upper-middle-income
4448,2013.0,Iran,Iran,Upper-middle-income
4449,2016.0,Iran,Iran,Upper-middle-income
4450,2017.0,Iran,Iran,Upper-middle-income
4451,2007.0,Australia,Australia,High-income
4452,2015.0,Iran,Iran,Upper-middle-income
4453,2014.0,Iran,Iran,Upper-middle-income
4454,2015.0,Iran,Iran,Upper-middle-income
4455,2009.0,Iran,Iran,Upper-middle-income
4456,2012.0,Iran,Iran,Upper-middle-income
4457,2016.0,Iran,Iran,Upper-middle-income
4458,2020.0,Iran,Iran,Lower-middle-income
4459,2021.0,Iran,Iran,Lower-middle-income
4461,2021.0,Iran,Iran,Lower-middle-income
4462,2022.0,Iran,Iran,Lower-middle-income
4463,2017.0,Kenya,Kenya,Lower-middle-income
4464,2001.0,Not report,,
4465,2016.0,Iran,Iran,Upper-middle-income
4466,2020.0,Iran,Iran,Lower-middle-income
4467,2012.0,Not report,,
4468,2019.0,Iran,Iran,Upper-middle-income
4469,2023.0,Egypt,Egypt,Lower-middle-income
4470,2012.0,Iran,Iran,Upper-middle-income
4471,2016.0,Iran,Iran,Upper-middle-income
4473,2018.0,Iran,Iran,Upper-middle-income
4474,2005.0,Not report,,
4475,2013.0,Italy,Italy,High-income
4476,2002.0,Italy,Italy,High-income
4477,2018.0,Egypt,Egypt,Lower-middle-income
4478,2021.0,India,India,Lower-middle-income
4479,2018.0,Iran,Iran,Upper-middle-income
4480,2019.0,Iran,Iran,Upper-middle-income
4481,2018.0,Not report,,
4482,2016.0,Iran,Iran,Upper-middle-income
4483,2015.0,Egypt,Egypt,Lower-middle-income
4484,2015.0,Egypt,Egypt,Lower-middle-income
4487,2011.0,India,India,Lower-middle-income
4489,2021.0,UK,United Kingdom,High-income
4490,2022.0,Not report,,
4491,2007.0,United States,United States,High-income
4492,2009.0,United States,United States,High-income
4493,1995.0,UK and Italy,,
4494,2016.0,United States,United States,High-income
4495,1996.0,Gambia,Gambia,Low-income
4497,2019.0,"Argentina, Belgium, Brazil, Czech Republic, Denmark, France, Germany, Greece, Israel, Italy, La Reunion, Latvia, Mexico, Netherlands, Norway, Serbia, Slovakia, Slovenia, Sweden, United Kingdom, USA, Venezuela",,
4498,1993.0,Not report,,
4499,2002.0,Greece,Greece,High-income
4501,1988.0,United States and Union of Soviet Socialist Republics,,
4502,1990.0,United States and Union of Soviet Socialist Republics,,
4503,1990.0,Not report,,
4504,1992.0,United States and the Soviet Union,,
4505,2001.0,Not report,,
4506,2002.0,Not report,,
4508,1988.0,Not report,,
4509,1990.0,Not report,,
4510,1990.0,Not report,,
4511,1990.0,UK,United Kingdom,High-income
4512,1990.0,UK,United Kingdom,High-income
4514,2004.0,Australia,Australia,High-income
4515,2011.0,Not report,,
4516,2003.0,United States,United States,High-income
4517,2011.0,"United Kingdom, Eire ,the Netherlands and New Zealand",,
4519,2020.0,Not report,,
4520,2015.0,Not report,,
4522,1984.0,United States,United States,High-income
4523,1990.0,Not report,,
4524,2009.0,Belgium,Belgium,High-income
4525,2012.0,Belgium,Belgium,High-income
4526,1996.0,Not report,,
4527,2012.0,Belgium and Luxembourg,,
4528,1995.0,Not report,,
4530,2002.0,United States,United States,High-income
4531,2003.0,Sao Tome and Principe,,
4536,2000.0,United States,United States,High-income
4537,2003.0,United States,United States,High-income
4538,2004.0,United States,United States,High-income
4539,2006.0,United States,United States,High-income
4542,2018.0,Not report,,
4543,2019.0,England,United Kingdom,High-income
4544,2023.0,"United States, Canada, Germany, France and Poland",,
4545,2007.0,Not report,,
4546,2015.0,"International (Belgium, France, Italy, United States)",,
4548,2014.0,Not report,,
4549,2020.0,South African,South Africa,Upper-middle-income
4550,1994.0,United States,United States,High-income
4551,1997.0,Sweden,Sweden,High-income
4552,1996.0,Not report,,
4553,1986.0,Not report,,
4554,2002.0,United States,United States,High-income
4555,2012.0,Not report,,
4556,1995.0,Not report,,
4557,1994.0,United States,United States,High-income
4558,2022.0,Not report,,
4560,2019.0,Spain,Spain,High-income
4561,1980.0,United States,United States,High-income
4562,1981.0,United States,United States,High-income
4563,1984.0,United States,United States,High-income
4564,1987.0,United States,United States,High-income
4565,2011.0,Not report,,
4566,2020.0,Malawi,Malawi,Low-income
4567,1998.0,Italy,Italy,High-income
4568,2023.0,Not report,,
4569,2023.0,Not report,,
4570,1994.0,Italy,Italy,High-income
4572,2010.0,Italy,Italy,High-income
4573,1995.0,Italy,Italy,High-income
4574,1993.0,Not report,,
4576,2015.0,Not report,,
4577,2008.0,Not report,,
4580,2015.0,India,India,Lower-middle-income
4581,1976.0,Not report,,
4582,1976.0,Not report,,
4583,1983.0,Not report,,
4584,1976.0,Not report,,
4585,2007.0,UK,United Kingdom,High-income
4586,2004.0,Italy,Italy,High-income
4588,2004.0,Italy,Italy,High-income
4589,2012.0,Italy,Italy,High-income
4590,2016.0,Italy,Italy,High-income
4592,2016.0,Not report,,
4594,1991.0,Not report,,
4595,1995.0,Not report,,
4596,1997.0,Not report,,
4597,2002.0,Cuba,Cuba,Lower-middle-income
4598,2005.0,Not report,,
4599,2002.0,United States,United States,High-income
4601,1981.0,Not report,,
4603,2023.0,Not report,,
4604,2009.0,United States,United States,High-income
4607,2006.0,United States and Canada,,
4608,2007.0,"United States, Canada, Europe and South America",,
4609,2015.0,United States,United States,High-income
4610,2013.0,United States,United States,High-income
4612,2019.0,United States,United States,High-income
4613,2009.0,The Netherlands and Belgium,,
4614,1998.0,Not report,,
4615,1990.0,UK,United Kingdom,High-income
4616,1998.0,Not report,,
4617,1988.0,Not report,,
4618,2015.0,Côte d'Ivoire,Cote d'Ivoire,Lower-middle-income
4620,2017.0,European,,
4621,1980.0,Not report,,
4623,2021.0,Egypt,Egypt,Lower-middle-income
4624,1997.0,Not report,,
4625,1976.0,Not report,,
4627,2010.0,USA,United States,High-income
4628,1991.0,UK,United Kingdom,High-income
4629,2014.0,Brazil,Brazil,Upper-middle-income
4630,2005.0,Not report,,
4631,2008.0,India,India,Lower-middle-income
4632,2014.0,Not report,,
4633,2017.0,"Argentina, Belgium, Brazil, Canada, Chile, Czech Republic, Denmark, France, Germany, Italy, Japan, Korea, Netherlands, Norway, Poland, Russian Federation, Spain, Taiwan, Turkey",,
4634,2001.0,Not report,,
4635,2003.0,India,India,Low-income
4636,2002.0,United States,United States,High-income
4637,2001.0,Turkey,Turkey,Lower-middle-income
4638,2001.0,Ghana,Ghana,Low-income
4640,2021.0,Turkey,Turkey,Upper-middle-income
4641,2011.0,Turkey,Turkey,Upper-middle-income
4642,2012.0,Turkey,Turkey,Upper-middle-income
4643,2013.0,Turkey,Turkey,Upper-middle-income
4645,2007.0,"Canada, France, Italy, United States",,
4646,2012.0,Not report,,
4647,1986.0,United States,United States,High-income
4648,2002.0,Not report,,
4649,2019.0,North America and Republic of Korea,,
4650,1998.0,US.Chile.,,
4651,2005.0,Not report,,
4653,1987.0,Not report,,
4654,1988.0,Not report,,
4655,2001.0,United States,United States,High-income
4656,2003.0,Spain,Spain,High-income
4659,2013.0,Canada,Canada,High-income
4661,2017.0,"United States, Ukraine, Russia, Bulgaria, Romania, Colombia, Mexico, Poland, Philippines, Korea, Malaysia, Spain, France and Hungary",,
4669,2004.0,Not report,,
4670,2020.0,Iran,Iran,Lower-middle-income
4671,2013.0,Iran,Iran,Upper-middle-income
4673,1996.0,Not report,,
4674,2014.0,Iran,Iran,Upper-middle-income
4676,2007.0,Not report,,
4677,2016.0,India,India,Lower-middle-income
4678,2022.0,India,India,Lower-middle-income
4679,2010.0,Tanzania,Tanzania,Low-income
4680,2011.0,Brazil,Brazil,Upper-middle-income
4681,2015.0,Not report,,
4682,2017.0,Brazil,Brazil,Upper-middle-income
4683,1998.0,Brazil,Brazil,Upper-middle-income
4684,2003.0,Ecuador,Ecuador,Lower-middle-income
4685,2012.0,Mexico,Mexico,Upper-middle-income
4686,2016.0,Spain,Spain,High-income
4688,2016.0,Burkina Faso,Burkina Faso,Low-income
4689,2015.0,China,China,Upper-middle-income
4690,2015.0,China,China,Upper-middle-income
4692,2016.0,Not report,,
4693,2019.0,China,China,Upper-middle-income
4695,2009.0,Not report,,
4696,2016.0,United States,United States,High-income
4697,2010.0,United States,United States,High-income
4698,2015.0,Mexico,Mexico,Upper-middle-income
4699,2004.0,Not report,,
4700,2011.0,United States,United States,High-income
4701,2018.0,United States,United States,High-income
4702,2020.0,Italy,Italy,High-income
4703,1993.0,United States,United States,High-income
4705,1995.0,United States,United States,High-income
4706,1999.0,United States,United States,High-income
4707,2015.0,"International (Europe, Americas, Asia)",,
4708,1996.0,Not report,,
4709,1999.0,United States,United States,High-income
4712,2007.0,UK,United Kingdom,High-income
4713,1985.0,United States,United States,High-income
4714,2022.0,India,India,Lower-middle-income
4715,1983.0,India,India,Low-income
4716,2011.0,Germany,Germany,High-income
4717,1998.0,United States,United States,High-income
4718,1992.0,Zambia,Zambia,Low-income
4719,1992.0,Not report,,
4721,2007.0,Not report,,
4722,2016.0,Not report,,
4724,2009.0,Not report,,
4726,2001.0,Poland,Poland,Upper-middle-income
4728,1992.0,United States,United States,High-income
4729,2019.0,UK,United Kingdom,High-income
4730,2023.0,Russia,Russia,High-income
4731,2015.0,Netherlands,Netherlands,High-income
4732,1991.0,Germany,Germany,High-income
4733,2009.0,Tanzania,Tanzania,Low-income
4734,2009.0,Bangladesh,Bangladesh,Low-income
4735,1968.0,Not report,,
4736,2012.0,Japan,Japan,High-income
4738,1998.0,United States,United States,High-income
4741,1994.0,Sweden,Sweden,High-income
4742,2001.0,France,France,High-income
4743,2007.0,Not report,,
4745,1987.0,Not report,,
4746,2012.0,Not report,,
4748,1957.0,UK,United Kingdom,High-income
4749,2004.0,Not report,,
4750,2010.0,Not report,,
4751,2020.0,Greece,Greece,High-income
4752,2021.0,USA,United States,High-income
4754,2004.0,Not report,,
4755,1993.0,Not report,,
4756,1994.0,Not report,,
4757,2017.0,India,India,Lower-middle-income
4758,1981.0,Australia,Australia,High-income
4759,2018.0,India,India,Lower-middle-income
4760,2019.0,Not report,,
4761,2022.0,India,India,Lower-middle-income
4763,2016.0,India,India,Lower-middle-income
4764,2016.0,India,India,Lower-middle-income
4766,2018.0,Australia and New Zealand,,
4767,2019.0,"Australia, New Zealand",,
4768,2021.0,India,India,Lower-middle-income
4769,1984.0,India,India,Low-income
4773,2002.0,Sweden,Sweden,High-income
4774,2005.0,Sweden,Sweden,High-income
4775,2007.0,Denmark,Denmark,High-income
4776,2007.0,Denmark,Denmark,High-income
4777,2010.0,Not report,,
4779,1979.0,Sweden,Sweden,High-income
4780,1980.0,Sweden,Sweden,High-income
4781,1985.0,Not report,,
4782,1990.0,Not report,,
4783,2001.0,United States,United States,High-income
4786,1958.0,Not report,,
4787,1996.0,United States,United States,High-income
4788,2008.0,Australia,Australia,High-income
4789,2011.0,Not report,,
4790,2013.0,Not report,,
4791,2019.0,North America,,
4792,1986.0,United States,United States,High-income
4794,2015.0,"Argentina, Czech Republic, Germany, Hong Kong, Israel, Italy, Russia, Spain, Taiwan, Thailand, UK, USA)",,
4795,2008.0,Sweden,Sweden,High-income
4797,1997.0,France,France,High-income
4798,2002.0,Uganda,Uganda,Low-income
4799,2014.0,United States,United States,High-income
4800,2022.0,Burkina Faso and Mali,,
4801,2013.0,France,France,High-income
4802,2014.0,Australia,Australia,High-income
4803,2016.0,Canada,Canada,High-income
4804,2002.0,Not report,,
4805,2005.0,Not report,,
4808,2005.0,South Africa,South Africa,Upper-middle-income
4809,2011.0,Australia,Australia,High-income
4810,2012.0,Not report,,
4811,2014.0,South Africa,South Africa,Upper-middle-income
4812,2020.0,"USA, Russia, South Korea, China, Canada, Georgia",,
4813,2010.0,Mali,Mali,Low-income
4814,2009.0,Italy,Italy,High-income
4815,1988.0,United States,United States,High-income
4817,1994.0,Not report,,
4818,1992.0,Not report,,
4819,1990.0,Not report,,
4820,1991.0,Not report,,
4821,1992.0,United States,United States,High-income
4822,1996.0,Not report,,
4823,1997.0,Not report,,
4824,1998.0,Not report,,
4825,1998.0,Not report,,
4826,2000.0,Not report,,
4827,2005.0,Not report,,
4829,2007.0,"Europe (Belgium, Brazil, France, Germany, Ireland, Italy, Portugal, Spain, UK)",,
4830,2011.0,Israel,Israel,High-income
4831,2007.0,United States,United States,High-income
4832,2005.0,United States and Poland,,
4833,1981.0,Bangladesh,Bangladesh,Low-income
4834,1995.0,Not report,,
4835,2008.0,Not report,,
4836,1983.0,Not report,,
4837,2003.0,United States,United States,High-income
4838,2001.0,United States and Canada,,
4839,2002.0,United States,United States,High-income
4840,2006.0,United States,United States,High-income
4841,2006.0,United States,United States,High-income
4842,2006.0,United States,United States,High-income
4844,1984.0,UK,United Kingdom,High-income
4845,1985.0,Not report,,
4846,1986.0,Not report,,
4847,1988.0,Not report,,
4849,1993.0,Not report,,
4850,1993.0,UK,United Kingdom,High-income
4851,1995.0,Not report,,
4853,2020.0,Not report,,
4854,1989.0,Gambia,Gambia,Low-income
4855,2004.0,Not report,,
4856,2009.0,Not report,,
4857,1996.0,"Spain, Italy, England",,
4858,1996.0,Not report,,
4859,2009.0,North America,,
4860,1998.0,Not report,,
4861,2018.0,Germany and Switzerland,,
4862,2016.0,Not report,,
4864,2002.0,Not report,,
4865,2018.0,"USA, Poland, Portugal, Mexico",,
4866,2006.0,Europe,,
4867,2010.0,Not report,,
4869,2009.0,Canada,Canada,High-income
4870,2015.0,Not report,,
4871,2016.0,France,France,High-income
4873,2000.0,Not report,,
4874,1995.0,Not report,,
4875,2022.0,Not report,,
4877,1994.0,United States,United States,High-income
4878,2004.0,United States,United States,High-income
4879,2005.0,United States,United States,High-income
4880,2020.0,Not report,,
4881,1998.0,Not report,,
4882,1993.0,Canada,Canada,High-income
4883,1997.0,UK,United Kingdom,High-income
4884,2018.0,Australia ,Australia,High-income
4885,1990.0,Not report,,
4886,1991.0,"Canada(Edmonton,) and United States(New York, Columbus, Missouri, Tennessee)",,
4887,2016.0,United States and Canada,,
4889,2018.0,"Australia, Austria, Belgium, Canada, Czech Republic, Denmark, France, Hungary, Italy, the Netherlands, Poland, Spain, Sweden, and the United Kingdom.",,
4890,2007.0,Not report,,
4891,2004.0,"Europe(Austria, Belgium, Czech Republic, Denmark, France, Greece, Hungary, Italy, the Netherlands, Norway, Poland, Portugal, Spain, Switzerland, UK), Asia(China, Singapore, Thailand), Central/South America(Ecuador, Mexico), Africa(South Africa)",,
4892,1983.0,Not report,,
4893,1981.0,Not report,,
4894,1965.0,Yugoslavia,,
4895,2017.0,United States and Europe,,
4896,2011.0,Italy,Italy,High-income
4897,2012.0,England and Wales,,
4898,1981.0,Finland,Finland,High-income
4900,2012.0,Canada,Canada,High-income
4901,2006.0,Canada,Canada,High-income
4902,2006.0,Canada,Canada,High-income
4903,2013.0,Canada,Canada,High-income
4904,2013.0,Canada,Canada,High-income
4905,2007.0,Gabon,Gabon,Upper-middle-income
4906,2021.0,Poland,Poland,High-income
4907,2002.0,Netherlands,Netherlands,High-income
4908,1981.0,Not report,,
4909,1997.0,Not report,,
4910,2020.0,United States,United States,High-income
4911,1993.0,Germany,Germany,High-income
4912,1993.0,Germany,Germany,High-income
4913,1992.0,Not report,,
4916,1997.0,Not report,,
4917,2006.0,Not report,,
4918,2012.0,Germany,Germany,High-income
4919,2020.0,Germany,Germany,High-income
4920,2019.0,Sweden,Sweden,High-income
4921,2008.0,Not report,,
4922,2002.0,Israel,Israel,High-income
4923,2006.0,Netherlands,Netherlands,High-income
4924,1990.0,Not report,,
4925,2001.0,Not report,,
4926,2006.0,Canada,Canada,High-income
4928,1988.0,Not report,,
4929,1977.0,Not report,,
4930,1994.0,United States,United States,High-income
4931,1994.0,Not report,,
4932,1976.0,Not report,,
4933,2017.0,"Europe (Netherlands, Belgium, France, Italy, Poland), India",,
4934,1978.0,Not report,,
4937,2008.0,Not report,,
4938,2014.0,Not report,,
4939,2022.0,China,China,Upper-middle-income
4940,2007.0,Mexico,Mexico,Upper-middle-income
4944,1998.0,Not report,,
4945,2011.0,Not report,,
4948,2001.0,Italy,Italy,High-income
4949,2010.0,Australia,Australia,High-income
4950,2014.0,Australia ,Australia,High-income
4951,2023.0,Australia ,Australia,High-income
4952,1989.0,Not report,,
4953,2022.0,Germany,Germany,High-income
4954,2017.0,Sweden,Sweden,High-income
4957,1999.0,Canada,Canada,High-income
4960,1997.0,Brazil and Argentina,,
4961,2013.0,Europe and India,,
4962,2014.0,"Europe (Belgium, Estonia, France, Hungary, Italy, Latvia, Poland, Spain, Ukraine, United Kingdom)",,
4964,1995.0,Ecuador,Ecuador,Lower-middle-income
4965,2006.0,Not report,,
4966,2011.0,Not report,,
4969,2022.0,"Canada, Germany, Italy, UK, US",,
4970,2022.0,Not report,,
4972,2006.0,Not report,,
4973,1986.0,United States,United States,High-income
4975,2017.0,Not report,,
4976,2013.0,Not report,,
4977,2010.0,Not report,,
4978,2011.0,Not report,,
4979,2012.0,Not report,,
4983,2021.0,India,India,Lower-middle-income
4984,2014.0,Not report,,
4985,2019.0,Turkey,Turkey,Upper-middle-income
4986,2005.0,Switzerland,Switzerland,High-income
4988,2002.0,USA,United States,High-income
4989,2009.0,"Canada, France, Italy, and the United States",,
4990,2019.0,India,India,Lower-middle-income
4991,2015.0,Indonesia,Indonesia,Lower-middle-income
4993,2022.0,India,India,Lower-middle-income
4994,2001.0,Not report,,
4995,2020.0,India,India,Lower-middle-income
4996,2004.0,Not report,,
4997,2007.0,Turkey,Turkey,Upper-middle-income
5000,2016.0,Not report,,
5001,1991.0,Not report,,
5002,1995.0,United States,United States,High-income
5004,2000.0,Not report,,
5005,2010.0,Not report,,
5006,1988.0,China,China,Low-income
5009,2017.0,China,China,Upper-middle-income
5011,2018.0,India,India,Lower-middle-income
5013,1982.0,Guatemala,Guatemala,Lower-middle-income
5014,2000.0,United States,United States,High-income
5015,2001.0,Canada and South Africa,,
5016,2001.0,Not report,,
5017,2004.0,India,India,Low-income
5018,2004.0,India,India,Low-income
5019,2004.0,India,India,Low-income
5020,2004.0,India,India,Low-income
5021,2005.0,India,India,Low-income
5022,2006.0,Not report,,
5023,2007.0,Not report,,
5024,2008.0,Not report,,
5025,2008.0,India,India,Lower-middle-income
5026,2009.0,India,India,Lower-middle-income
5027,2009.0,Not report,,
5028,2009.0,Not report,,
5029,2012.0,Not report,,
5030,2013.0,Not report,,
5033,2015.0,Not report,,
5034,2014.0,Not report,,
5035,2016.0,India,India,Lower-middle-income
5036,2016.0,Not report,,
5038,2017.0,Not report,,
5039,2017.0,India,India,Lower-middle-income
5040,2017.0,Not report,,
5041,2020.0,Not report,,
5042,2020.0,India,India,Lower-middle-income
5043,2021.0,Not report,,
5045,2021.0,India,India,Lower-middle-income
5047,2022.0,India,India,Lower-middle-income
5048,2022.0,United States,United States,High-income
5049,2021.0,Turkey,Turkey,Upper-middle-income
5050,1999.0,Turkey,Turkey,Lower-middle-income
5051,1999.0,Not report,,
5052,2002.0,Not report,,
5054,2013.0,United States,United States,High-income
5055,2000.0,United States,United States,High-income
5056,2006.0,Angola,Angola,Lower-middle-income
5057,1994.0,Uruguay,Uruguay,Upper-middle-income
5060,2001.0,Mexico,Mexico,Upper-middle-income
5061,2006.0,"Graz, Austria",,
5062,1992.0,Not report,,
5063,2006.0,Turkey,Turkey,Upper-middle-income
5064,2018.0,Turkey,Turkey,Upper-middle-income
5066,1997.0,Not report,,
5067,2016.0,Not report,,
5068,2018.0,Not report,,
5069,2015.0,Turkey,Turkey,Upper-middle-income
5070,2019.0,Australia ,Australia,High-income
5071,2013.0,kenya,Kenya,Low-income
5072,1991.0,Not report,,
5073,2013.0,Not report,,
5075,2019.0,Not report,,
5076,1996.0,Tanzania,Tanzania,Low-income
5077,1988.0,Not report,,
5078,1994.0,Not report,,
5079,1983.0,Not report,,
5080,1996.0,Not report,,
5082,2009.0,United States,United States,High-income
5083,2009.0,"Belgium, Bulgaria, Czech Republic, Estonia, Germany, Poland, Romania, USA",,
5084,2009.0,"India, Russia, Ukraine, United States",,
5085,1996.0,Not report,,
5087,1993.0,Not report,,
5088,2012.0,Iran,Iran,Upper-middle-income
5089,2017.0,Iran,Iran,Upper-middle-income
5090,2019.0,Iran,Iran,Upper-middle-income
5092,1996.0,Not report,,
5093,1997.0,Not report,,
5094,2003.0,Not report,,
5095,2003.0,Poland,Poland,Upper-middle-income
5096,2017.0,Israel,Israel,High-income
5097,2020.0,Israel,Israel,High-income
5098,2013.0,"United States, Belgium, Denmark, France, Italy, Poland, Israel, South Africa, India",,
5099,2014.0,Iran,Iran,Upper-middle-income
5100,2020.0,Iran,Iran,Lower-middle-income
5101,2015.0,Jordan,Jordan,Upper-middle-income
5102,2015.0,Not report,,
5103,1996.0,Indonesia,Indonesia,Lower-middle-income
5104,1996.0,Indonesia,Indonesia,Lower-middle-income
5105,1990.0,South African,South Africa,Upper-middle-income
5106,1984.0,South African,South Africa,Lower-middle-income
5107,2019.0,Switzerland,Switzerland,High-income
5108,2013.0,Egypt,Egypt,Lower-middle-income
5109,2020.0,Egypt,Egypt,Lower-middle-income
5110,2016.0,Egypt,Egypt,Lower-middle-income
5111,2017.0,Sweden,Sweden,High-income
5112,2002.0,Not report,,
5114,2022.0,"Australia, Canada, China, Israel, Poland, Portugal, Spain, USA",,
5115,2000.0,Not report,,
5116,2015.0,Canada,Canada,High-income
5117,2005.0,Austria,Austria,High-income
5118,1977.0,Not report,,
5119,2019.0,Not report,,
5120,2002.0,Israel,Israel,High-income
5121,1982.0,United States,United States,High-income
5122,2017.0,France,France,High-income
5123,2017.0,China,China,Upper-middle-income
5124,2019.0,Not report,,
5125,2018.0,Iran,Iran,Upper-middle-income
5127,2015.0,UK,United Kingdom,High-income
5128,2007.0,Israel,Israel,High-income
5129,2019.0,Not report,,
5130,2014.0,Not report,,
5131,1999.0,Jordan,Jordan,Lower-middle-income
5132,2014.0,Not report,,
5133,2011.0,Not report,,
5134,2013.0,Turkey,Turkey,Upper-middle-income
5136,1988.0,UK,United Kingdom,High-income
5138,1984.0,Not report,,
5139,2001.0,Not report,,
5140,1984.0,Northern Ireland,United Kingdom,High-income
5142,2001.0,"Greece, Norway, UAE, United Kingdom, Israel, Ireland, Canada, Portugal, Singapore, Sweden, Slovenia, Switzerland,  Poland",,
5143,1985.0,United States and Finland,,
5145,1992.0,Not report,,
5146,1999.0,Not report,,
5147,2002.0,Not report,,
5150,1968.0,United States,United States,High-income
5151,1967.0,United States,United States,High-income
5152,2021.0,Not report,,
5153,2019.0,Japan,Japan,High-income
5154,1997.0,Finland,Finland,High-income
5156,1997.0,Finland,Finland,High-income
5157,2021.0,Kenya,Kenya,Lower-middle-income
5158,1970.0,Not report,,
5159,1977.0,UK,United Kingdom,High-income
5160,1987.0,Not report,,
5161,2009.0,Not report,,
5162,2016.0,Not report,,
5163,2020.0,Egypt,Egypt,Lower-middle-income
5164,2021.0,Iran,Iran,Lower-middle-income
5165,2018.0,Iraq,Iraq,Upper-middle-income
5167,2016.0,"Germany, Spain, Hungary, Italy, Slovakia, Latvia, Ukraine, Russia, Korea, Mexico, Chile, United States",,
5168,2016.0,Not report,,
5171,1998.0,Not report,,
5172,2010.0,Not report,,
5173,2015.0,India,India,Lower-middle-income
5174,2013.0,Not report,,
5175,2015.0,Iran,Iran,Upper-middle-income
5176,1993.0,UK and Ireland,,
5177,2015.0,Not report,,
5178,2017.0,New Zealand,New Zealand,High-income
5179,2003.0,Canada,Canada,High-income
5180,1999.0,Not report,,
5181,2002.0,Not report,,
5182,2021.0,Germany,Germany,High-income
5183,2009.0,Not report,,
5184,2019.0,Not report,,
5185,2019.0,Not report,,
5186,2005.0,Not report,,
5187,2008.0,Not report,,
5189,2015.0,Not report,,
5190,2019.0,Not report,,
5191,1989.0,Not report,,
5192,1987.0,United States,United States,High-income
5193,1990.0,United States,United States,High-income
5195,2008.0,Israel,Israel,High-income
5196,2022.0,Not report,,
5197,2004.0,Kuwait,Kuwait,High-income
5198,2007.0,United States,United States,High-income
5199,2010.0,United States,United States,High-income
5200,2015.0,United States,United States,High-income
5202,1993.0,Not report,,
5203,1997.0,Not report,,
5204,2012.0,Pakistan,Pakistan,Lower-middle-income
5206,2020.0,Not report,,
5208,2010.0,Not report,,
5211,2016.0,Not report,,
5212,2017.0,China,China,Upper-middle-income
5213,2018.0,China,China,Upper-middle-income
5214,2018.0,China,China,Upper-middle-income
5215,2018.0,Not report,,
5216,2015.0,Not report,,
5217,2009.0,Not report,,
5218,2001.0,Not report,,
5219,1992.0,United States,United States,High-income
5220,1994.0,United States,United States,High-income
5221,1996.0,United States,United States,High-income
5222,1991.0,United States,United States,High-income
5223,2000.0,Not report,,
5224,2005.0,Not report,,
5225,2008.0,Not report,,
5227,2011.0,Not report,,
5228,2015.0,United States,United States,High-income
5229,2017.0,United States,United States,High-income
5233,2015.0,"United States, Jamaica, Brazil",,
5235,2006.0,Canada,Canada,High-income
5236,2018.0,United States,United States,High-income
5237,1985.0,Not report,,
5238,1994.0,Not report,,
5239,2018.0,"New Zealand, Australia, Mexico",,
5242,2020.0,Not report,,
5244,1980.0,United States,United States,High-income
5245,1997.0,Not report,,
5246,1997.0,Not report,,
5247,2001.0,Not report,,
5248,2004.0,Denmark,Denmark,High-income
5250,2017.0,Sweden,Sweden,High-income
5251,2016.0,Austria,Austria,High-income
5252,2015.0,United States,United States,High-income
5255,2020.0,China,China,Upper-middle-income
5256,2021.0,China,China,Upper-middle-income
5257,2003.0,Not report,,
5258,2010.0,Bangladesh,Bangladesh,Low-income
5261,2016.0,Japan,Japan,High-income
5262,2018.0,Japan and Europe,,
5263,2012.0,United States,United States,High-income
5266,2005.0,Not report,,
5267,2001.0,United States,United States,High-income
5268,2001.0,United States,United States,High-income
5269,2005.0,Not report,,
5270,2005.0,Not report,,
5271,2006.0,United States,United States,High-income
5272,2021.0,New Zealand and Australia,,
5273,1999.0,United States,United States,High-income
5274,1986.0,Not report,,
5275,2010.0,Not report,,
5276,2017.0,Not report,,
5277,1997.0,United States,United States,High-income
5278,2004.0,Not report,,
5279,2011.0,Israel,Israel,High-income
5280,2012.0,Netherlands,Netherlands,High-income
5281,2013.0,Netherlands,Netherlands,High-income
5282,2014.0,Netherlands,Netherlands,High-income
5283,2013.0,Not report,,
5284,2015.0,Not report,,
5286,2018.0,Not report,,
5287,2003.0,United Kingdom,United Kingdom,High-income
5288,1989.0,Not report,,
5289,2016.0,Finland,Finland,High-income
5291,1998.0,United States,United States,High-income
5292,1997.0,Not report,,
5294,2013.0,Not report,,
5295,2006.0,Not report,,
5296,2004.0,Not report,,
5298,1995.0,Not report,,
5300,2003.0,Germany,Germany,High-income
5301,2006.0,Uganda,Uganda,Low-income
5302,2000.0,UK,United Kingdom,High-income
5303,2007.0,Not report,,
5304,2011.0,Uganda,Uganda,Low-income
5305,2011.0,Uganda,Uganda,Low-income
5306,2017.0,United States,United States,High-income
5307,2013.0,New Zealand,New Zealand,High-income
5309,1998.0,Not report,,
5310,2018.0,United Kingdom,United Kingdom,High-income
5311,2002.0,Not report,,
5313,1997.0,United States,United States,High-income
5314,2001.0,United States,United States,High-income
5315,2002.0,United States,United States,High-income
5316,2014.0,Gambia,Gambia,Low-income
5317,2018.0,UK,United Kingdom,High-income
5318,2009.0,Israel,Israel,High-income
5319,2001.0,United States,United States,High-income
5320,2005.0,Malaysia,Malaysia,Upper-middle-income
5321,2010.0,Not report,,
5322,2004.0,Not report,,
5323,2011.0,Not report,,
5324,2009.0,Not report,,
5325,2013.0,Kosovo,Kosovo,Lower-middle-income
5326,2012.0,Iran,Iran,Upper-middle-income
5327,2016.0,France,France,High-income
5328,2017.0,Iran,Iran,Upper-middle-income
5329,2018.0,Japan,Japan,High-income
5330,2001.0,Not report,,
5331,2018.0,Not report,,
5332,2020.0,United States,United States,High-income
5333,2011.0,United States,United States,High-income
5335,2016.0,Egypt,Egypt,Lower-middle-income
5336,2007.0,Not report,,
5337,2014.0,Germany,Germany,High-income
5338,2004.0,UK,United Kingdom,High-income
5341,2016.0,Not report,,
5343,2020.0,Iran,Iran,Lower-middle-income
5345,1998.0,Tanzania,Tanzania,Low-income
5346,2015.0,United States,United States,High-income
5347,1997.0,Not report,,
5348,1992.0,Belgium,Belgium,High-income
5349,2007.0,Finland,Finland,High-income
5350,1999.0,Not report,,
5352,2018.0,Not report,,
5353,1986.0,Not report,,
5354,2009.0,Not report,,
5355,2008.0,England,United Kingdom,High-income
5356,1997.0,United States,United States,High-income
5357,2014.0,Brazil,Brazil,Upper-middle-income
5358,2021.0,Japan,Japan,High-income
5360,2018.0,Not report,,
5363,1992.0,Canada,Canada,High-income
5364,2010.0,Not report,,
5365,2006.0,USA,United States,High-income
5366,2003.0,Not report,,
5367,2009.0,Not report,,
5368,2002.0,Pakistan,Pakistan,Low-income
5369,2002.0,Pakistan,Pakistan,Low-income
5370,2004.0,Pakistan,Pakistan,Low-income
5371,2007.0,Pakistan,Pakistan,Low-income
5372,2008.0,Pakistan,Pakistan,Lower-middle-income
5373,2011.0,Pakistan,Pakistan,Lower-middle-income
5374,2006.0,Not report,,
5375,2009.0,Not report,,
5378,2013.0,China,China,Upper-middle-income
5380,2014.0,China,China,Upper-middle-income
5381,2015.0,Not report,,
5382,1993.0,United States,United States,High-income
5384,1988.0,Not report,,
5385,2000.0,Germany,Germany,High-income
5387,1984.0,Not report,,
5388,2009.0,Sweden,Sweden,High-income
5389,2011.0,Sweden,Sweden,High-income
5390,2014.0,Sweden,Sweden,High-income
5391,1996.0,Not report,,
5392,1984.0,"Sweden, Finland, Norway, Denmark",,
5393,1999.0,Not report,,
5394,2003.0,Sweden,Sweden,High-income
5395,2000.0,"US, Canada, Europe and Israel",,
5396,2001.0,Not report,,
5397,2003.0,Not report,,
5398,2015.0,"Americas, Europe, Asia, Africa",,
5400,2013.0,Indonesia,Indonesia,Lower-middle-income
5402,2013.0,Egypt,Egypt,Lower-middle-income
5404,2020.0,Egypt,Egypt,Lower-middle-income
5405,1985.0,United States,United States,High-income
5406,1991.0,Germany,Germany,High-income
5408,2009.0,Finland,Finland,High-income
5409,1995.0,Finland,Finland,High-income
5410,2006.0,Not report,,
5411,1998.0,Not report,,
5414,2021.0,Not report,,
5415,2010.0,Finland,Finland,High-income
5416,2006.0,Not report,,
5417,2013.0,United States,United States,High-income
5419,2004.0,Denmark,Denmark,High-income
5420,2018.0,Not report,,
5422,2005.0,Not report,,
5423,1983.0,Not report,,
5424,1986.0,Not report,,
5425,2015.0,Germany,Germany,High-income
5426,1963.0,United States,United States,High-income
5427,1989.0,Not report,,
5428,2015.0,Not report,,
5429,1998.0,Not report,,
5430,2004.0,Not report,,
5432,2019.0,Burkina Faso and Mali,,
5434,2018.0,Not report,,
5435,1997.0,Sweden,Sweden,High-income
5437,1988.0,Not report,,
5438,1993.0,Not report,,
5439,2002.0,USA,United States,High-income
5440,2019.0,Iran,Iran,Upper-middle-income
5441,2016.0,United States,United States,High-income
5442,1988.0,Not report,,
5443,1990.0,Not report,,
5444,2018.0,France,France,High-income
5445,1991.0,UK,United Kingdom,High-income
5446,1979.0,Not report,,
5449,1990.0,United States,United States,High-income
5451,2000.0,USA,United States,High-income
5452,2000.0,Denmark,Denmark,High-income
5453,1983.0,Not report,,
5454,1984.0,Not report,,
5456,1988.0,Not report,,
5457,1992.0,Not report,,
5459,2022.0,Not report,,
5460,2022.0,China,China,Upper-middle-income
5461,1984.0,Not report,,
5462,2005.0,Not report,,
5463,2009.0,Not report,,
5464,2006.0,New Zealand,New Zealand,High-income
5466,1997.0,Not report,,
5467,2012.0,Not report,,
5468,2006.0,Denmark,Denmark,High-income
5469,2013.0,Not report,,
5470,1994.0,Not report,,
5472,1990.0,Not report,,
5473,2001.0,Not report,,
5474,2003.0,Not report,,
5475,2012.0,United States,United States,High-income
5476,2016.0,United States,United States,High-income
5477,2018.0,United States,United States,High-income
5478,2006.0,Not report,,
5479,2005.0,Finland,Finland,High-income
5480,2006.0,Finland,Finland,High-income
5481,2009.0,Finland,Finland,High-income
5482,2010.0,Finland,Finland,High-income
5483,1970.0,South African,South Africa,Lower-middle-income
5485,2006.0,Spain,Spain,High-income
5488,2019.0,United States,United States,High-income
5491,2002.0,"Denmark, Sweden, Finland",,
5492,1992.0,UK,United Kingdom,High-income
5493,2020.0,Not report,,
5497,2010.0,Denmark,Denmark,High-income
5499,2004.0,Not report,,
5501,2002.0,United States,United States,High-income
5502,1997.0,Not report,,
5503,1997.0,Not report,,
5504,1998.0,Not report,,
5505,1999.0,Not report,,
5506,2000.0,Not report,,
5508,2008.0,Brazil,Brazil,Upper-middle-income
5510,1995.0,UK,United Kingdom,High-income
5511,1998.0,UK,United Kingdom,High-income
5512,1996.0,Not report,,
5513,2018.0,Iran,Iran,Upper-middle-income
5514,2011.0,Iran,Iran,Upper-middle-income
5515,2012.0,Not report,,
5516,2012.0,Switzerland,Switzerland,High-income
5519,1994.0,United States,United States,High-income
5520,2014.0,Not report,,
5521,2021.0,Japan,Japan,High-income
5523,2021.0,Vietnam,Vietnam,Lower-middle-income
5524,1997.0,Not report,,
5525,2014.0,Saudi Arabia,Saudi Arabia,High-income
5527,2020.0,United States,United States,High-income
5529,2022.0,United States,United States,High-income
5530,2022.0,"Greece, Italy, Estonia, Spain, UK",,
5532,1975.0,Not report,,
5533,1977.0,Not report,,
5534,1992.0,Not report,,
5535,1993.0,Not report,,
5536,1993.0,Not report,,
5537,1993.0,Not report,,
5538,2006.0,Not report,,
5539,2012.0,Not report,,
5541,1976.0,Not report,,
5542,2019.0,Not report,,
5543,2011.0,Not report,,
5544,2017.0,Not report,,
5545,1989.0,Not report,,
5546,2020.0,Burkina Faso,Burkina Faso,Low-income
5548,1980.0,Not report,,
5549,2001.0,United States,United States,High-income
5550,2012.0,United States,United States,High-income
5551,2014.0,Iran,Iran,Upper-middle-income
5552,2000.0,Japan,Japan,High-income
5553,2003.0,Japan,Japan,High-income
5554,2014.0,Japan,Japan,High-income
5556,2017.0,Japan,Japan,High-income
5557,2010.0,Israel,Israel,High-income
5558,1993.0,United States,United States,High-income
5559,1994.0,Japan,Japan,High-income
5561,2017.0,Netherlands,Netherlands,High-income
5562,2018.0,Not report,,
5564,1986.0,Canada,Canada,High-income
5566,2012.0,"US, Europe, India, Canada",,
5567,1991.0,Not report,,
5568,1994.0,Australia,Australia,High-income
5569,1997.0,Not report,,
5570,2003.0,"Australia, Brazil, Canada, Germany, South Africa, Spain",,
5571,2004.0,Not report,,
5572,2011.0,Not report,,
5577,2020.0,Singapore,Singapore,High-income
5578,2012.0,Australia,Australia,High-income
5579,2015.0,Not report,,
5580,1981.0,Not report,,
5581,2013.0,Not report,,
5582,1997.0,United States,United States,High-income
5583,1999.0,United States,United States,High-income
5584,2005.0,"Bulgaria, Chile, Dominican Republic, Guatemala, Israel, Peru, Romania, Latvia, Mexico,the United States",,
5585,2011.0,United States,United States,High-income
5586,2014.0,United States,United States,High-income
5587,2016.0,United States,United States,High-income
5588,2002.0,United States,United States,High-income
5590,2013.0,Not report,,
5591,2018.0,Israel,Israel,High-income
5592,2009.0,Germany,Germany,High-income
5593,2010.0,Germany,Germany,High-income
5594,1983.0,Not report,,
5595,2005.0,UK,United Kingdom,High-income
5598,2009.0,Not report,,
5599,2009.0,"Germany, South Korea, Slovakia",,
5600,2010.0,Germany,Germany,High-income
5601,1996.0,Netherlands,Netherlands,High-income
5602,1998.0,Netherlands,Netherlands,High-income
5603,2020.0,Côte d’Ivoire,Cote d'Ivoire,Lower-middle-income
5604,1996.0,Not report,,
5606,2009.0,Germany and Austria,,
5607,2000.0,United States,United States,High-income
5608,2002.0,United States,United States,High-income
5609,2003.0,Canada and USA,,
5612,2005.0,Netherlands,Netherlands,High-income
5613,1995.0,United States,United States,High-income
5614,2006.0,Europe and Australia,,
5615,2000.0,Netherlands,Netherlands,High-income
5616,1995.0,Sweden,Sweden,High-income
5618,2015.0,China,China,Upper-middle-income
5619,1993.0,Liberia,Liberia,Low-income
5620,1994.0,Mozambique,Mozambique,Low-income
5627,1992.0,Thailand,Thailand,Lower-middle-income
5628,1991.0,Netherlands,Netherlands,High-income
5629,1994.0,Not report,,
5631,2005.0,Not report,,
5633,1993.0,Not report,,
5634,2012.0,United States,United States,High-income
5635,2002.0,"Australia, Belgium, Canada, Denmark, France, Germany, Hungary, Italy, Netherlands, New Zealand, South Africa, Spain, Sweden, UK, USA",,
5637,2007.0,Sweden,Sweden,High-income
5638,2005.0,Not report,,
5639,2006.0,Not report,,
5640,2010.0,Not report,,
5643,2020.0,United States,United States,High-income
5644,1999.0,United States,United States,High-income
5646,2008.0,United States,United States,High-income
5648,2017.0,Not report,,
5649,1995.0,Sweden,Sweden,High-income
5650,2015.0,United States,United States,High-income
5651,1989.0,Not report,,
5652,1990.0,Not report,,
5653,2010.0,Not report,,
5654,2000.0,Not report,,
5655,1994.0,Not report,,
5656,1989.0,UK,United Kingdom,High-income
5657,1983.0,United States,United States,High-income
5658,1996.0,Not report,,
5659,2022.0,Iran,Iran,Lower-middle-income
5660,2011.0,"Asia, Europe, North America, South America",,
5661,2014.0,Uganda,Uganda,Low-income
5663,2016.0,Iran,Iran,Upper-middle-income
5664,2008.0,Not report,,
5665,2013.0,Iran,Iran,Upper-middle-income
5666,2015.0,Iran,Iran,Upper-middle-income
5670,2008.0,Not report,,
5671,2009.0,Not report,,
5672,2010.0,Not report,,
5673,2010.0,Not report,,
5674,2010.0,Korea,South Korea,High-income
5677,2017.0,Korea,South Korea,High-income
5679,1999.0,Not report,,
5680,2007.0,Not report,,
5681,1994.0,Not report,,
5682,2015.0,Not report,,
5684,1992.0,Germany,Germany,High-income
5685,1996.0,Germany,Germany,High-income
5688,1993.0,United States,United States,High-income
5689,1982.0,Not report,,
5690,1990.0,Not report,,
5691,1993.0,United States,United States,High-income
5693,2017.0,Japan,Japan,High-income
5694,1993.0,Not report,,
5696,2017.0,Not report,,
5697,2020.0,Japan,Japan,High-income
5698,2022.0,Japan,Japan,High-income
5699,1991.0,Not report,,
5700,2005.0,Not report,,
5701,1991.0,Not report,,
5702,2009.0,South African,South Africa,Upper-middle-income
5704,2012.0,Not report,,
5705,2015.0,Germany,Germany,High-income
5706,2011.0,United States,United States,High-income
5708,1994.0,Not report,,
5709,2013.0,Poland,Poland,High-income
5711,1998.0,United States,United States,High-income
5712,2009.0,UK,United Kingdom,High-income
5713,1973.0,United States,United States,High-income
5714,2019.0,Egypt,Egypt,Lower-middle-income
5716,2017.0,Iran,Iran,Upper-middle-income
5717,2012.0,Not report,,
5718,2016.0,Iran,Iran,Upper-middle-income
5719,2022.0,Iran,Iran,Lower-middle-income
5720,2012.0,Iran,Iran,Upper-middle-income
5721,2011.0,America,United States,High-income
5724,2021.0,China,China,Upper-middle-income
5725,2009.0,China,China,Lower-middle-income
5726,1997.0,Not report,,
5727,1989.0,Not report,,
5729,2009.0,Ethiopia,Ethiopia,Low-income
5730,2006.0,Netherlands,Netherlands,High-income
5731,2007.0,Netherlands,Netherlands,High-income
5732,2008.0,Netherlands,Netherlands,High-income
5733,1976.0,United States,United States,High-income
5734,1978.0,United States,United States,High-income
5735,1999.0,Not report,,
5736,2020.0,Europe and Chile,,
5737,1972.0,Not report,,
5738,2004.0,Canada,Canada,High-income
5740,2006.0,"Multi-center (Germany, Hungary, Austria)",,
5741,1978.0,Not report,,
5744,1983.0,Not report,,
5745,1994.0,Not report,,
5746,2020.0,United States,United States,High-income
5748,1991.0,Not report,,
5749,1992.0,China,China,Low-income
5750,2004.0,Not report,,
5752,2009.0,USA,United States,High-income
5753,2010.0,United States and Canada,,
5756,2018.0,"North America, Europe, Africa, Middle East",,
5757,2021.0,China,China,Upper-middle-income
5759,2014.0,China,China,Upper-middle-income
5761,2009.0,China,China,Lower-middle-income
5762,2015.0,China,China,Upper-middle-income
5763,2019.0,Not report,,
5764,2020.0,China,China,Upper-middle-income
5769,2020.0,China,China,Upper-middle-income
5770,2021.0,China,China,Upper-middle-income
5771,2007.0,China,China,Lower-middle-income
5772,2008.0,Not report,,
5773,2009.0,United States,United States,High-income
5774,2011.0,China,China,Upper-middle-income
5777,2013.0,China,China,Upper-middle-income
5778,2013.0,China,China,Upper-middle-income
5779,2014.0,China,China,Upper-middle-income
5781,2015.0,China,China,Upper-middle-income
5782,2016.0,China,China,Upper-middle-income
5783,2016.0,Not report,,
5784,2016.0,China,China,Upper-middle-income
5789,2021.0,China,China,Upper-middle-income
5790,2020.0,China,China,Upper-middle-income
5791,2021.0,China,China,Upper-middle-income
5792,2021.0,China,China,Upper-middle-income
5793,2004.0,Canada,Canada,High-income
5794,2007.0,Canada,Canada,High-income
5795,1996.0,USA,United States,High-income
5796,1997.0,United States,United States,High-income
5797,2003.0,"Austria (Vienna, Salzburg, Tyrol)",Austria,High-income
5799,1975.0,United States,United States,High-income
5800,2005.0,United States and Puerto Rico,,
5802,2003.0,Tanzania,Tanzania,Low-income
5803,2017.0,Not report,,
5804,2014.0,China,China,Upper-middle-income
5805,2017.0,China,China,Upper-middle-income
5806,2017.0,Not report,,
5807,2011.0,France,France,High-income
5808,2006.0,Australia,Australia,High-income
5810,2014.0,Netherlands,Netherlands,High-income
5811,2006.0,Canada,Canada,High-income
5813,2008.0,Canada,Canada,High-income
5815,2005.0,UK,United Kingdom,High-income
5816,1997.0,United States,United States,High-income
5819,2002.0,Not report,,
5820,2005.0,Not report,,
5821,2007.0,China,China,Lower-middle-income
5822,2007.0,China,China,Lower-middle-income
5823,2014.0,Germany,Germany,High-income
5824,1985.0,Not report,,
5826,2011.0,South Africa,South Africa,Upper-middle-income
5827,1998.0,France,France,High-income
5830,1993.0,Denmark,Denmark,High-income
5831,2020.0,Indonesia,Indonesia,Lower-middle-income
5833,2016.0,"Europe, US, Canada",,
5836,1999.0,Pakistan,Pakistan,Low-income
5837,2014.0,"United States, Netherlands, South Africa, Belgium, Hungary, Israel, Poland, Bulgaria, Italy",,
5839,2020.0,Pakistan,Pakistan,Lower-middle-income
5840,2017.0,Saudi Arabia,Saudi Arabia,High-income
5842,2022.0,Not report,,
5843,1983.0,UK,United Kingdom,High-income
5844,1998.0,Canada and USA,,
5846,2002.0,Not report,,
5847,1991.0,United States,United States,High-income
5849,2005.0,Netherlands,Netherlands,High-income
5850,1988.0,United States,United States,High-income
5852,2013.0,South Korea,South Korea,High-income
5853,2018.0,Korea,South Korea,High-income
5854,2019.0,Korea,South Korea,High-income
5855,2007.0,"North America, Western Europe, Israel",,
5858,2012.0,"United States, Canada, Belgium, Netherlands",,
5864,2010.0,Korea,South Korea,High-income
5865,2006.0,Finland,Finland,High-income
5866,1988.0,UK,United Kingdom,High-income
5869,2004.0,Chile,Chile,Upper-middle-income
5870,1999.0,Spain,Spain,High-income
5871,2004.0,Not report,,
5872,2004.0,Spain,Spain,High-income
5873,2005.0,Spain,Spain,High-income
5874,2006.0,Spain,Spain,High-income
5875,2006.0,Spain,Spain,High-income
5877,2008.0,Spain,Spain,High-income
5878,2010.0,Spain,Spain,High-income
5879,2010.0,Spain,Spain,High-income
5880,2011.0,Spain,Spain,High-income
5881,2011.0,Spain,Spain,High-income
5882,2013.0,Spain,Spain,High-income
5883,2017.0,Spain,Spain,High-income
5885,2013.0,Not report,,
5886,2007.0,Jordan,Jordan,Lower-middle-income
5887,2022.0,Not reported,,
5888,2012.0,Egypt,Egypt,Lower-middle-income
5889,1995.0,Not report,,
5890,2017.0,Egypt,Egypt,Lower-middle-income
5892,2019.0,Australia,Australia,High-income
5893,2002.0,Japan,Japan,High-income
5894,2011.0,Japan,Japan,High-income
5895,2016.0,Japan,Japan,High-income
5897,2019.0,Japan,Japan,High-income
5898,1999.0,Not report,,
5899,2014.0,Japan,Japan,High-income
5900,2014.0,Japan,Japan,High-income
5902,2022.0,Japan,Japan,High-income
5903,2004.0,United States,United States,High-income
5905,1993.0,UK;Denmark; Israel,,
5906,1977.0,Not report,,
5907,1980.0,Switzerland,Switzerland,High-income
5909,2009.0,"USA, Canada, Australia, New Zealand, Costa Rica",,
5911,2014.0,United States,United States,High-income
5912,2016.0,Pakistan,Pakistan,Lower-middle-income
5914,2021.0,Iran,Iran,Lower-middle-income
5915,2019.0,Iran,Iran,Upper-middle-income
5917,1985.0,Switzerland and Germany,,
5918,2022.0,France,France,High-income
5921,2023.0,Not report,,
5922,2017.0,Italy,Italy,High-income
5923,2011.0,United States,United States,High-income
5924,2013.0,Turkey,Turkey,Upper-middle-income
5925,2009.0,Turkey,Turkey,Upper-middle-income
5926,2016.0,Turkey,Turkey,Upper-middle-income
5928,2016.0,Lebanon,Lebanon,Upper-middle-income
5929,2013.0,Turkey,Turkey,Upper-middle-income
5930,2014.0,Turkey,Turkey,Upper-middle-income
5932,2015.0,Turkey,Turkey,Upper-middle-income
5933,2016.0,Turkey,Turkey,Upper-middle-income
5940,2006.0,Italy,Italy,High-income
5941,2007.0,Italy,Italy,High-income
5942,2007.0,Italy and Australia,,
5943,2009.0,Italy,Italy,High-income
5944,2000.0,Japan,Japan,High-income
5945,2002.0,Japan,Japan,High-income
5946,2010.0,Japan,Japan,High-income
5947,2005.0,Japan,Japan,High-income
5948,2006.0,Japan,Japan,High-income
5949,2013.0,Not report,,
5950,1991.0,Not report,,
5954,2009.0,Nigeria,Nigeria,Lower-middle-income
5955,1997.0,UK,United Kingdom,High-income
5956,1996.0,Italy,Italy,High-income
5957,2011.0,Dominican Republic,Dominican Republic,Upper-middle-income
5959,2011.0,Turkey,Turkey,Upper-middle-income
5960,2019.0,Turkey,Turkey,Upper-middle-income
5961,2003.0,Italy,Italy,High-income
5962,2022.0,Pakistan,Pakistan,Lower-middle-income
5963,2021.0,India,India,Lower-middle-income
5964,2012.0,Malaysia,Malaysia,Upper-middle-income
5965,2011.0,Paraguay,Paraguay,Lower-middle-income
5966,2019.0,Paraguay,Paraguay,Upper-middle-income
5967,2002.0,Not report,,
5968,2022.0,Iran,Iran,Lower-middle-income
5970,2016.0,Paraguay,Paraguay,Upper-middle-income
5971,2017.0,UK,United Kingdom,High-income
5972,2003.0,Turkey,Turkey,Lower-middle-income
5973,2013.0,India,India,Lower-middle-income
5974,1998.0,Tanzania,Tanzania,Low-income
5978,2016.0,Niger,Niger,Low-income
5980,2012.0,Turkey,Turkey,Upper-middle-income
5982,2003.0,Kenya,Kenya,Low-income
5984,2015.0,Japan,Japan,High-income
5985,2008.0,Japan,Japan,High-income
5986,2006.0,Turkey,Turkey,Upper-middle-income
5987,2006.0,Turkey,Turkey,Upper-middle-income
5988,2008.0,Turkey,Turkey,Upper-middle-income
5989,2008.0,Turkey,Turkey,Upper-middle-income
5990,1994.0,Bangladesh,Bangladesh,Low-income
5993,1999.0,Sri Lanka,Sri Lanka,Lower-middle-income
5994,2021.0,Egypt,Egypt,Lower-middle-income
6002,1993.0,United States,United States,High-income
6004,1996.0,Italy,Italy,High-income
6005,1998.0,Not report,,
6006,1998.0,Italy,Italy,High-income
6007,1998.0,Not report,,
6009,2000.0,Italy,Italy,High-income
6010,2002.0,"Italy, Sweden",,
6011,2002.0,Italy,Italy,High-income
6012,2003.0,Italy,Italy,High-income
6013,2005.0,Italy,Italy,High-income
6014,2020.0,"Argentina, France, Germany, Hungary, Italy, Japan, Russian Federation, Spain, US",,
6015,2021.0,Not report,,
6016,2016.0,Poland,Poland,High-income
6018,2013.0,United States,United States,High-income
6019,2020.0,India,India,Lower-middle-income
6020,2020.0,Canada,Canada,High-income
6025,1994.0,Not report,,
6028,2001.0,Peru,Peru,Lower-middle-income
6029,2016.0,Senegal,Senegal,Low-income
6030,2012.0,UK,United Kingdom,High-income
6031,1991.0,Portugal,Portugal,Upper-middle-income
6032,1999.0,Gambia,Gambia,Low-income
6034,2011.0,United States and Germany,,
6035,2014.0,Lebanon,Lebanon,Upper-middle-income
6036,2010.0,Israel,Israel,High-income
6037,2022.0,Iran,Iran,Lower-middle-income
6038,2022.0,India,India,Lower-middle-income
6041,1998.0,South Africa,South Africa,Lower-middle-income
6042,2004.0,UK,United Kingdom,High-income
6043,2011.0,United States,United States,High-income
6044,2018.0,United States,United States,High-income
6045,2023.0,"Europe, North America, Africa, Asia/Pacific, and South America",,
6047,2022.0,United States,United States,High-income
6048,2010.0,United States,United States,High-income
6049,2014.0,Not report,,
6050,1993.0,Nicaragua,Nicaragua,Low-income
6051,1994.0,Nicaragua,Nicaragua,Low-income
6052,2001.0,United States,United States,High-income
6053,2006.0,Honduras,Honduras,Lower-middle-income
6054,1985.0,United States,United States,High-income
6056,1992.0,United States,United States,High-income
6057,2000.0,United States,United States,High-income
6058,2000.0,Nepal,Nepal,Low-income
6059,2003.0,United States,United States,High-income
6060,2009.0,United States,United States,High-income
6063,2016.0,United States,United States,High-income
6066,1997.0,Canada,Canada,High-income
6067,1997.0,Canada,Canada,High-income
6069,2022.0,South African,South Africa,Upper-middle-income
6070,2011.0,Brazil,Brazil,Upper-middle-income
6071,1994.0,France,France,High-income
6076,2014.0,Kenya,Kenya,Lower-middle-income
6080,2012.0,Iran,Iran,Upper-middle-income
6081,2020.0,Iran,Iran,Lower-middle-income
6083,1985.0,United States,United States,High-income
6085,1983.0,UK,United Kingdom,High-income
6086,2014.0,United States,United States,High-income
6088,2014.0,Uganda,Uganda,Low-income
6089,2016.0,Uganda,Uganda,Low-income
6090,2014.0,North America,,
6091,2015.0,United States,United States,High-income
6094,2016.0,Iran,Iran,Upper-middle-income
6095,1998.0,Pakistan,Pakistan,Low-income
6096,2014.0,Iran,Iran,Upper-middle-income
6097,1987.0,Denmark,Denmark,High-income
6098,2018.0,Finland,Finland,High-income
6099,1991.0,United States,United States,High-income
6100,2009.0,Iran,Iran,Upper-middle-income
6101,2012.0,Iran,Iran,Upper-middle-income
6102,2018.0,India,India,Lower-middle-income
6103,2009.0,India,India,Lower-middle-income
6105,2013.0,India,India,Lower-middle-income
6106,2000.0,UK,United Kingdom,High-income
6107,2000.0,UK,United Kingdom,High-income
6108,2000.0,UK,United Kingdom,High-income
6109,2001.0,UK,United Kingdom,High-income
6110,2010.0,India,India,Lower-middle-income
6111,2011.0,United States,United States,High-income
6112,2012.0,India,India,Lower-middle-income
6113,2015.0,United States,United States,High-income
6114,2018.0,India,India,Lower-middle-income
6115,2018.0,India,India,Lower-middle-income
6117,2018.0,India,India,Lower-middle-income
6118,2019.0,India,India,Lower-middle-income
6120,2021.0,India,India,Lower-middle-income
6121,1995.0,United States,United States,High-income
6122,2016.0,"USA, Canada, UK",,
6124,2006.0,Netherlands,Netherlands,High-income
6126,2019.0,Iran,Iran,Upper-middle-income
6127,2022.0,Iran,Iran,Lower-middle-income
6128,1994.0,United States,United States,High-income
6129,1997.0,Finland,Finland,High-income
6130,1998.0,Finland,Finland,High-income
6131,2009.0,Tunisia,Tunisia,Lower-middle-income
6132,1994.0,France,France,High-income
6133,1980.0,Not report,,
6134,1997.0,United States,United States,High-income
6135,2001.0,United States,United States,High-income
6136,1997.0,United States,United States,High-income
6137,1988.0,United States,United States,High-income
6138,1997.0,United States,United States,High-income
6139,2007.0,United States,United States,High-income
6140,2008.0,Iran,Iran,Lower-middle-income
6141,2022.0,Pakistan,Pakistan,Lower-middle-income
6142,1990.0,Netherlands,Netherlands,High-income
6143,1992.0,Netherlands,Netherlands,High-income
6144,1996.0,Not report,,
6145,2007.0,"Europe, Israel, South Africa, Australia",,
6147,2000.0,Canada,Canada,High-income
6149,1993.0,United States,United States,High-income
6153,2013.0,Germany,Germany,High-income
6155,2020.0,Poland,Poland,High-income
6156,2023.0,Poland,Poland,High-income
6158,2020.0,Korea,South Korea,High-income
6159,2002.0,Canada,Canada,High-income
6161,1988.0,Not report,,
6162,1996.0,Germany,Germany,High-income
6163,1986.0,Germany,Germany,High-income
6164,1990.0,Not report,,
6166,2021.0,"United States, Canada, Denmark, Russia, Serbia, Spain",,
6167,2014.0,"Rotterdam, The Netherlands; Aalst and Brugge, Belgium",,
6168,2014.0,Iran,Iran,Upper-middle-income
6169,2015.0,Iran,Iran,Upper-middle-income
6170,1997.0,France,France,High-income
6171,2016.0,Not report,,
6172,2016.0,Netherlands,Netherlands,High-income
6173,2016.0,Netherlands,Netherlands,High-income
6174,2003.0,"United States, Mexico, South America",,
6177,2000.0,Mexico,Mexico,Upper-middle-income
6178,2016.0,Not report,,
6179,2016.0,Not report,,
6180,2006.0,Finland,Finland,High-income
6181,1997.0,Finland,Finland,High-income
6182,1997.0,Finland,Finland,High-income
6183,1998.0,Finland,Finland,High-income
6184,2007.0,Finland,Finland,High-income
6185,2007.0,Finland,Finland,High-income
6186,2014.0,Finland,Finland,High-income
6187,2019.0,Poland,Poland,High-income
6188,2005.0,USA,United States,High-income
6189,2021.0,Ethiopia,Ethiopia,Low-income
6191,2006.0,India,India,Low-income
6192,2011.0,Finland,Finland,High-income
6193,2012.0,Iran,Iran,Upper-middle-income
6194,2021.0,Iran,Iran,Lower-middle-income
6195,2020.0,Iran,Iran,Lower-middle-income
6196,2012.0,Iran,Iran,Upper-middle-income
6197,2021.0,Iran,Iran,Lower-middle-income
6199,2016.0,United States,United States,High-income
6200,2011.0,Iran,Iran,Upper-middle-income
6201,1998.0,Not report,,
6202,1991.0,Not report,,
6203,1993.0,Not report,,
6206,1999.0,Not report,,
6208,2008.0,United States,United States,High-income
6210,2016.0,Pakistan,Pakistan,Lower-middle-income
6211,2020.0,Pakistan,Pakistan,Lower-middle-income
6214,2001.0,Not report,,
6215,2000.0,Argentina,Argentina,Upper-middle-income
6216,2018.0,Thailand,Thailand,Upper-middle-income
6217,1984.0,Not report,,
6218,1987.0,Not report,,
6220,2002.0,Not report,,
6223,1999.0,Sweden,Sweden,High-income
6224,2000.0,Not report,,
6225,2004.0,Not report,,
6226,2008.0,USA,United States,High-income
6227,2014.0,"North Europe (Denmark, Sweden, UK, Ireland)",,
6228,2017.0,Denmark,Denmark,High-income
6229,2013.0,Norway,Norway,High-income
6230,2016.0,Korea,South Korea,High-income
6231,2012.0,Not report,,
6233,2020.0,Korea,South Korea,High-income
6234,2005.0,Not report,,
6235,2020.0,Spain,Spain,High-income
6236,2009.0,Not report,,
6240,2012.0,Not report,,
6241,2000.0,United States,United States,High-income
6242,2007.0,United States,United States,High-income
6243,2008.0,United States,United States,High-income
6244,2010.0,United Stated,United States,High-income
6245,2013.0,Czech Republic,Czechia,High-income
6246,2014.0,Not report,,
6248,1977.0,Rhodesia,,
6250,2013.0,India,India,Lower-middle-income
6252,2022.0,China,China,Upper-middle-income
6253,2019.0,Not report,,
6254,2020.0,China,China,Upper-middle-income
6255,2021.0,China,China,Upper-middle-income
6256,2023.0,Korea,South Korea,High-income
6258,2013.0,Not report,,
6259,2017.0,China,China,Upper-middle-income
6262,2019.0,China,China,Upper-middle-income
6263,2021.0,China,China,Upper-middle-income
6264,2013.0,China,China,Upper-middle-income
6265,2012.0,China,China,Upper-middle-income
6269,2016.0,Not report,,
6272,2023.0,Malaysia and Singapore,,
6273,2022.0,China,China,Upper-middle-income
6274,2009.0,China,China,Lower-middle-income
6275,1997.0,China,China,Lower-middle-income
6277,2016.0,China,China,Upper-middle-income
6278,1989.0,Nigeria,Nigeria,Low-income
6279,2006.0,United States,United States,High-income
6280,2008.0,China,China,Lower-middle-income
6281,2008.0,China,China,Lower-middle-income
6283,2008.0,China,China,Lower-middle-income
6284,2011.0,China,China,Upper-middle-income
6285,2011.0,China,China,Upper-middle-income
6287,2022.0,China,China,Upper-middle-income
6288,2001.0,South Africa,South Africa,Lower-middle-income
6290,2011.0,India,India,Lower-middle-income
6291,2012.0,Not report,,
6293,2021.0,India,India,Lower-middle-income
6296,2020.0,Thailand,Thailand,Upper-middle-income
6297,2022.0,Korea,South Korea,High-income
6298,2011.0,Not report,,
6299,2010.0,Korea,South Korea,High-income
6300,2017.0,Korea,South Korea,High-income
6301,2004.0,Chile,Chile,Upper-middle-income
6302,1991.0,France,France,High-income
6303,1994.0,Not report,,
6304,1994.0,Germany and Netherlands,,
6306,2017.0,Iraq,Iraq,Upper-middle-income
6308,1992.0,Not report,,
6309,2011.0,Guinea-Bissau,Guinea-Bissau,Low-income
6310,2016.0,Guinea-Bissau,Guinea-Bissau,Low-income
6311,2018.0,Kenya,Kenya,Lower-middle-income
6312,1991.0,United States,United States,High-income
6313,2005.0,UK,United Kingdom,High-income
6316,1984.0,Not report,,
6317,2006.0,Not report,,
6318,2010.0,Not report,,
6320,2020.0,Uganda,Uganda,Low-income
6321,2022.0,Papua New Guinea,Papua New Guinea,Lower-middle-income
6323,1991.0,United States,United States,High-income
6324,1993.0,United States,United States,High-income
6325,1996.0,Canada,Canada,High-income
6326,1998.0,Canada,Canada,High-income
6327,2009.0,Not report,,
6329,2019.0,United States,United States,High-income
6330,1988.0,United States,United States,High-income
6331,2011.0,Spain,Spain,High-income
6332,1993.0,Canada,Canada,High-income
6333,1999.0,Not report,,
6334,2001.0,UK,United Kingdom,High-income
6335,2005.0,Not report,,
6336,2007.0,Canada,Canada,High-income
6337,2022.0,New Zealand,New Zealand,High-income
6338,2008.0,UK,United Kingdom,High-income
6340,2002.0,"North America, South America, Europe",,
6341,2007.0,South African,South Africa,Upper-middle-income
6342,2008.0,United States and Europe,,
6344,2012.0,United States,United States,High-income
6345,2012.0,Not report,,
6346,2016.0,"Nortn America, South America, Europe, Asia",,
6347,1998.0,Norway,Norway,High-income
6348,1999.0,Norway,Norway,High-income
6349,2000.0,Norway,Norway,High-income
6350,2000.0,Norway,Norway,High-income
6351,2000.0,Norway,Norway,High-income
6352,1974.0,"US, Canada, Switzerland",,
6353,1990.0,United States,United States,High-income
6354,1990.0,China,China,Low-income
6355,1991.0,United States,United States,High-income
6356,1991.0,China,China,Low-income
6357,1994.0,China,China,Low-income
6358,2002.0,"United States, Russia, Ukraine, Belarus, Poland",,
6359,2005.0,UK,United Kingdom,High-income
6360,2005.0,UK,United Kingdom,High-income
6361,2014.0,Kenya,Kenya,Lower-middle-income
6363,2018.0,United States,United States,High-income
6364,1988.0,Netherlands,Netherlands,High-income
6365,2016.0,Russia,Russia,Upper-middle-income
6367,2016.0,Russia,Russia,Upper-middle-income
6368,2020.0,"Europe (Netherlands, Croatia, Finland)",,
6369,1996.0,Sweden,Sweden,High-income
6370,2007.0,India,India,Lower-middle-income
6371,2010.0,India,India,Lower-middle-income
6372,1998.0,Sweden,Sweden,High-income
6373,2000.0,Sweden,Sweden,High-income
6374,2007.0,Canada,Canada,High-income
6375,2010.0,United States,United States,High-income
6376,2018.0,United States,United States,High-income
6377,1977.0,Not report,,
6378,2006.0,Not report,,
6379,2015.0,Spain,Spain,High-income
6380,1996.0,Canada,Canada,High-income
6381,2008.0,"Global - United States, Argentina, Italy, Slovakia, Mexico, Finland, Chile",,
6382,2008.0,Turkey,Turkey,Upper-middle-income
6383,2019.0,Burkina Faso,Burkina Faso,Low-income
6385,1977.0,Norway,Norway,High-income
6387,1997.0,Denmark,Denmark,High-income
6388,2006.0,Brazil,Brazil,Upper-middle-income
6389,2014.0,Argentina,Argentina,High-income
6390,2016.0,Peru,Peru,Upper-middle-income
6393,1995.0,Not report,,
6394,2007.0,Not report,,
6395,2022.0,Not report,,
6396,1999.0,United States,United States,High-income
6397,2003.0,Not report,,
6398,2017.0,India,India,Lower-middle-income
6399,2004.0,United States,United States,High-income
6400,2019.0,Serbia,Serbia,Upper-middle-income
6402,2021.0,Brazil,Brazil,Upper-middle-income
6403,2016.0,Not report,,
6405,2018.0,"Italy, Poland, Russia, Ukraine",,
6407,1990.0,Not report,,
6408,2013.0,China,China,Upper-middle-income
6410,2019.0,Mexico,Mexico,Upper-middle-income
6411,2009.0,Hungary,Hungary,High-income
6412,2021.0,UK and Ireland,,
6413,2014.0,France,France,High-income
6414,2008.0,Kenya,Kenya,Low-income
6415,2020.0,Pakistan,Pakistan,Lower-middle-income
6417,2009.0,"Belgium, Germany, Netherlands, Spain, UK",,
6418,2015.0,South Korea,South Korea,High-income
6420,2006.0,Korea,South Korea,High-income
6421,2002.0,Finland,Finland,High-income
6423,2003.0,United States,United States,High-income
6424,2003.0,USA,United States,High-income
6425,2003.0,United States,United States,High-income
6427,2020.0,United States,United States,High-income
6428,2004.0,Sweden,Sweden,High-income
6430,2001.0,Not report,,
6431,1989.0,France,France,High-income
6432,2007.0,UK,United Kingdom,High-income
6433,1987.0,Not report,,
6434,2005.0,Tunisia,Tunisia,Lower-middle-income
6435,2007.0,Tunisia,Tunisia,Lower-middle-income
6436,2004.0,Denmark and Sweden,,
6437,2006.0,Turkey,Turkey,Upper-middle-income
6438,1983.0,Sweden,Sweden,High-income
6439,2007.0,Tanzania,Tanzania,Low-income
6440,2015.0,Turkey,Turkey,Upper-middle-income
6443,1996.0,Bangladesh,Bangladesh,Low-income
6444,2009.0,Bangladesh,Bangladesh,Low-income
6445,2022.0,India,India,Lower-middle-income
6446,2000.0,India,India,Low-income
6447,2010.0,India,India,Lower-middle-income
6449,1994.0,United States,United States,High-income
6450,2009.0,United States,United States,High-income
6451,2009.0,United States,United States,High-income
6452,2018.0,Iran,Iran,Upper-middle-income
6453,2006.0,United States,United States,High-income
6454,1994.0,"United States, Dominican Republic, Greece, France, Netherlands",,
6455,1997.0,Greece,Greece,High-income
6456,1997.0,Greece and Switzerland,,
6457,2004.0,Greece,Greece,High-income
6459,1998.0,Israel,Israel,High-income
6460,2008.0,Iran,Iran,Lower-middle-income
6461,1991.0,Belgium,Belgium,High-income
6464,1998.0,Not report,,
6465,1999.0,Not report,,
6466,2000.0,Not report,,
6467,2000.0,United States,United States,High-income
6468,2005.0,United States,United States,High-income
6469,2021.0,India,India,Lower-middle-income
6470,1996.0,Not report,,
6472,2000.0,Finland,Finland,High-income
6475,2013.0,Uganda,Uganda,Low-income
6477,2021.0,India,India,Lower-middle-income
6478,2016.0,Iran,Iran,Upper-middle-income
6479,1995.0,Not report,,
6481,1987.0,Not report,,
6483,2015.0,Lithuania,Lithuania,High-income
6487,2003.0,India,India,Low-income
6488,1993.0,United States,United States,High-income
6489,1995.0,Pakistan,Pakistan,Low-income
6490,2016.0,India,India,Lower-middle-income
6491,2020.0,Egypt,Egypt,Lower-middle-income
6492,2021.0,Not report,,
6493,2002.0,Malaysia,Malaysia,Upper-middle-income
6496,2020.0,Egypt,Egypt,Lower-middle-income
6497,2002.0,Thailand,Thailand,Lower-middle-income
6499,2010.0,Germany,Germany,High-income
6501,2022.0,Japan,Japan,High-income
6502,2019.0,Thailand,Thailand,Upper-middle-income
6503,2001.0,Netherlands,Netherlands,High-income
6504,2002.0,Netherlands,Netherlands,High-income
6505,2016.0,Denmark,Denmark,High-income
6507,2017.0,Iran,Iran,Upper-middle-income
6508,2021.0,Sweden,Sweden,High-income
6509,2013.0,Uganda,Uganda,Low-income
6511,2007.0,Uganda,Uganda,Low-income
6512,2014.0,Uganda,Uganda,Low-income
6514,1999.0,Switzerland,Switzerland,High-income
6515,1984.0,India,India,Low-income
6516,2013.0,India,India,Lower-middle-income
6517,2003.0,United States,United States,High-income
6519,2015.0,Not report,,
6520,2016.0,India,India,Lower-middle-income
6522,2021.0,Korea,South Korea,High-income
6523,2022.0,Korea,South Korea,High-income
6525,2020.0,Not report,,
6527,2013.0,Turkey,Turkey,Upper-middle-income
6528,2012.0,Turkey,Turkey,Upper-middle-income
6529,2016.0,Not report,,
6530,2000.0,Finland,Finland,High-income
6531,2001.0,Finland,Finland,High-income
6532,2002.0,Finland,Finland,High-income
6533,2001.0,Japan,Japan,High-income
6534,2009.0,"Europe (Czech Republic, France, Italy, Poland, Slovak Republic, Spain, UK)",,
6535,1995.0,Not report,,
6536,2003.0,Not report,,
6537,1994.0,United States,United States,High-income
6538,2015.0,UK,United Kingdom,High-income
6539,2007.0,Not report,,
6540,1987.0,United States,United States,High-income
6541,1989.0,United States,United States,High-income
6542,1994.0,United States,United States,High-income
6543,2008.0,Not report,,
6544,2009.0,Germany,Germany,High-income
6545,1990.0,Not report,,
6547,2015.0,Uganda,Uganda,Low-income
6549,1988.0,United States,United States,High-income
6550,1999.0,United States,United States,High-income
6551,1999.0,United States,United States,High-income
6552,1999.0,United States and Mexico,,
6553,2001.0,United States,United States,High-income
6554,2003.0,United States and Latin America,,
6555,1987.0,United States,United States,High-income
6556,2012.0,Not report,,
6557,2021.0,India,India,Lower-middle-income
6558,2002.0,"Belgium, Canada, France, Germany, New Zealand, South Africa, Spain, and the United Kingdom",,
6559,2014.0,Japan,Japan,High-income
6560,2014.0,India,India,Lower-middle-income
6561,2014.0,Congo and Rwanda,,
6562,1997.0,Not report,,
6563,2017.0,India,India,Lower-middle-income
6564,1998.0,Turkey,Turkey,Upper-middle-income
6565,2014.0,Turkey,Turkey,Upper-middle-income
6566,2017.0,Not report,,
6568,2008.0,Not report,,
6569,2009.0,Not report,,
6570,2006.0,Turkey,Turkey,Upper-middle-income
6572,2018.0,Not report,,
6573,2008.0,Not report,,
6574,2014.0,Turkey,Turkey,Upper-middle-income
6575,2022.0,Not report,,
6577,2006.0,Turkey,Turkey,Upper-middle-income
6578,2015.0,Turkey,Turkey,Upper-middle-income
6579,2022.0,Lebanon,Lebanon,Lower-middle-income
6580,2007.0,Turkey,Turkey,Upper-middle-income
6581,2009.0,Turkey,Turkey,Upper-middle-income
6582,2012.0,Turkey,Turkey,Upper-middle-income
6583,2004.0,Not report,,
6584,2003.0,Not report,,
6585,2016.0,Not report,,
6586,2021.0,Iran,Iran,Lower-middle-income
6587,2017.0,Iran,Iran,Upper-middle-income
6588,2004.0,Croatia,Croatia,Upper-middle-income
6589,2004.0,Not report,,
6591,2006.0,Hungary,Hungary,Upper-middle-income
6592,1995.0,"France, The Netherlands, and the United Kingdom.",,
6593,2006.0,Rwanda,Rwanda,Low-income
6594,2012.0,Europe and United States,,
6595,2010.0,Not report,,
6596,1985.0,Not report,,
6597,1993.0,Finland,Finland,High-income
6598,1994.0,Finland,Finland,High-income
6601,1998.0,Iran,Iran,Lower-middle-income
6603,2012.0,Not report,,
6604,2019.0,"Burkina Faso, South Africa, Uganda, and Zambia",,
6605,2022.0,France and Belgium,,
6607,1992.0,Not report,,
6608,1993.0,Not report,,
6609,2016.0,Papua New Guinea,Papua New Guinea,Lower-middle-income
6610,1993.0,Not report,,
6612,2019.0,Not report,,
6615,2002.0,Not report,,
6616,2018.0,Not report,,
6617,2019.0,Not report,,
6618,1965.0,USA,United States,High-income
6619,1983.0,Finland,Finland,High-income
6622,2022.0,India,India,Lower-middle-income
6623,2002.0,Not report,,
6624,2003.0,Not report,,
6625,1997.0,Not report,,
6626,2021.0,Not report,,
6627,2006.0,Papua New Guinea,Papua New Guinea,Low-income
6628,2008.0,Papua New Guinea,Papua New Guinea,Lower-middle-income
6629,2008.0,Papua New Guinea,Papua New Guinea,Lower-middle-income
6630,2022.0,United States,United States,High-income
6631,2022.0,Not report,,
6632,2018.0,Sri Lanka,Sri Lanka,Upper-middle-income
6633,1996.0,Indonesia,Indonesia,Lower-middle-income
6635,1984.0,Not report,,
6636,2005.0,Iran,Iran,Lower-middle-income
6637,1988.0,United States and Canada,,
6639,2017.0,Iran,Iran,Upper-middle-income
6640,2013.0,International,,
6641,2018.0,Not report,,
6642,2019.0,France,France,High-income
6643,2020.0,Iran,Iran,Lower-middle-income
6644,2012.0,Africa and Asia,,
6646,2017.0,"Global - Asia, Europe, Middle East, North America",,
6647,2001.0,Germany,Germany,High-income
6648,2021.0,Poland,Poland,High-income
6649,2022.0,Poland,Poland,High-income
6650,1996.0,"Austria, Belgium, UK, Germany, Switzerland, USA",,
6652,2014.0,United States,United States,High-income
6654,1983.0,Not report,,
6655,2014.0,Japan,Japan,High-income
6656,2000.0,Not report,,
6657,2009.0,Uganda,Uganda,Low-income
6659,2012.0,Japan,Japan,High-income
6660,2012.0,Japan,Japan,High-income
6662,2013.0,Japan,Japan,High-income
6663,2019.0,Japan,Japan,High-income
6664,1995.0,Japan,Japan,High-income
6665,1995.0,Not report,,
6666,1995.0,Not report,,
6667,1997.0,Not report,,
6668,1980.0,Not report,,
6669,2000.0,USA,United States,High-income
6670,2022.0,Tanzania,Tanzania,Lower-middle-income
6671,1978.0,Not report,,
6672,1982.0,Brazil,Brazil,Upper-middle-income
6673,1986.0,Not report,,
6674,1998.0,"Finland, France, Hong Kong, Israel, Italy, Portugal, Spain, Singapore, United Arab Emirates",,
6675,2021.0,United States,United States,High-income
6676,2002.0,Not report,,
6677,2009.0,Not report,,
6678,1995.0,Germany,Germany,High-income
6679,2000.0,Not report,,
6680,2001.0,Not report,,
6681,2005.0,Not report,,
6682,2011.0,United States,United States,High-income
6683,2004.0,Germany,Germany,High-income
6685,2003.0,Not report,,
6686,2009.0,India,India,Lower-middle-income
6687,2010.0,India,India,Lower-middle-income
6688,2012.0,Not report,,
6689,2013.0,Not report,,
6690,2015.0,India,India,Lower-middle-income
6691,2022.0,India,India,Lower-middle-income
6692,2018.0,Not report,,
6693,2019.0,Not report,,
6694,2010.0,India,India,Lower-middle-income
6695,2004.0,Turkey,Turkey,Upper-middle-income
6696,1989.0,Greece,Greece,Upper-middle-income
6697,2015.0,Iran,Iran,Upper-middle-income
6698,1999.0,Not report,,
6699,2017.0,Not report,,
6700,2019.0,Not report,,
6701,2007.0,Not report,,
6702,2021.0,Not report,,
6703,1992.0,Not report,,
6704,1995.0,Not report,,
6705,2006.0,Not report,,
6706,2006.0,Japan,Japan,High-income
6707,2001.0,Not report,,
6708,2012.0,Not report,,
6709,2002.0,Not report,,
6711,2009.0,Mali,Mali,Low-income
6712,2011.0,Not report,,
6713,1996.0,Not report,,
6714,1998.0,Not report,,
6715,1973.0,Canada,Canada,High-income
6716,2017.0,Iran,Iran,Upper-middle-income
6717,2020.0,Pakistan,Pakistan,Lower-middle-income
6721,1991.0,Not report,,
6723,2008.0,"United States, Colombia, Chile",,
6724,2001.0,Turkey,Turkey,Lower-middle-income
6727,1990.0,Zimbabwe,Zimbabwe,Lower-middle-income
6728,2018.0,Ethiopia,Ethiopia,Low-income
6729,2018.0,"Malawi, Niger, Tanzania",,
6730,2019.0,Ethiopia,Ethiopia,Low-income
6731,2019.0,Niger,Niger,Low-income
6732,2020.0,Niger,Niger,Low-income
6733,1989.0,Not report,,
6734,1990.0,Not report,,
6735,2012.0,USA,United States,High-income
6736,2001.0,Not report,,
6737,2004.0,Not report,,
6738,2005.0,Not report,,
6740,2018.0,United States,United States,High-income
6742,2019.0,Tanzania,Tanzania,Lower-middle-income
6743,2016.0,Uganda,Uganda,Low-income
6744,2011.0,Turkey,Turkey,Upper-middle-income
6745,1996.0,Not report,,
6746,2001.0,"United States, Canada",,
6747,2012.0,United States,United States,High-income
6749,2016.0,United States,United States,High-income
6750,2020.0,Tanzania,Tanzania,Lower-middle-income
6751,1992.0,United States,United States,High-income
6753,1984.0,Canada,Canada,High-income
6754,2004.0,Europe,,
6755,2012.0,USA,United States,High-income
6756,2012.0,Not report,,
6757,2015.0,Canada,Canada,High-income
6759,2004.0,United States,United States,High-income
6760,1991.0,Japan,Japan,High-income
6761,2005.0,Not report,,
6762,1989.0,United States,United States,High-income
6763,1998.0,United States,United States,High-income
6764,1999.0,United States,United States,High-income
6765,2007.0,Not report,,
6767,2000.0,United States,United States,High-income
6768,2001.0,UK,United Kingdom,High-income
6769,2013.0,United Kingdom,United Kingdom,High-income
6770,2008.0,UK,United Kingdom,High-income
6771,2012.0,Japan,Japan,High-income
6772,2008.0,Not report,,
6773,2009.0,Not report,,
6774,2009.0,Not report,,
6776,2014.0,United States,United States,High-income
6777,1956.0,Not report,,
6778,1998.0,United States,United States,High-income
6779,1998.0,International,,
6780,2001.0,"International, 55 centers worldwide",,
6782,2001.0,Not report,,
6783,2013.0,United States,United States,High-income
6784,1995.0,Not report,,
6785,1999.0,Not report,,
6788,1993.0,Canada,Canada,High-income
6789,2012.0,Not report,,
6790,1991.0,Australia,Australia,High-income
6791,2002.0,Australia,Australia,High-income
6792,1997.0,Not report,,
6793,2001.0,Not report,,
6795,2019.0,International,,
6796,2005.0,United States,United States,High-income
6797,2012.0,Netherlands,Netherlands,High-income
6798,2006.0,United States,United States,High-income
6799,2016.0,Iran,Iran,Upper-middle-income
6801,2018.0,Turkey,Turkey,Upper-middle-income
6803,2015.0,Finland,Finland,High-income
6804,2016.0,Finland,Finland,High-income
6805,2019.0,Finland,Finland,High-income
6807,2020.0,Turkey,Turkey,Upper-middle-income
6808,2011.0,Iran,Iran,Upper-middle-income
6809,2014.0,Iran,Iran,Upper-middle-income
6810,2011.0,UK,United Kingdom,High-income
6811,2022.0,Egypt,Egypt,Lower-middle-income
6812,2015.0,Not report,,
6813,2018.0,Iran,Iran,Upper-middle-income
6814,2021.0,Iran,Iran,Lower-middle-income
6815,2018.0,Nepal,Nepal,Low-income
6817,2018.0,Iran,Iran,Upper-middle-income
6819,1998.0,Tunisia,Tunisia,Lower-middle-income
6820,2019.0,Egypt,Egypt,Lower-middle-income
6822,2013.0,Not report,,
6823,1992.0,Not report,,
6824,1996.0,Not report,,
6825,1998.0,United States,United States,High-income
6826,1999.0,Not report,,
6827,2003.0,Not report,,
6828,2006.0,United States,United States,High-income
6829,2008.0,United States,United States,High-income
6830,2017.0,United States,United States,High-income
6831,2020.0,Syria,Syria,Low-income
6832,2021.0,Egypt,Egypt,Lower-middle-income
6833,2016.0,Iran,Iran,Upper-middle-income
6834,2019.0,Pakistan,Pakistan,Lower-middle-income
6835,1981.0,UK,United Kingdom,High-income
6836,1997.0,UK,United Kingdom,High-income
6837,2002.0,Bangladesh,Bangladesh,Low-income
6838,2002.0,Pakistan,Pakistan,Low-income
6839,2006.0,United States,United States,High-income
6840,2008.0,Pakistan,Pakistan,Lower-middle-income
6841,2015.0,Pakistan,Pakistan,Lower-middle-income
6842,2019.0,Not report,,
6843,2019.0,Pakistan,Pakistan,Lower-middle-income
6844,2020.0,Pakistan,Pakistan,Lower-middle-income
6845,2021.0,India,India,Lower-middle-income
6846,2022.0,Pakistan,Pakistan,Lower-middle-income
6847,2011.0,Pakistan,Pakistan,Lower-middle-income
6848,2015.0,Nepal,Nepal,Low-income
6849,2020.0,Nepal,Nepal,Lower-middle-income
6850,2022.0,Bangladesh,Bangladesh,Lower-middle-income
6852,2017.0,Israel,Israel,High-income
6853,2019.0,Not report,,
6854,2005.0,Not report,,
6855,2011.0,Egypt,Egypt,Lower-middle-income
6856,2005.0,Iran,Iran,Lower-middle-income
6857,2016.0,US and Spain,,
6858,2014.0,India,India,Lower-middle-income
6859,2020.0,Nepal,Nepal,Lower-middle-income
6860,2009.0,Qatar,Qatar,High-income
6861,2018.0,Pakistan,Pakistan,Lower-middle-income
6862,2018.0,Not report,,
6863,2004.0,Israel,Israel,High-income
6864,2020.0,Iran,Iran,Lower-middle-income
6865,2008.0,United States,United States,High-income
6866,2016.0,USA,United States,High-income
6867,2021.0,Not report,,
6869,2016.0,Iran,Iran,Upper-middle-income
6871,2012.0,Iran,Iran,Upper-middle-income
6872,2014.0,Iran,Iran,Upper-middle-income
6874,2018.0,Not report,,
6875,2003.0,Not report,,
6876,2006.0,Not report,,
6878,2006.0,Not report,,
6879,2011.0,Iran,Iran,Upper-middle-income
6880,1999.0,Jordan,Jordan,Lower-middle-income
6881,2017.0,India,India,Lower-middle-income
6882,2020.0,India,India,Lower-middle-income
6883,2012.0,Not report,,
6884,2018.0,Thailand,Thailand,Upper-middle-income
6886,2019.0,Not report,,
6887,2004.0,United States,United States,High-income
6888,2017.0,Ireland,Ireland,High-income
6889,2013.0,Poland,Poland,High-income
6890,2015.0,Poland,Poland,High-income
6891,2001.0,Not report,,
6892,2000.0,Not report,,
6893,2003.0,Not report,,
6894,2009.0,Japan,Japan,High-income
6897,2004.0,United States,United States,High-income
6898,2019.0,Tanzania,Tanzania,Lower-middle-income
6899,2020.0,Tanzania,Tanzania,Lower-middle-income
6900,1999.0,Not report,,
6901,2002.0,Not report,,
6904,2012.0,Korea,South Korea,High-income
6905,2012.0,Not report,,
6906,2013.0,Korea,South Korea,High-income
6907,2013.0,Not report,,
6909,2014.0,United States,United States,High-income
6910,2014.0,Not report,,
6911,2017.0,Not report,,
6912,2018.0,Korea,South Korea,High-income
6914,2020.0,"Brazil, Colombia, Mexico, South Africa, Turkey",,
6915,2020.0,Not report,,
6916,2021.0,Not report,,
6917,2021.0,Korea,South Korea,High-income
6919,2013.0,Not report,,
6920,2014.0,Not report,,
6921,2014.0,Not report,,
6923,2021.0,Not report,,
6925,2005.0,Korea,South Korea,High-income
6926,2011.0,Not report,,
6927,2020.0,Korea,South Korea,High-income
6928,2021.0,Not report,,
6929,1983.0,Not report,,
6930,2003.0,Not report,,
6931,2007.0,Not report,,
6932,2008.0,Not report,,
6933,2009.0,Not report,,
6934,2013.0,Not report,,
6935,2013.0,Not report,,
6936,2017.0,Not report,,
6937,2020.0,Korea,South Korea,High-income
6939,2004.0,United States,United States,High-income
6940,2007.0,Not report,,
6942,2009.0,Korea,South Korea,High-income
6943,2010.0,Korea,South Korea,High-income
6944,2011.0,Not report,,
6945,2016.0,Korea,South Korea,High-income
6946,2016.0,Not report,,
6947,2006.0,Not report,,
6948,2020.0,Not report,,
6949,2014.0,Not report,,
6950,2008.0,Not report,,
6951,2006.0,Korea,South Korea,High-income
6952,2011.0,Not report,,
6953,2015.0,Not report,,
6954,2017.0,Not report,,
6956,2011.0,Not report,,
6957,2011.0,Not report,,
6958,1990.0,Not report,,
6959,1994.0,Not report,,
6960,2003.0,Not report,,
6961,2016.0,United States,United States,High-income
6962,1983.0,United States,United States,High-income
6963,2001.0,Not report,,
6964,2009.0,United States,United States,High-income
6965,2013.0,United States,United States,High-income
6966,1997.0,Canada and United States,,
6969,1980.0,Not report,,
6970,1991.0,United States,United States,High-income
6971,2003.0,Not report,,
6972,2001.0,Not report,,
6975,1991.0,Not report,,
6976,1995.0,Not report,,
6977,2020.0,Europe and Asia,,
6978,2015.0,India,India,Lower-middle-income
6979,2008.0,Finland,Finland,High-income
6980,2009.0,Not report,,
6981,2010.0,Not report,,
6982,2001.0,Not report,,
6984,2015.0,Japan,Japan,High-income
6986,1981.0,Costa Rica,Costa Rica,Lower-middle-income
6987,1992.0,Turkey,Turkey,Lower-middle-income
6988,2016.0,Denmark,Denmark,High-income
6989,1975.0,Sweden,Sweden,High-income
6990,1986.0,Not report,,
6991,1986.0,Sweden,Sweden,High-income
6992,1988.0,Not report,,
6993,2000.0,Canada,Canada,High-income
6994,2012.0,Not report,,
6995,2013.0,Not report,,
6996,2003.0,Not report,,
6997,2010.0,Not report,,
6998,2010.0,Not report,,
6999,1991.0,Canada,Canada,High-income
7000,1994.0,Canada,Canada,High-income
7001,1997.0,Canada,Canada,High-income
7003,2015.0,United States,United States,High-income
7004,2002.0,United States,United States,High-income
7005,1979.0,United States,United States,High-income
7006,1981.0,Not report,,
7007,1990.0,Not report,,
7008,1992.0,United States,United States,High-income
7009,1997.0,Not report,,
7010,1997.0,Not report,,
7011,1998.0,United States,United States,High-income
7012,2002.0,Not report,,
7013,2003.0,Not report,,
7014,2004.0,United States,United States,High-income
7015,2011.0,United States,United States,High-income
7016,2014.0,"United States, United Kingdom, Slovenia, and Belgium",,
7018,2002.0,Not report,,
7019,2000.0,Not report,,
7020,2020.0,Sweden,Sweden,High-income
7022,1997.0,United States,United States,High-income
7023,1998.0,Not report,,
7024,1998.0,Not report,,
7025,1999.0,Not report,,
7026,2001.0,United States,United States,High-income
7027,1997.0,Not report,,
7029,2007.0,Not report,,
7030,1997.0,Not report,,
7031,1987.0,Not report,,
7032,1990.0,Not report,,
7033,1991.0,Not report,,
7034,1992.0,Not report,,
7035,2014.0,Australia,Australia,High-income
7036,2018.0,Australia,Australia,High-income
7037,1995.0,South African,South Africa,Upper-middle-income
7039,1998.0,Vietnam,Vietnam,Low-income
7040,2017.0,Finland,Finland,High-income
7041,2010.0,Tanzania,Tanzania,Low-income
7042,2019.0,Tanzania,Tanzania,Lower-middle-income
7043,2001.0,"United States, Africa, Australia, Europe, North America, South America",,
7044,1967.0,United States,United States,High-income
7045,1977.0,Denmark,Denmark,High-income
7046,1985.0,Denmark,Denmark,High-income
7047,1985.0,Denmark,Denmark,High-income
7048,1988.0,Denmark,Denmark,High-income
7050,2006.0,Sweden,Sweden,High-income
7051,2001.0,Not report,,
7052,2014.0,Korea,South Korea,High-income
7054,1995.0,Not report,,
7056,2009.0,Japan,Japan,High-income
7057,2012.0,Japan,Japan,High-income
7058,2014.0,Japan,Japan,High-income
7061,2007.0,Ghana,Ghana,Low-income
7062,2008.0,Ghana,Ghana,Low-income
7064,2008.0,Not report,,
7065,2018.0,Not report,,
7066,2019.0,Not report,,
7067,2009.0,Not report,,
7069,2019.0,North America and Europe,,
7070,2005.0,Netherlands,Netherlands,High-income
7071,1998.0,Not report,,
7074,2002.0,Guinea-Bissau,Guinea-Bissau,Low-income
7075,2003.0,Guinea-Bissau,Guinea-Bissau,Low-income
7076,2007.0,Guinea-Bissau,Guinea-Bissau,Low-income
7077,2011.0,Guinea-Bissau,Guinea-Bissau,Low-income
7079,2002.0,Not report,,
7080,2003.0,Chile,Chile,Upper-middle-income
7082,1997.0,Not report,,
7083,1999.0,Not report,,
7084,2000.0,Not report,,
7085,2001.0,Korea,South Korea,High-income
7086,2002.0,Korea,South Korea,High-income
7087,2013.0,Not report,,
7089,2011.0,India,India,Lower-middle-income
7090,2016.0,United States,United States,High-income
7091,1999.0,Not report,,
7092,2000.0,Not report,,
7093,2006.0,Not report,,
7094,2004.0,Finland,Finland,High-income
7095,1988.0,Not report,,
7096,2000.0,Not report,,
7097,2007.0,Netherlands,Netherlands,High-income
7099,2003.0,Not report,,
7100,1994.0,Not report,,
7101,1995.0,Not report,,
7102,1998.0,Not report,,
7103,1999.0,Not report,,
7104,1999.0,Not report,,
7105,1999.0,Not report,,
7106,2000.0,Finland,Finland,High-income
7107,2000.0,Finland,Finland,High-income
7108,2000.0,Not report,,
7109,2001.0,Not report,,
7110,2002.0,Finland,Finland,High-income
7111,2002.0,Not report,,
7112,2004.0,Not report,,
7113,2005.0,Finland,Finland,High-income
7114,2006.0,Not report,,
7117,2008.0,Not report,,
7118,2007.0,Afghanistan,Afghanistan,Low-income
7119,2014.0,Not report,,
7120,1998.0,Not report,,
7121,2007.0,Not report,,
7122,1998.0,Not report,,
7123,2011.0,Not report,,
7124,1995.0,Not report,,
7125,1997.0,Not report,,
7127,1999.0,Japan,Japan,High-income
7128,2020.0,Japan,Japan,High-income
7129,1994.0,Not report,,
7130,2013.0,Not report,,
7131,2020.0,Not report,,
7132,1999.0,United States,United States,High-income
7133,2016.0,Not report,,
7134,2011.0,Burkina Faso,Burkina Faso,Low-income
7135,2018.0,Côte d'Ivoire,Cote d'Ivoire,Lower-middle-income
7138,2006.0,Japan,Japan,High-income
7139,2010.0,Japan,Japan,High-income
7140,2016.0,Not report,,
7141,1999.0,Not report,,
7142,2011.0,Turkey,Turkey,Upper-middle-income
7143,2015.0,Not report,,
7145,2020.0,Not report,,
7146,2021.0,China,China,Upper-middle-income
7147,2022.0,Not report,,
7148,1998.0,Not report,,
7149,2009.0,United States,United States,High-income
7150,2014.0,Australia,Australia,High-income
7151,2002.0,Not report,,
7153,1992.0,Not report,,
7154,2020.0,Japan,Japan,High-income
7155,2004.0,Not report,,
7156,2005.0,Not report,,
7157,1991.0,United States,United States,High-income
7159,2019.0,Turkey,Turkey,Upper-middle-income
7160,2008.0,Not report,,
7161,2017.0,Not report,,
7162,2008.0,Netherlands,Netherlands,High-income
7163,1997.0,Not report,,
7164,1999.0,United States,United States,High-income
7165,2002.0,Germany,Germany,High-income
7166,2003.0,Not report,,
7167,2007.0,Germany,Germany,High-income
7169,2005.0,Ghana,Ghana,Low-income
7170,2016.0,"Argentina, Chile, South Africa, Georgia, Latvia, Lithuania, Spain, Poland, and United States",,
7172,1983.0,Israel,Israel,High-income
7173,2021.0,Malaysia,Malaysia,Upper-middle-income
7174,2017.0,Turkey,Turkey,Upper-middle-income
7175,2019.0,Turkey,Turkey,Upper-middle-income
7176,1991.0,United States,United States,High-income
7177,1994.0,United States,United States,High-income
7178,2005.0,Not report,,
7179,1999.0,Not report,,
7180,2007.0,Not report,,
7182,2017.0,Not report,,
7183,2010.0,Germany,Germany,High-income
7184,2010.0,Not report,,
7185,2010.0,Not report,,
7186,2004.0,Turkey,Turkey,Upper-middle-income
7188,2013.0,Not report,,
7189,2014.0,Turkey,Turkey,Upper-middle-income
7191,2017.0,Russia,Russia,Upper-middle-income
7193,2005.0,Finland,Finland,High-income
7195,1999.0,United States,United States,High-income
7197,2021.0,India,India,Lower-middle-income
7198,1996.0,Finland,Finland,High-income
7200,2019.0,United States,United States,High-income
7202,2022.0,Europe and Australia,,
7203,1999.0,South African,South Africa,Upper-middle-income
7205,2021.0,Iran,Iran,Lower-middle-income
7206,2011.0,Not report,,
7207,2016.0,"USA, Latin America, Western and Eastern Europe, Russia",,
7208,2017.0,"USA, Latin America, Europe, Russia",,
7209,2019.0,Not report,,
7210,2000.0,Not report,,
7211,2015.0,United States,United States,High-income
7212,2012.0,Israel,Israel,High-income
7213,2008.0,Netherlands,Netherlands,High-income
7214,1987.0,Not report,,
7215,1991.0,Not report,,
7216,1997.0,Switzerland,Switzerland,High-income
7217,2008.0,Not report,,
7218,2010.0,Not report,,
7219,2017.0,Not report,,
7220,1987.0,Not report,,
7222,1981.0,Not report,,
7223,1982.0,Not report,,
7224,1991.0,Canada,Canada,High-income
7225,2005.0,Not report,,
7226,2008.0,United States,United States,High-income
7228,1989.0,Not report,,
7229,1985.0,Not report,,
7230,2002.0,United States and Canada,,
7231,2005.0,United States,United States,High-income
7232,2007.0,United States and Canada (multicenter),,
7233,2011.0,Not report,,
7234,1989.0,Not report,,
7235,2014.0,Poland,Poland,High-income
7236,1995.0,United States,United States,High-income
7237,2015.0,Not report,,
7238,2016.0,Germany,Germany,High-income
7239,2013.0,Not report,,
7240,2023.0,India and Europe,,
7242,2020.0,New Zealand,New Zealand,High-income
7243,2023.0,New Zealand,New Zealand,High-income
7244,2011.0,Not report,,
7245,1995.0,Gabon,Gabon,Upper-middle-income
7246,2012.0,Gabon  Malawi,,
7248,2005.0,Gabon,Gabon,Upper-middle-income
7251,2015.0,Germany,Germany,High-income
7254,1984.0,Not report,,
7255,2017.0,Not report,,
7256,2001.0,Ghana,Ghana,Low-income
7258,2016.0,Not report,,
7259,2020.0,Not report,,
7260,1985.0,Not report,,
7261,1997.0,India,India,Low-income
7262,2012.0,United States,United States,High-income
7263,2012.0,Not report,,
7264,2009.0,Not report,,
7266,1994.0,Not report,,
7267,2005.0,Finland,Finland,High-income
7268,2009.0,Sweden,Sweden,High-income
7269,2014.0,Not report,,
7270,2019.0,Not report,,
7271,1970.0,Not report,,
7273,2006.0,Not report,,
7274,1985.0,United States,United States,High-income
7275,1990.0,Not report,,
7276,2002.0,Not report,,
7281,1987.0,United States,United States,High-income
7282,2017.0,United States,United States,High-income
7284,2022.0,"Australia,  Austria,  Belarus,  Brazil,  Bulgaria,  Canada,  Croatia,  Estonia,  France,  Germany,  Italy,  Latvia,  Lithuania,  Mexico,  Netherlands,  Poland,  Puerto Rico,  Romania,  Russian Federation,  Serbia,  Slovakia,  Spain,  Sweden,  Turkey,  Ukraine,  United Kingdom,  United States",,
7285,1996.0,Not report,,
7286,2009.0,United States and Russia,,
7287,1995.0,Not report,,
7288,2002.0,China,China,Lower-middle-income
7289,1987.0,United States,United States,High-income
7290,2001.0,Not report,,
7291,2002.0,Malawi,Malawi,Low-income
7295,2002.0,Turkey,Turkey,Lower-middle-income
7296,1997.0,Not report,,
7297,2002.0,Germany,Germany,High-income
7299,1996.0,Australia,Australia,High-income
7300,1999.0,Not report,,
7301,2009.0,Not report,,
7302,2012.0,South African,South Africa,Upper-middle-income
7303,1992.0,Thai-Burmese border,,
7305,2012.0,United States,United States,High-income
7306,1997.0,Not report,,
7308,2001.0,Not report,,
7309,2010.0,India,India,Lower-middle-income
7310,2007.0,Not report,,
7311,2010.0,"Argentina, Brazil, Canada, Colombia,
Poland, South Africa and the USA",,
7312,1993.0,India,India,Low-income
7313,1993.0,Not report,,
7314,2005.0,Not report,,
7315,2007.0,India,India,Lower-middle-income
7316,2009.0,India,India,Lower-middle-income
7317,2009.0,Not report,,
7319,2013.0,India,India,Lower-middle-income
7320,2015.0,Not report,,
7321,2017.0,Not report,,
7322,2017.0,India,India,Lower-middle-income
7323,2019.0,India,India,Lower-middle-income
7324,2019.0,Pakistan,Pakistan,Lower-middle-income
7326,2020.0,India,India,Lower-middle-income
7327,2020.0,India,India,Lower-middle-income
7328,2020.0,India,India,Lower-middle-income
7329,2021.0,India,India,Lower-middle-income
7331,2003.0,United States,United States,High-income
7332,2017.0,Not report,,
7333,2014.0,India,India,Lower-middle-income
7337,2008.0,United States,United States,High-income
7338,2011.0,Poland,Poland,High-income
7340,1998.0,Not report,,
7342,2005.0,Japan,Japan,High-income
7344,2010.0,Not report,,
7345,2018.0,Not report,,
7346,2018.0,Not report,,
7347,2012.0,Not report,,
7348,1988.0,American,,
7349,1996.0,Not report,,
7350,2016.0,Netherlands,Netherlands,High-income
7352,1993.0,United States,United States,High-income
7353,2012.0,Germany and United States,,
7354,2009.0,Japan,Japan,High-income
7355,1999.0,United States,United States,High-income
7358,2006.0,Turkey,Turkey,Upper-middle-income
7359,2007.0,Turkey,Turkey,Upper-middle-income
7360,1986.0,Kenya,Kenya,Low-income
7361,2015.0,"Canada, Colombia, France, Greece, Israel, Italy, Norway, The Netherlands, United States",,
7362,1995.0,Canada,Canada,High-income
7364,1994.0,Canada,Canada,High-income
7365,2014.0,Not report,,
7366,2019.0,North America,,
7367,1988.0,Finland,Finland,High-income
7368,2000.0,"Europe (Denmark, Finland, France, Norway, Sweden)",,
7369,1998.0,Turkey,Turkey,Upper-middle-income
7370,2004.0,Turkey,Turkey,Upper-middle-income
7371,2016.0,India,India,Lower-middle-income
7372,1984.0,Norway,Norway,High-income
7373,1985.0,Not report,,
7374,2009.0,Not report,,
7375,2010.0,Not report,,
7376,2012.0,Korea,South Korea,High-income
7377,2014.0,Not report,,
7378,2017.0,Ghana,Ghana,Lower-middle-income
7379,2020.0,Kenya and Uganda,,
7380,2009.0,Not report,,
7381,1997.0,Not report,,
7382,2008.0,Ghana,Ghana,Low-income
7383,2017.0,United States,United States,High-income
7384,1997.0,China,China,Lower-middle-income
7385,2020.0,Korea,South Korea,High-income
7386,1996.0,United States,United States,High-income
7387,2012.0,Not report,,
7389,2018.0,Greece,Greece,High-income
7390,2009.0,Not report,,
7391,1998.0,Gambia,Gambia,Low-income
7392,2012.0,Spain,Spain,High-income
7394,2010.0,United States and Canada,,
7396,2010.0,"Italy，United Kingdom，Spain，France，Israel，Poland，Austria，Belgium,Sweden,Czech Republic,Greece,Denmark,Hungary,Norway,Portugal,Switzerland,Slovakia",,
7397,2011.0,United States,United States,High-income
7399,2018.0,"France, Israel, Mexico, USA and South Africa",,
7400,2012.0,United States,United States,High-income
7401,2023.0,"United States，Argentina，Brazil，Canada，China，Colombia，Germany，Israel，Korea, Republic of，Mexico，Puerto Rico，Russian Federation，Thailand，United Kingdom，",,
7402,2017.0,"United States, Thailand",,
7403,1993.0,Not report,,
7404,2000.0,Not report,,
7405,1986.0,Kenya,Kenya,Low-income
7406,2004.0,Not report,,
7408,2019.0,"USA, Canada, Western Europe, Australia",,
7409,2016.0,"India, Hungary, Latvia, United States, Thailand, Spain, Australia, Belgium, Czech Republic, Poland, Republic of Korea",,
7410,2011.0,United States,United States,High-income
7411,1998.0,Not report,,
7412,2002.0,Italy,Italy,High-income
7413,2008.0,Italy,Italy,High-income
7414,2014.0,Italy,Italy,High-income
7415,2009.0,United States and Chile,,
7416,2007.0,Not report,,
7417,2000.0,Israel,Israel,High-income
7419,2002.0,UK,United Kingdom,High-income
7420,1987.0,Not report,,
7421,1991.0,Not report,,
7422,2000.0,United States and Canada,,
7423,2002.0,Not report,,
7426,2002.0,Not report,,
7427,1986.0,Not report,,
7428,1997.0,Not report,,
7429,1999.0,Not report,,
7430,2007.0,India,India,Lower-middle-income
7431,2000.0,Not report,,
7432,2021.0,Not report,,
7433,2005.0,China,China,Lower-middle-income
7434,2005.0,China,China,Lower-middle-income
7435,2005.0,United States,United States,High-income
7436,2014.0,Papua New Guinea,Papua New Guinea,Lower-middle-income
7439,1986.0,United States,United States,High-income
7440,2016.0,Italy,Italy,High-income
7441,2002.0,United States,United States,High-income
7442,1985.0,Not report,,
7443,1994.0,Not report,,
7444,2010.0,Not report,,
7445,2015.0,Canada and Europe,,
7446,1997.0,Not report,,
7447,2007.0,Canada,Canada,High-income
7448,2003.0,Not report,,
7449,2005.0,Not report,,
7450,2000.0,Netherlands,Netherlands,High-income
7451,1990.0,United States,United States,High-income
7453,2020.0,Pakistan,Pakistan,Lower-middle-income
7454,2008.0,USA,United States,High-income
7456,1996.0,United States,United States,High-income
7457,2016.0,United States,United States,High-income
7458,1987.0,Not report,,
7459,1997.0,Australia,Australia,High-income
7460,1993.0,Not report,,
7462,2004.0,American and Canadian,,
7463,2005.0,Canada,Canada,High-income
7464,2011.0,Canada and USA,,
7465,2022.0,Not report,,
7466,2008.0,United States,United States,High-income
7467,2009.0,USA,United States,High-income
7468,2009.0,Not report,,
7469,2006.0,Not report,,
7471,2013.0,Thailand,Thailand,Upper-middle-income
7472,1999.0,Not report,,
7474,1994.0,Not report,,
7475,2012.0,Canada,Canada,High-income
7477,1996.0,Not report,,
7478,2001.0,Italy,Italy,High-income
7479,2023.0,"Oslo, Norway and Copenhagen, Denmark",,
7480,1986.0,Danmark,Denmark,High-income
7482,1987.0,Not report,,
7483,1990.0,Not report,,
7484,1992.0,Not report,,
7485,1995.0,Sweden,Sweden,High-income
7486,2012.0,Sweden,Sweden,High-income
7487,1983.0,Not report,,
7488,1984.0,Not report,,
7490,2002.0,Germany,Germany,High-income
7491,2004.0,Not report,,
7493,1998.0,Not report,,
7494,1996.0,Not report,,
7495,2001.0,Not report,,
7496,2006.0,Malawi,Malawi,Low-income
7497,2012.0,Malawi,Malawi,Low-income
7498,2009.0,"United States, Chile, Poland, Hungary (multicenter)",,
7499,1985.0,Not report,,
7500,1988.0,Not report,,
7501,1994.0,United States,United States,High-income
7502,2014.0,Not report,,
7504,1996.0,Poland,Poland,Upper-middle-income
7505,2006.0,Poland,Poland,Upper-middle-income
7506,1997.0,Belgium,Belgium,High-income
7507,1998.0,United States and Canada,,
7508,2011.0,United States,United States,High-income
7509,2013.0,Kenya,Kenya,Low-income
7510,1980.0,Not report,,
7511,1995.0,Not report,,
7512,1999.0,Not report,,
7513,2021.0,United States,United States,High-income
7514,1994.0,United States,United States,High-income
7515,1994.0,Not report,,
7516,1996.0,Not report,,
7517,1996.0,Not report,,
7518,1998.0,Not report,,
7520,1995.0,Not report,,
7521,2001.0,Not report,,
7524,2013.0,Italy,Italy,High-income
7525,2015.0,Italy,Italy,High-income
7526,2008.0,Australia,Australia,High-income
7527,2008.0,Australia,Australia,High-income
7528,2021.0,"US, Canada, Australia, New Zealand",,
7529,2013.0,France,France,High-income
7530,2015.0,"France, Germany, Spain, Australia, Peru, Poland, USA, etc.",,
7532,1989.0,United States,United States,High-income
7533,1988.0,United States,United States,High-income
7534,2001.0,Not report,,
7535,2000.0,Not report,,
7536,2019.0,Not report,,
7537,1992.0,Not report,,
7538,1999.0,USA,United States,High-income
7539,2017.0,Not report,,
7540,1998.0,United States,United States,High-income
7541,2022.0,Not report,,
7542,2008.0,Not report,,
7543,1998.0,Venezuela,Venezuela,Upper-middle-income
7544,1998.0,Venezuela,Venezuela,Upper-middle-income
7545,2012.0,Not report,,
7547,1991.0,Belgium,Belgium,High-income
7549,2009.0,Not report,,
7551,2009.0,Not report,,
7552,2010.0,Korea,South Korea,High-income
7553,2011.0,Korea,South Korea,High-income
7557,1994.0,Not report,,
7558,1999.0,Not report,,
7560,2003.0,Singapore,Singapore,High-income
7561,2005.0,Not report,,
7562,2006.0,Not report,,
7564,2008.0,Not report,,
7565,2009.0,Not report,,
7566,2010.0,Not report,,
7568,2010.0,Korea,South Korea,High-income
7569,2010.0,Korea,South Korea,High-income
7570,2011.0,Canada,Canada,High-income
7571,2012.0,Not report,,
7572,2012.0,United States,United States,High-income
7573,2013.0,Not report,,
7574,2012.0,Not report,,
7575,2014.0,Not report,,
7576,2014.0,"United States, Canada, France, Argentina, Chile, Peru（77 site）",,
7577,2014.0,Korea,South Korea,High-income
7579,2017.0,Korea,South Korea,High-income
7581,2019.0,Not report,,
7582,2019.0,Not report,,
7584,2019.0,Not report,,
7585,2020.0,Korea,South Korea,High-income
7586,2020.0,Not report,,
7588,2010.0,Not report,,
7590,2012.0,Thailand,Thailand,Upper-middle-income
7591,1987.0,Canada,Canada,High-income
7592,2002.0,United States,United States,High-income
7593,2003.0,Brazil,Brazil,Lower-middle-income
7594,2021.0,France,France,High-income
7595,2019.0,Australia,Australia,High-income
7596,2005.0,United States,United States,High-income
7597,2007.0,Not report,,
7598,2013.0,United States,United States,High-income
7599,1979.0,United Sates,United States,High-income
7600,2007.0,Not report,,
7601,2019.0,"Austria, Belgium, Italy, Russian Federation, South Africa, Spain, United Kingdom",,
7602,1994.0,Not report,,
7603,1997.0,Not report,,
7604,1998.0,Gabon,Gabon,Upper-middle-income
7605,1998.0,Gabon,Gabon,Upper-middle-income
7607,1993.0,Not report,,
7608,2002.0,Not report,,
7609,2010.0,Not report,,
7611,2013.0,Not report,,
7612,2017.0,Canada,Canada,High-income
7614,2015.0,Not report,,
7615,2012.0,Not report,,
7616,2017.0,France,France,High-income
7618,2004.0,Canada,Canada,High-income
7619,2006.0,Not report,,
7620,2007.0,Canada,Canada,High-income
7621,2014.0,Canada,Canada,High-income
7622,2006.0,United Kingdom and Ireland,,
7623,1995.0,Not report,,
7624,2008.0,New Zealand,New Zealand,High-income
7625,2015.0,Canada and USA,,
7626,2016.0,North American,,
7629,2003.0,Not report,,
7631,2021.0,Not report,,
7632,1989.0,United States,United States,High-income
7633,2019.0,"Spain, France, India, Italy, Israel, United States, Greece, Hungary, Portugal, Croatia, Germany",,
7634,2010.0,Netherlands,Netherlands,High-income
7635,2010.0,Netherlands,Netherlands,High-income
7636,2011.0,Netherlands,Netherlands,High-income
7637,2021.0,United States,United States,High-income
7638,2002.0,India,India,Low-income
7639,2003.0,Mexico,Mexico,Upper-middle-income
7640,2014.0,Italy,Italy,High-income
7641,2017.0,Italy,Italy,High-income
7642,1977.0,Not report,,
7643,1979.0,Not report,,
7644,1996.0,Not report,,
7645,2003.0,"Canada, UK, Australia",,
7649,2005.0,Canada,Canada,High-income
7650,1995.0,Not report,,
7652,1999.0,Not report,,
7653,2002.0,Not report,,
7654,2005.0,Not report,,
7655,2013.0,France,France,High-income
7656,2009.0,Canada,Canada,High-income
7658,2005.0,Not report,,
7660,1998.0,Not report,,
7661,2014.0,Switzerland,Switzerland,High-income
7662,1986.0,Not report,,
7663,1986.0,Not report,,
7664,1993.0,Not report,,
7665,2000.0,New Zealand,New Zealand,High-income
7666,2008.0,United States,United States,High-income
7667,2003.0,Israel,Israel,High-income
7668,1993.0,Not report,,
7669,1993.0,Not report,,
7671,2009.0,Israel,Israel,High-income
7672,2016.0,United States,United States,High-income
7674,2018.0,"Israel, Canada, the Netherlands, Portugal, Belgium and Poland",,
7675,2009.0,"United States, Canada, South Africa",,
7677,2001.0,Not report,,
7678,2001.0,Not report,,
7679,2003.0,Not report,,
7681,2021.0,Not report,,
7682,1975.0,Not report,,
7683,2002.0,Not report,,
7685,2007.0,United States,United States,High-income
7686,2007.0,Not report,,
7687,1994.0,Not report,,
7688,2009.0,US and non-US sites,,
7689,2010.0,Australia,Australia,High-income
7691,2019.0,"Italy, the Netherlands, Poland, Sweden, the United Kingdom, and the United States",,
7693,2018.0,England,United Kingdom,High-income
7695,2016.0,China,China,Upper-middle-income
7697,2020.0,Not report,,
7699,2019.0,Not report,,
7701,2006.0,United States,United States,High-income
7702,2008.0,"Belgium, Canada, France, Germany, Italy, and the United States",,
7704,2009.0,Not report,,
7705,2010.0,"United States, India, South Africa, Russia, Dominican Republic",,
7708,2011.0,Not report,,
7712,2014.0,Not report,,
7713,2014.0,Not report,,
7715,2015.0,Not report,,
7718,2016.0,Not report,,
7719,2016.0,China,China,Upper-middle-income
7720,2016.0,China,China,Upper-middle-income
7721,2017.0,Not report,,
7723,2018.0,China,China,Upper-middle-income
7724,2018.0,China,China,Upper-middle-income
7727,2019.0,Not report,,
7728,2019.0,Not report,,
7731,2019.0,Not report,,
7732,2020.0,United States,United States,High-income
7733,2020.0,Not report,,
7734,2020.0,China,China,Upper-middle-income
7735,2021.0,Not report,,
7737,2021.0,China,China,Upper-middle-income
7739,2022.0,Not report,,
7740,2022.0,Not report,,
7742,2022.0,Not report,,
7743,2022.0,Not report,,
7744,1998.0,Not report,,
7745,2014.0,China,China,Upper-middle-income
7747,2002.0,United States,United States,High-income
7748,2006.0,China,China,Lower-middle-income
7752,2022.0,China,China,Upper-middle-income
7753,2022.0,China,China,Upper-middle-income
7754,2009.0,Not report,,
7755,2010.0,Not report,,
7757,2022.0,China,China,Upper-middle-income
7758,1999.0,United States,United States,High-income
7760,2008.0,United States,United States,High-income
7761,2003.0,Not report,,
7762,2007.0,Not report,,
7763,1988.0,Sweden,Sweden,High-income
7764,2015.0,Sweden,Sweden,High-income
7765,2018.0,Not report,,
7767,1996.0,Not report,,
7768,2002.0,United States,United States,High-income
7771,2015.0,Argentina,Argentina,Upper-middle-income
7773,2003.0,Canada,Canada,High-income
7774,1982.0,United States,United States,High-income
7775,1980.0,United States,United States,High-income
7776,1984.0,United States,United States,High-income
7777,1984.0,Canada,Canada,High-income
7779,1992.0,"Europe (France, Greece, Hungary, Italy, Poland, Spain)",,
7780,2017.0,USA and Belgium,,
7781,2006.0,Netherlands,Netherlands,High-income
7782,2021.0,China,China,Upper-middle-income
7783,1982.0,Not report,,
7784,2012.0,Not report,,
7785,2020.0,Not report,,
7786,1984.0,United States,United States,High-income
7787,2003.0,Not report,,
7789,2017.0,Korea,South Korea,High-income
7790,2003.0,Not report,,
7791,2013.0,Brazil,Brazil,Upper-middle-income
7794,2020.0,China,China,Upper-middle-income
7795,1992.0,Not report,,
7796,1995.0,Not report,,
7797,1998.0,China,China,Low-income
7798,2005.0,China,China,Lower-middle-income
7800,2005.0,China,China,Lower-middle-income
7806,2014.0,"United States, Canada, China, Mexico and Puerto Rico",,
7809,2016.0,China,China,Upper-middle-income
7810,2017.0,United States,United States,High-income
7811,2016.0,China,China,Upper-middle-income
7813,1993.0,Croatia,Croatia,Lower-middle-income
7814,2009.0,Not report,,
7815,2009.0,Netherlands,Netherlands,High-income
7816,2010.0,Netherlands,Netherlands,High-income
7817,2004.0,United States,United States,High-income
7818,2006.0,United States,United States,High-income
7819,2003.0,Not report,,
7820,2007.0,Netherlands,Netherlands,High-income
7821,2011.0,Not report,,
7822,2008.0,"United States (81 sites), Argentina (6 sites), Colombia (3 sites), and Mexico (3 sites).",,
7823,1979.0,Not report,,
7824,1980.0,Not report,,
7827,1991.0,Not report,,
7828,1999.0,Not report,,
7829,2003.0,Sweden,Sweden,High-income
7830,1989.0,Not report,,
7831,1998.0,United States,United States,High-income
7832,1968.0,Australia,Australia,High-income
7833,2020.0,Burkina Faso,Burkina Faso,Low-income
7834,2007.0,China,China,Lower-middle-income
7836,2006.0,Italy,Italy,High-income
7837,2003.0,Not report,,
7838,1977.0,Not report,,
7839,2002.0,Europe and South America,,
7840,2004.0,Not report,,
7841,2010.0,"USA, Canada, and Puerto Rico",,
7842,2012.0,Not report,,
7843,2012.0,Not report,,
7844,2018.0,Not report,,
7845,1997.0,Not report,,
7846,2013.0,Not report,,
7848,2007.0,United States,United States,High-income
7849,2015.0,Malawi,Malawi,Low-income
7850,1994.0,United States,United States,High-income
7851,1995.0,United States,United States,High-income
7852,1995.0,Not report,,
7853,2001.0,England,United Kingdom,High-income
7854,2002.0,United Kingdom,United Kingdom,High-income
7855,2021.0,England,United Kingdom,High-income
7856,2023.0,England,United Kingdom,High-income
7857,1996.0,UK,United Kingdom,High-income
7858,1987.0,United States,United States,High-income
7859,1999.0,Not report,,
7861,2014.0,China,China,Upper-middle-income
7863,1980.0,Not report,,
7865,2007.0,Not report,,
7870,2013.0,China,China,Upper-middle-income
7872,2015.0,China,China,Upper-middle-income
7873,2016.0,China,China,Upper-middle-income
7874,2016.0,China,China,Upper-middle-income
7875,2016.0,China,China,Upper-middle-income
7876,2016.0,Not report,,
7877,2016.0,China,China,Upper-middle-income
7878,2016.0,Not report,,
7879,2017.0,Not report,,
7884,2018.0,China,China,Upper-middle-income
7885,2018.0,China,China,Upper-middle-income
7886,2019.0,Not report,,
7887,2019.0,China,China,Upper-middle-income
7890,2020.0,China,China,Upper-middle-income
7892,2020.0,China,China,Upper-middle-income
7893,2020.0,Not report,,
7894,2022.0,China,China,Upper-middle-income
7895,2022.0,Not report,,
7896,2022.0,China,China,Upper-middle-income
7898,2009.0,Not report,,
7899,2018.0,Not report,,
7900,2021.0,Not report,,
7901,2000.0,Sweden,Sweden,High-income
7904,2009.0,Not report,,
7905,2001.0,Canada,Canada,High-income
7906,2008.0,Brazil,Brazil,Upper-middle-income
7908,2000.0,Italy,Italy,High-income
7909,2005.0,Italy,Italy,High-income
7910,2008.0,Not report,,
7911,2013.0,Not report,,
7913,2021.0,Not report,,
7914,1998.0,United States,United States,High-income
7915,1991.0,Italy,Italy,High-income
7916,2004.0,United States,United States,High-income
7917,2017.0,Botswana,Botswana,Upper-middle-income
7918,2001.0,Norway,Norway,High-income
7919,1989.0,Belgium,Belgium,High-income
7920,2015.0,United States,United States,High-income
7921,2004.0,Italy,Italy,High-income
7922,2006.0,United States,United States,High-income
7924,1987.0,UK,United Kingdom,High-income
7929,2022.0,India,India,Lower-middle-income
7930,2020.0,"China, Brazil, Russia",,
7931,2010.0,United States,United States,High-income
7932,1991.0,United States,United States,High-income
7933,2003.0,UK,United Kingdom,High-income
7934,1981.0,Not report,,
7935,2001.0,Sweden,Sweden,High-income
7936,1975.0,United States,United States,High-income
7937,2016.0,United States,United States,High-income
7938,1999.0,Puerto Rico,Puerto Rico,Upper-middle-income
7939,2002.0,Puerto Rico,Puerto Rico,High-income
7940,2003.0,Not report,,
7941,2012.0,United States,United States,High-income
7942,2018.0,Australia,Australia,High-income
7944,1994.0,Belgium,Belgium,High-income
7945,1992.0,Not report,,
7946,2014.0,Canada,Canada,High-income
7947,2007.0,France,France,High-income
7949,2011.0,China,China,Upper-middle-income
7950,2018.0,China,China,Upper-middle-income
7952,2004.0,UK,United Kingdom,High-income
7954,2011.0,Germany,Germany,High-income
7956,2001.0,Australia,Australia,High-income
7957,2000.0,United States,United States,High-income
7959,2008.0,"United States,Belgium,Czech Republic,France,Germany,Italy,Slovakia,Spain",,
7960,2013.0,United States,United States,High-income
7961,2015.0,"United States,Austria,Brazil,France,Germany,Italy,Mexico,Peru,Portugal,Spain,Switzerland",,
7963,2020.0,"United States,Belgium,Czech Republic,France,Germany,Italy,Slovakia,Spain",,
7964,2008.0,United States,United States,High-income
7966,2005.0,Paraguay,Paraguay,Lower-middle-income
7967,2006.0,Australia,Australia,High-income
7968,2007.0,Australia,Australia,High-income
7970,1984.0,United States,United States,High-income
7971,1989.0,United States,United States,High-income
7973,2013.0,China,China,Upper-middle-income
7974,2021.0,United States,United States,High-income
7975,2018.0,Uganda,Uganda,Low-income
7976,2006.0,Italy,Italy,High-income
7977,2006.0,United States,United States,High-income
7978,2001.0,Netherlands,Netherlands,High-income
7979,2007.0,Brazil,Brazil,Upper-middle-income
7980,2015.0,Italy,Italy,High-income
7981,2021.0,Chile,Chile,High-income
7982,1998.0,Not report,,
7983,2001.0,Sweden,Sweden,High-income
7984,2008.0,Sweden,Sweden,High-income
7985,2010.0,Sweden,Sweden,High-income
7987,2013.0,"Europe (Finland, France, Germany, Italy, the Netherlands, Slovenia, Spain, Sweden and the United Kingdom)",,
7988,2020.0,Sweden,Sweden,High-income
7989,2006.0,China,China,Lower-middle-income
7990,2012.0,China,China,Upper-middle-income
7991,2019.0,Mexico,Mexico,Upper-middle-income
7992,2008.0,Israel,Israel,High-income
7993,2003.0,Canada,Canada,High-income
7994,2003.0,Canada,Canada,High-income
7995,2001.0,United States,United States,High-income
7996,2004.0,United States,United States,High-income
7997,2006.0,United States,United States,High-income
7998,2006.0,Brazil,Brazil,Upper-middle-income
8000,2013.0,Finland,Finland,High-income
8001,2014.0,Lithuania,Lithuania,High-income
8002,2019.0,"Congo,Uganda",,
8004,2005.0,China,China,Lower-middle-income
8005,2015.0,Sweden,Sweden,High-income
8006,2015.0,Sweden,Sweden,High-income
8007,2006.0,Sweden,Sweden,High-income
8008,2016.0,Not report,,
8009,1995.0,Denmark,Denmark,High-income
8010,1995.0,UK,United Kingdom,High-income
8011,2015.0,United States,United States,High-income
8013,1992.0,China,China,Low-income
8014,2010.0,China,China,Upper-middle-income
8015,2014.0,China,China,Upper-middle-income
8016,2017.0,China,China,Upper-middle-income
8017,2017.0,China,China,Upper-middle-income
8018,2017.0,China,China,Upper-middle-income
8020,2001.0,United States,United States,High-income
8021,2003.0,United States,United States,High-income
8022,2004.0,Not report,,
8023,2005.0,Not report,,
8024,2004.0,UK,United Kingdom,High-income
8025,2005.0,United Kingdom,United Kingdom,High-income
8026,2017.0,France,France,High-income
8027,1999.0,Austria,Austria,High-income
8028,2004.0,United States and Puerto Rico,,
8029,2018.0,China,China,Upper-middle-income
8031,2006.0,Canada,Canada,High-income
8032,2010.0,USA,United States,High-income
8033,2010.0,USA,United States,High-income
8034,2011.0,United States,United States,High-income
8035,1997.0,UK,United Kingdom,High-income
8036,2000.0,USA,United States,High-income
8037,2007.0,United States,United States,High-income
8038,2010.0,USA,United States,High-income
8040,1998.0,UK,United Kingdom,High-income
8041,1995.0,Ireland,Ireland,High-income
8042,2000.0,Germany,Germany,High-income
8043,2003.0,"Multinational - Canada, Czech Republic, Estonia, Germany, Greece, Ireland, Latvia, Lithuania, New Zealand, Poland, Portugal, Sweden",,
8044,2019.0,UK,United Kingdom,High-income
8045,2021.0,United States,United States,High-income
8046,2004.0,Not report,,
8049,1994.0,United States,United States,High-income
8051,1997.0,South Africa,South Africa,Upper-middle-income
8052,2020.0,United States,United States,High-income
8053,2010.0,Croatia,Croatia,High-income
8054,2011.0,Italy,Italy,High-income
8055,2012.0,Italy,Italy,High-income
8056,2011.0,UK,United Kingdom,High-income
8057,2012.0,United States,United States,High-income
8059,1998.0,Turkey,Turkey,Upper-middle-income
8060,2004.0,Iran,Iran,Lower-middle-income
8061,2015.0,Not report,,
8064,2006.0,United States,United States,High-income
8065,2019.0,Niger,Niger,Low-income
8066,1986.0,Not report,,
8067,1989.0,Not report,,
8069,1995.0,UK,United Kingdom,High-income
8070,2020.0,Vietnam,Vietnam,Lower-middle-income
8071,2012.0,Not report,,
8072,2009.0,Italy,Italy,High-income
8073,2013.0,Not report,,
8074,2003.0,Not report,,
8075,2005.0,Kenya,Kenya,Low-income
8076,1985.0,Not report,,
8077,2017.0,Not report,,
8078,1998.0,Not report,,
8079,1988.0,Canada,Canada,High-income
8080,2004.0,Not report,,
8081,2003.0,Not report,,
8082,2001.0,United States,United States,High-income
8083,1993.0,Not report,,
8084,1991.0,Not report,,
8085,2005.0,Not report,,
8086,1993.0,United Kingdom,United Kingdom,High-income
8087,1998.0,United States,United States,High-income
8088,2020.0,Not report,,
8089,2008.0,Australia,Australia,High-income
8090,1996.0,Not report,,
8091,2015.0,Not report,,
8092,2019.0,Not report,,
8093,2014.0,England,United Kingdom,High-income
8094,2000.0,Not report,,
8095,2001.0,Not report,,
8096,2005.0,Not report,,
8097,2014.0,United States,United States,High-income
8098,2017.0,Not report,,
8100,2011.0,USA and Canada,,
8101,2013.0,United States and Canada,,
8103,1988.0,Costa Rica,Costa Rica,Lower-middle-income
8105,2011.0,EU centers and non-EU centers,,
8107,1998.0,Not report,,
8108,2010.0,United States and Europe,,
8111,1995.0,Not report,,
8112,2020.0,"Italy, Egypt, Greece, Albania, Cyprus, Tunisia, UK",,
8113,2012.0,Not report,,
8114,2009.0,Not report,,
8115,1998.0,Not report,,
8116,2004.0,Not report,,
8117,2004.0,Not report,,
8118,1998.0,United States,United States,High-income
8120,2017.0,India,India,Lower-middle-income
8121,2007.0,Not report,,
8122,2019.0,Iran,Iran,Upper-middle-income
8123,2011.0,Egypt,Egypt,Lower-middle-income
8125,2005.0,Oman,Oman,Upper-middle-income
8126,2008.0,Not report,,
8127,2013.0,Not report,,
8128,2021.0,Saudi Arabia,Saudi Arabia,High-income
8129,2015.0,Iran,Iran,Upper-middle-income
8130,2012.0,Iran,Iran,Upper-middle-income
8131,1967.0,Not report,,
8132,1998.0,Not report,,
8133,1998.0,Not report,,
8134,2000.0,Not report,,
8135,2010.0,United States,United States,High-income
8136,1985.0,United States,United States,High-income
8138,2016.0,Iran,Iran,Upper-middle-income
8141,1994.0,European,,
8142,1998.0,European,,
8143,2002.0,European,,
8144,2007.0,Not report,,
8146,2020.0,Mali,Mali,Low-income
8147,1991.0,Not report,,
8148,2000.0,Not report,,
8150,2016.0,United States and Canada,,
8151,2008.0,Uganda,Uganda,Low-income
8152,2010.0,Not report,,
8153,2021.0,Saudi Arabia,Saudi Arabia,High-income
8154,2015.0,Iran,Iran,Upper-middle-income
8155,2021.0,Malawi and Zimbabwe,,
8156,1985.0,Not report,,
8157,2013.0,China,China,Upper-middle-income
8158,2015.0,Cameroon,Cameroon,Lower-middle-income
8159,2014.0,United States,United States,High-income
8160,2010.0,Not report,,
8161,2012.0,Not report,,
8162,2009.0,Egypt,Egypt,Lower-middle-income
8163,2016.0,Not report,,
8164,2019.0,Not report,,
8165,2005.0,Not report,,
8166,2005.0,Not report,,
8167,2012.0,Iran,Iran,Upper-middle-income
8172,2019.0,"Australia, Israel, Japan, and China, Europe, South America, and North America，etc",,
8173,2020.0,Iran,Iran,Lower-middle-income
8174,2020.0,Iran,Iran,Lower-middle-income
8175,2010.0,Not report,,
8176,2019.0,Not report,,
8177,2013.0,Not report,,
8179,2013.0,Not report,,
8180,2015.0,Not report,,
8182,1993.0,Not report,,
8183,1995.0,Not report,,
8184,2018.0,Not report,,
8185,2017.0,Iran,Iran,Upper-middle-income
8186,2006.0,Germany and Austria,,
8187,2017.0,India,India,Lower-middle-income
8189,1998.0,Not report,,
8190,1987.0,Not report,,
8191,1987.0,Not report,,
8192,2001.0,Not report,,
8193,2007.0,Chile,Chile,Upper-middle-income
8194,2009.0,Chile,Chile,Upper-middle-income
8195,2015.0,Chile,Chile,High-income
8196,1978.0,Not report,,
8197,2009.0,United States,United States,High-income
8198,2004.0,Not report,,
8199,2006.0,Not report,,
8200,2008.0,Not report,,
8201,1988.0,Canada,Canada,High-income
8202,1993.0,Canada,Canada,High-income
8203,2001.0,Not report,,
8204,2005.0,United States and Canada,,
8205,2016.0,United States,United States,High-income
8206,2019.0,Not report,,
8208,2020.0,United States and Europe,,
8209,2001.0,Greece,Greece,High-income
8212,1997.0,United States,United States,High-income
8213,1999.0,Not report,,
8214,2004.0,Not report,,
8215,2006.0,Not report,,
8216,2009.0,Mali,Mali,Low-income
8217,2015.0,Italy,Italy,High-income
8218,1984.0,Not report,,
8219,1984.0,Not report,,
8220,1990.0,Not report,,
8221,1979.0,Not report,,
8222,2019.0,Brazil,Brazil,Upper-middle-income
8223,2018.0,French,,
8224,2007.0,Not report,,
8225,2018.0,Tanzania,Tanzania,Low-income
8226,1981.0,Not report,,
8227,1982.0,Not report,,
8228,1987.0,United States,United States,High-income
8229,1991.0,United States,United States,High-income
8230,1993.0,United States,United States,High-income
8231,2002.0,United States,United States,High-income
8233,2017.0,Canada,Canada,High-income
8234,2003.0,Israel,Israel,High-income
8235,2011.0,Not report,,
8236,2011.0,Not report,,
8237,1992.0,Not report,,
8238,1993.0,Not report,,
8240,2012.0,Not report,,
8242,2019.0,Not report,,
8243,2013.0,"U.S.A., Brazil, India, Russia, Ukraine",,
8244,2009.0,South Africa,South Africa,Upper-middle-income
8245,2000.0,Not report,,
8246,2013.0,Not report,,
8248,1982.0,Not report,,
8249,1983.0,Not report,,
8250,2014.0,"United States, Mexico, Republic of Korea",,
8251,2020.0,"Belarus, Belgium, Bulgaria, China, France, Germany, Greece, Hungary, Israel, Lebanon, Malaysia, the Philippines, the Republic of Korea, Romania, the Russian Federation, Serbia, Spain, Taiwan, Thailand, Turkey, Ukraine, USA",,
8252,1987.0,Not report,,
8253,2001.0,United States,United States,High-income
8254,2017.0,Not report,,
8255,2012.0,Not report,,
8256,1999.0,Not report,,
8257,2009.0,United States,United States,High-income
8258,1992.0,Not report,,
8259,2011.0,Egypt,Egypt,Lower-middle-income
8260,2014.0,Italy,Italy,High-income
8261,2008.0,Not report,,
8262,2020.0,Italy,Italy,High-income
8264,2017.0,Thailand,Thailand,Upper-middle-income
8266,2017.0,Spain,Spain,High-income
8268,2007.0,Italy,Italy,High-income
8269,2003.0,Not report,,
8270,2016.0,Not report,,
8271,2017.0,"Greece, Slovenia and Poland",,
8272,2018.0,United States and Europe,,
8274,2005.0,Not report,,
8275,2007.0,United States,United States,High-income
8276,1990.0,United States,United States,High-income
8277,2004.0,United States,United States,High-income
8278,2007.0,United States,United States,High-income
8279,2009.0,United States,United States,High-income
8280,1998.0,United States,United States,High-income
8281,2014.0,Netherlands,Netherlands,High-income
8282,1990.0,Not report,,
8283,2000.0,United States,United States,High-income
8284,1986.0,United States,United States,High-income
8285,2012.0,Australia,Australia,High-income
8286,2016.0,Italy,Italy,High-income
8287,2017.0,Brazil,Brazil,Upper-middle-income
8288,1996.0,Italy,Italy,High-income
8289,1998.0,Italy,Italy,High-income
8291,2023.0,Not report,,
8292,2017.0,Australia,Australia,High-income
8293,2002.0,Italy,Italy,High-income
8294,2003.0,Not report,,
8295,2005.0,Not report,,
8296,2005.0,Italy,Italy,High-income
8297,2011.0,Not report,,
8298,1964.0,Not report,,
8299,2000.0,Not report,,
8300,2009.0,United States,United States,High-income
8301,2011.0,United States,United States,High-income
8302,2014.0,Canada and Australia,,
8303,2016.0,Not report,,
8304,2017.0,France,France,High-income
8305,2018.0,Egypt,Egypt,Lower-middle-income
8307,2008.0,Not report,,
8308,2000.0,Not report,,
8309,1999.0,Not report,,
8310,2001.0,Not report,,
8313,2011.0,Not report,,
8316,1998.0,United States,United States,High-income
8317,2012.0,Not report,,
8318,2008.0,Sweden,Sweden,High-income
8320,2022.0,Indonesia,Indonesia,Upper-middle-income
8322,2006.0,Not report,,
8324,2017.0,Not report,,
8326,2000.0,United States,United States,High-income
8327,2018.0,Not report,,
8328,1972.0,Canada,Canada,High-income
8329,1974.0,United States,United States,High-income
8330,1981.0,Not report,,
8331,2005.0,Ghana,Ghana,Low-income
8332,1978.0,Canada,Canada,High-income
8333,2018.0,Ghana and Papua New Guinea,,
8334,2018.0,Not report,,
8335,2021.0,Not report,,
8336,2013.0,Not report,,
8337,2015.0,Not report,,
8339,2008.0,Not report,,
8340,1991.0,UK,United Kingdom,High-income
8341,2005.0,United States,United States,High-income
8342,2009.0,"Europe (Germany, Czech Republic, Slovakia, Romania)",,
8344,2015.0,United States,United States,High-income
8346,2014.0,Italy,Italy,High-income
8347,2005.0,Not report,,
8348,2003.0,Australia and New Zealand,,
8349,1989.0,Not report,,
8351,2005.0,Tanzania,Tanzania,Low-income
8352,2009.0,Russia,Russia,Upper-middle-income
8353,1996.0,Zanzibar,Tanzania,Low-income
8355,1963.0,Not report,,
8356,1993.0,Not report,,
8357,2004.0,Not report,,
8358,2011.0,United States,United States,High-income
8359,2014.0,Not report,,
8361,2018.0,Not report,,
8362,2022.0,United States,United States,High-income
8363,2022.0,United States,United States,High-income
8364,1990.0,Switzerland,Switzerland,High-income
8365,2000.0,United States,United States,High-income
8366,2002.0,Not report,,
8367,2020.0,Not report,,
8368,1999.0,Argentina,Argentina,Upper-middle-income
8371,2019.0,Spain,Spain,High-income
8372,2002.0,United States,United States,High-income
8373,2004.0,Brazil,Brazil,Lower-middle-income
8380,1988.0,Not report,,
8381,2020.0,Indonesia,Indonesia,Lower-middle-income
8382,1997.0,"USA, and Ireland",,
8383,2019.0,"Australia, Italy, USA, UK, Canada, Netherlands, New Zealand",,
8384,2017.0,Not report,,
8385,2010.0,Canada,Canada,High-income
8386,1982.0,kenya,Kenya,Low-income
8387,2010.0,Not report,,
8388,2019.0,Not report,,
8389,1993.0,Italy,Italy,High-income
8390,2015.0,Not report,,
8391,2021.0,United States,United States,High-income
8392,2020.0,Iran,Iran,Lower-middle-income
8395,2001.0,Not report,,
8396,1995.0,Not report,,
8397,2003.0,Tanzania,Tanzania,Low-income
8398,2009.0,Not report,,
8399,2003.0,"Canada, Australia, UK, Germany, Netherlands, USA",,
8400,2003.0,"Canada, Australia, UK, Germany, USA",,
8401,2000.0,Netherlands,Netherlands,High-income
8402,2020.0,Brazil,Brazil,Upper-middle-income
8403,2002.0,Not report,,
8404,2006.0,Greece,Greece,High-income
8405,2009.0,United States,United States,High-income
8406,2019.0,United States,United States,High-income
8407,2003.0,Japan,Japan,High-income
8408,2018.0,Japan,Japan,High-income
8409,2021.0,Honduras,Honduras,Lower-middle-income
8410,2003.0,Not report,,
8411,2004.0,Not report,,
8412,2005.0,Not report,,
8413,2005.0,India,India,Low-income
8415,2017.0,Spain,Spain,High-income
8417,2022.0,India,India,Lower-middle-income
8418,2015.0,United States,United States,High-income
8419,2016.0,"United States, Canada, Australia",,
8421,2012.0,Not report,,
8422,2015.0,Not report,,
8424,2018.0,India,India,Lower-middle-income
8425,2020.0,US and Canada,,
8426,2014.0,Sweden,Sweden,High-income
8427,2014.0,Not report,,
8428,2011.0,Not report,,
8429,2006.0,Not report,,
8430,2019.0,USA,United States,High-income
8431,2008.0,Gabon,Gabon,Upper-middle-income
8432,2001.0,Not report,,
8433,2004.0,Not report,,
8434,2007.0,Not report,,
8435,2019.0,Japan,Japan,High-income
8436,2018.0,Japan,Japan,High-income
8437,2008.0,Japan,Japan,High-income
8439,2013.0,"Europe (Germany, Italy, Poland, France)",,
8440,1999.0,Not report,,
8441,2009.0,Not report,,
8442,1999.0,UK,United Kingdom,High-income
8443,2019.0,Netherlands,Netherlands,High-income
8444,2016.0,Finland,Finland,High-income
8445,2020.0,United States,United States,High-income
8446,1987.0,Italy,Italy,High-income
8447,2015.0,Not report,,
8448,1986.0,Not report,,
8449,1988.0,Not report,,
8450,1988.0,Not report,,
8451,1992.0,Finland,Finland,High-income
8452,2000.0,United States,United States,High-income
8453,2005.0,U.S.,United States,High-income
8454,2008.0,USA,United States,High-income
8455,2012.0,United States,United States,High-income
8456,2016.0,United States,United States,High-income
8457,2019.0,United States,United States,High-income
8460,2015.0,"USA Argentina Belgium Canada Germany Greece India Israel Korea, Republic of Poland Romania Russian Federation Taiwan United Kingdom",,
8462,2009.0,Brazil,Brazil,Upper-middle-income
8463,2016.0,Congo Uganda,,
8464,1996.0,UK,United Kingdom,High-income
8465,2005.0,Not report,,
8466,2014.0,Not report,,
8467,2013.0,"USA, Canada",,
8468,2014.0,Not report,,
8470,2020.0,Not report,,
8471,2021.0,South Africa,South Africa,Upper-middle-income
8473,2004.0,Not report,,
8475,2008.0,Mozambique,Mozambique,Low-income
8476,2004.0,Laos,Laos,Low-income
8477,2006.0,Laos,Laos,Low-income
8478,2010.0,Laos,Laos,Lower-middle-income
8479,2019.0,Not report,,
8480,1990.0,Not report,,
8481,1998.0,Not report,,
8482,2021.0,Not report,,
8483,2016.0,South African,South Africa,Upper-middle-income
8484,1998.0,Not report,,
8485,1995.0,Not report,,
8486,1999.0,Not report,,
8488,2013.0,Not report,,
8489,2015.0,Australia and New Zealand,,
8490,1993.0,Not report,,
8491,2000.0,United States,United States,High-income
8492,1994.0,Not report,,
8493,1999.0,Australia,Australia,High-income
8494,2005.0,United States,United States,High-income
8495,1996.0,United States,United States,High-income
8497,2002.0,United States,United States,High-income
8498,2003.0,United States,United States,High-income
8499,2005.0,United States,United States,High-income
8500,2014.0,USA,United States,High-income
8501,2016.0,Not report,,
8502,2002.0,Canada,Canada,High-income
8503,2016.0,"Austria, Belgium, France, Germany, Italy, Netherlands, Spain, Sweden, Switzerland, USA",,
8504,2017.0,"North America, Europe, Asia-Pacific, Latin America",,
8505,2005.0,United States,United States,High-income
8506,2004.0,United States,United States,High-income
8507,2003.0,United States,United States,High-income
8508,2006.0,Not report,,
8509,2006.0,USA,United States,High-income
8510,1998.0,Not report,,
8511,2018.0,New Zealand,New Zealand,High-income
8512,1999.0,United States,United States,High-income
8513,2011.0,United States,United States,High-income
8514,1981.0,Not report,,
8515,2005.0,Not report,,
8516,1987.0,Not report,,
8517,1995.0,Not report,,
8518,1982.0,United States,United States,High-income
8520,1990.0,Not report,,
8521,1979.0,Tanzania,Tanzania,Low-income
8522,2009.0,United States,United States,High-income
8523,1990.0,Not report,,
8524,2015.0,Not report,,
8527,2016.0,"North America, Europe, Asia, Australia",,
8528,1982.0,Not report,,
8529,1989.0,Not report,,
8530,1980.0,Not report,,
8531,2011.0,United States,United States,High-income
8532,2017.0,Not report,,
8533,2008.0,US and Canada,,
8534,1990.0,United States,United States,High-income
8535,2001.0,UK,United Kingdom,High-income
8536,2016.0,Not report,,
8537,1994.0,Not report,,
8538,1998.0,United States,United States,High-income
8539,2018.0,Turkey,Turkey,Upper-middle-income
8540,2011.0,Not report,,
8541,1998.0,Not report,,
8542,2018.0,Iran,Iran,Upper-middle-income
8544,2007.0,India,India,Lower-middle-income
8545,2010.0,Not report,,
8546,1986.0,United States,United States,High-income
8547,2009.0,United States,United States,High-income
8548,2020.0,Switzerland,Switzerland,High-income
8549,1995.0,Netherland,Netherlands,High-income
8550,2004.0,Israel,Israel,High-income
8551,2014.0,Spain,Spain,High-income
8553,1999.0,Not report,,
8554,2003.0,"USA, Mexico, South America",,
8555,2005.0,Burkina Faso,Burkina Faso,Low-income
8556,2023.0,"Belgium, Germany, Italy and the United Kingdom",,
8557,2016.0,United States,United States,High-income
8558,2008.0,Ethiopia,Ethiopia,Low-income
8559,2015.0,Egypt,Egypt,Lower-middle-income
8560,2000.0,United States,United States,High-income
8562,2009.0,United States,United States,High-income
8563,1976.0,Not report,,
8564,2000.0,United States,United States,High-income
8565,1992.0,Not report,,
8566,1997.0,Not report,,
8567,1999.0,United States,United States,High-income
8568,2007.0,United States and Central and South America,,
8569,2015.0,"United States, Bulgaria, Hungary, Latvia, Poland, Slovakia, South Africa",,
8571,2006.0,Australia,Australia,High-income
8572,2017.0,Europe and the Americas,,
8573,1999.0,Not report,,
8574,2008.0,Madagascar,Madagascar,Low-income
8575,1989.0,United States,United States,High-income
8577,2016.0,Not report,,
8578,1984.0,Not report,,
8579,1992.0,Not report,,
8580,2002.0,Not report,,
8581,1996.0,Not report,,
8582,1997.0,Tanzania,Tanzania,Low-income
8583,2008.0,Not report,,
8584,2010.0,China,China,Upper-middle-income
8585,2021.0,"Denmark, France, Germany, Italy, Poland, Spain, Switzerland, UK, USA",,
8586,2010.0,Netherlands,Netherlands,High-income
8587,2011.0,Netherlands,Netherlands,High-income
8588,2019.0,Not report,,
8589,2016.0,Italy,Italy,High-income
8590,2017.0,Canada,Canada,High-income
8592,2000.0,United States,United States,High-income
8593,2011.0,Canada and USA,,
8594,2010.0,Not report,,
8596,2007.0,Italy,Italy,High-income
8599,2018.0,Not report,,
8600,2006.0,Nigeria,Nigeria,Low-income
8601,2006.0,United States,United States,High-income
8603,2004.0,United States,United States,High-income
8604,2013.0,Not report,,
8605,2000.0,Not report,,
8606,2002.0,Chile,Chile,Upper-middle-income
8607,2000.0,Not report,,
8608,2013.0,India,India,Lower-middle-income
8610,1999.0,Germany,Germany,High-income
8611,1999.0,Germany,Germany,High-income
8612,2003.0,Not report,,
8613,2016.0,Egypt,Egypt,Lower-middle-income
8614,2017.0,Turkey,Turkey,Upper-middle-income
8615,2010.0,Estonia,Estonia,High-income
8616,2012.0,Danmark,Denmark,High-income
8617,1995.0,Gabonese Republic,Gabon,Upper-middle-income
8618,2010.0,"Italy, USA, South Africa, Canada, Germany",,
8619,2003.0,Not report,,
8620,2003.0,New Zealand,New Zealand,High-income
8622,2018.0,Mexico ,Mexico,Upper-middle-income
8624,2014.0,Not report,,
8625,2015.0,Not report,,
8626,1994.0,New Zealand,New Zealand,High-income
8628,1985.0,Botswana,Botswana,Lower-middle-income
8629,1978.0,Not report,,
8630,2013.0,United States,United States,High-income
8631,1998.0,Not report,,
8632,2000.0,France,France,High-income
8634,2007.0,Italy,Italy,High-income
8635,2002.0,United States,United States,High-income
8636,2004.0,"Europe, Israel ,South Africa , and Australia",,
8637,2001.0,United States,United States,High-income
8638,1998.0,France,France,High-income
8639,2010.0,United States,United States,High-income
8640,2021.0,Not report,,
8641,2000.0,United States,United States,High-income
8642,2005.0,Not report,,
8644,1983.0,Not report,,
8646,1994.0,Not report,,
8647,1996.0,Not report,,
8648,2011.0,United States,United States,High-income
8650,1987.0,Finland,Finland,High-income
8651,2012.0,Australia,Australia,High-income
8652,1993.0,Germany; Netherlands; Belgium,,
8653,2017.0,France,France,High-income
8654,2001.0,Not report,,
8655,2007.0,Not report,,
8656,2011.0,Not report,,
8657,2017.0,United States,United States,High-income
8658,1999.0,Not report,,
8659,2001.0,Not report,,
8660,1992.0,UK,United Kingdom,High-income
8661,2014.0,Not report,,
8662,1983.0,Not report,,
8663,1988.0,Not report,,
8664,1989.0,Not report,,
8665,1989.0,Not report,,
8666,2012.0,United States,United States,High-income
8667,2016.0,China,China,Upper-middle-income
8668,2020.0,"United States, Spain, Poland, the Netherlands, Australia, Israel",,
8669,2017.0,United States,United States,High-income
8670,2018.0,United States,United States,High-income
8671,2002.0,Not report,,
8672,2012.0,Korea,South Korea,High-income
8673,2016.0,United States,United States,High-income
8674,2018.0,Not report,,
8675,2020.0,Not report,,
8676,2020.0,"Europe, North America, and Asia",,
8677,2010.0,UK,United Kingdom,High-income
8678,2007.0,Not report,,
8679,2013.0,China,China,Upper-middle-income
8680,2021.0,China,China,Upper-middle-income
8681,2011.0,Not report,,
8683,2016.0,Pakistan,Pakistan,Lower-middle-income
8684,2014.0,Italy,Italy,High-income
8685,1986.0,Not report,,
8687,2019.0,France,France,High-income
8688,2015.0,Iran,Iran,Upper-middle-income
8689,2009.0,Paraguay,Paraguay,Lower-middle-income
8690,1992.0,Not report,,
8691,2005.0,India,India,Low-income
8692,1997.0,UK,United Kingdom,High-income
8693,2014.0,Ghana,Ghana,Lower-middle-income
8697,2012.0,Not report,,
8698,2014.0,Not report,,
8699,1997.0,Japan,Japan,High-income
8700,2013.0,India,India,Lower-middle-income
8701,2015.0,Not report,,
8702,2015.0,Not report,,
8703,2001.0,Brazil,Brazil,Upper-middle-income
8704,2011.0,Not report,,
8705,2018.0,Japan,Japan,High-income
8706,1997.0,Netherlands,Netherlands,High-income
8709,2020.0,Not report,,
8710,2015.0,Egypt,Egypt,Lower-middle-income
8711,2017.0,Iran,Iran,Upper-middle-income
8712,1993.0,"Costa Rica, Guatemala, Panama, Egypt",,
8713,1994.0,Not report,,
8714,1995.0,Not report,,
8715,2007.0,Ghana,Ghana,Low-income
8716,2018.0,Danmark,Denmark,High-income
8717,2020.0,Not report,,
8718,2017.0,"North America, Australia, New Zealand, Europe, Saudi Arabia",,
8721,2012.0,Saudi Arabia,Saudi Arabia,High-income
8722,2021.0,Not report,,
8723,2018.0,Egypt,Egypt,Lower-middle-income
8724,2020.0,Egypt,Egypt,Lower-middle-income
8725,1995.0,Not report,,
8726,2015.0,Not report,,
8727,2013.0,Iran,Iran,Upper-middle-income
8728,2015.0,Iran,Iran,Upper-middle-income
8729,2017.0,Iran,Iran,Upper-middle-income
8730,2013.0,Iran,Iran,Upper-middle-income
8731,2023.0,Iran,Iran,Upper-middle-income
8732,2004.0,Iran,Iran,Lower-middle-income
8733,2010.0,Iran,Iran,Upper-middle-income
8734,2012.0,Iran,Iran,Upper-middle-income
8735,2010.0,Iran,Iran,Upper-middle-income
8738,2005.0,Iran,Iran,Lower-middle-income
8739,2012.0,Not report,,
8740,2015.0,Egypt,Egypt,Lower-middle-income
8745,2019.0,Iran,Iran,Upper-middle-income
8746,2020.0,India,India,Lower-middle-income
8748,2011.0,Iran,Iran,Upper-middle-income
8749,2014.0,Not report,,
8750,2010.0,Egypt,Egypt,Lower-middle-income
8752,1995.0,United States,United States,High-income
8753,2012.0,Argentina,Argentina,Upper-middle-income
8754,1985.0,Sweden,Sweden,High-income
8755,1997.0,Not report,,
8757,1986.0,Sweden,Sweden,High-income
8759,1990.0,Not report,,
8760,2003.0,Not report,,
8761,2014.0,Malawi,Malawi,Low-income
8762,2017.0,Malawi,Malawi,Low-income
8763,2014.0,Iran,Iran,Upper-middle-income
8764,2016.0,Not report,,
8765,2020.0,Iran,Iran,Lower-middle-income
8766,2011.0,Not report,,
8767,2021.0,Iran,Iran,Lower-middle-income
8769,1995.0,Not report,,
8770,2004.0,India,India,Low-income
8771,2015.0,Not report,,
8773,2022.0,India,India,Lower-middle-income
8774,1995.0,Netherlands,Netherlands,High-income
8775,2019.0,Iran,Iran,Upper-middle-income
8776,2019.0,Iran,Iran,Upper-middle-income
8777,1996.0,"Colombia, Guatemala, Panama, South Africa",,
8778,2007.0,Italy,Italy,High-income
8780,2009.0,Spain,Spain,High-income
8781,2011.0,Spain,Spain,High-income
8782,2002.0,Thailand,Thailand,Lower-middle-income
8783,2002.0,Tanzania,Tanzania,Low-income
8785,2008.0,UK,United Kingdom,High-income
8786,1998.0,Not report,,
8787,2003.0,Not report,,
8788,2016.0,United States,United States,High-income
8789,2017.0,Papua New Guinea,Papua New Guinea,Lower-middle-income
8790,2001.0,Not report,,
8791,2018.0,United States,United States,High-income
8792,1990.0,Not report,,
8793,1989.0,South Africa,South Africa,Upper-middle-income
8794,2019.0,"Global, across Asia, Europe, and North and South America",,
8798,1998.0,Not report,,
8800,2012.0,Brazil,Brazil,Upper-middle-income
8801,2012.0,Not report,,
8802,2018.0,European,,
8804,2012.0,Mexico,Mexico,Upper-middle-income
8805,2017.0,Spain,Spain,High-income
8807,1983.0,Not report,,
8809,1981.0,UK,United Kingdom,High-income
8810,2007.0,Not report,,
8812,1990.0,Japan,Japan,High-income
8813,2018.0,Japan,Japan,High-income
8814,1996.0,Not report,,
8815,2012.0,Not report,,
8816,2008.0,"Germany, Austria, Switzerland",,
8818,2017.0,Japan,Japan,High-income
8819,2020.0,Not report,,
8821,1987.0,Japan,Japan,High-income
8822,1993.0,Not report,,
8823,2009.0,Not report,,
8824,2010.0,"United States, South America, India, Mexico, Europe",,
8825,1977.0,Israel,Israel,High-income
8826,1993.0,Not report,,
8827,2020.0,UK,United Kingdom,High-income
8828,2006.0,Europe and South Africa,,
8829,1999.0,Not report,,
8830,2011.0,United Stated,United States,High-income
8831,1997.0,Not report,,
8832,2015.0,Tanzania,Tanzania,Low-income
8833,2017.0,Tanzania and Côte d'Ivoire,,
8834,2018.0,Laos,Laos,Lower-middle-income
8838,2014.0,United States,United States,High-income
8841,2019.0,Not report,,
8842,2021.0,Egypt,Egypt,Lower-middle-income
8843,2017.0,Not report,,
8844,2012.0,Iran,Iran,Upper-middle-income
8845,2020.0,Not report,,
8846,1997.0,Not report,,
8847,2013.0,Not report,,
8848,2014.0,Brazil,Brazil,Upper-middle-income
8849,1976.0,United States,United States,High-income
8850,2019.0,Algeria,Algeria,Lower-middle-income
8851,2014.0,Egypt,Egypt,Lower-middle-income
8852,2017.0,Egypt,Egypt,Lower-middle-income
8853,2017.0,Iran,Iran,Upper-middle-income
8854,2020.0,Iran,Iran,Lower-middle-income
8855,2016.0,Egypt,Egypt,Lower-middle-income
8856,2015.0,Ehypt,Egypt,Lower-middle-income
8857,1996.0,United States,United States,High-income
8858,2006.0,Israel,Israel,High-income
8859,2008.0,Uganda,Uganda,Low-income
8860,2017.0,China,China,Upper-middle-income
8861,2016.0,Brazil,Brazil,Upper-middle-income
8863,1989.0,Not report,,
8866,2014.0,"Europe (Hungary, Netherlands, Poland, UK, Belgium, Germany, France, Italy)",,
8867,2014.0,Uganda,Uganda,Low-income
8868,1999.0,Netherlands,Netherlands,High-income
8869,2011.0,India,India,Lower-middle-income
8870,2013.0,Pakistan,Pakistan,Lower-middle-income
8871,2006.0,Not report,,
8872,2009.0,United States,United States,High-income
8873,2007.0,Zambia,Zambia,Low-income
8874,2010.0,United States,United States,High-income
8875,2016.0,Uganda,Uganda,Low-income
8876,2006.0,Zambia,Zambia,Low-income
8877,2004.0,Not report,,
8878,1995.0,Gambia,Gambia,Low-income
8879,2004.0,United States,United States,High-income
8880,2003.0,Not report,,
8881,2014.0,India,India,Lower-middle-income
8882,1991.0,Austria,Austria,High-income
8883,2016.0,Brazil,Brazil,Upper-middle-income
8884,1995.0,Not report,,
8885,1981.0,Not report,,
8886,1998.0,Not report,,
8887,2002.0,Zimbabwe,Zimbabwe,Low-income
8888,2020.0,South Africa,South Africa,Upper-middle-income
8890,2002.0,Israel,Israel,High-income
8892,2002.0,UK and Poland,,
8893,2002.0,Not report,,
8894,1993.0,Not report,,
8895,2017.0,Tanzania,Tanzania,Low-income
8896,2008.0,United States,United States,High-income
8897,2019.0,Brazil,Brazil,Upper-middle-income
8898,1994.0,United States,United States,High-income
8899,1986.0,United States,United States,High-income
8900,1986.0,Canada,Canada,High-income
8901,1994.0,Not report,,
8902,2017.0,"Europe (Austria, Belgium, Czech Republic, Germany, Italy, Netherlands, Slovakia, Turkey, and the United Kingdom)",,
8905,2007.0,United States,United States,High-income
8906,2016.0,Turkey,Turkey,Upper-middle-income
8907,1981.0,France,France,High-income
8909,2005.0,France,France,High-income
8910,2018.0,Japan,Japan,High-income
8912,2005.0,India,India,Low-income
8913,2017.0,South African,South Africa,Upper-middle-income
8914,2018.0,"Canada, Australia, Great Britain, Sweden",,
8915,2015.0,United States,United States,High-income
8916,1983.0,Not report,,
8917,2003.0,UK,United Kingdom,High-income
8918,2006.0,United States,United States,High-income
8919,2014.0,Not report,,
8920,2017.0,United States,United States,High-income
8921,2017.0,United States,United States,High-income
8922,2020.0,United States,United States,High-income
8923,1980.0,United States,United States,High-income
8924,2010.0,U.K and New Zealand,,
8926,2015.0,United States,United States,High-income
8928,2015.0,India,India,Lower-middle-income
8931,2014.0,Uganda,Uganda,Low-income
8932,2014.0,Uganda,Uganda,Low-income
8933,2016.0,"Uganda, Zimbabwe",,
8934,2015.0,"Uganda, Zimbabwe",,
8935,2014.0,Iran,Iran,Upper-middle-income
8936,2001.0,United States,United States,High-income
8937,2001.0,Jordan,Jordan,Lower-middle-income
8938,2000.0,Turkey,Turkey,Upper-middle-income
8939,1997.0,Canada,Canada,High-income
8940,2015.0,Not report,,
8941,2012.0,Not report,,
8943,2014.0,Uganda and Zimbabwe,,
8945,1981.0,Denmark,Denmark,High-income
8946,1990.0,Not report,,
8947,2001.0,Swedish,Sweden,High-income
8949,1981.0,Denmark,Denmark,High-income
8951,1997.0,Not report,,
8952,1997.0,European,,
8953,2014.0,Korea,South Korea,High-income
8954,2009.0,United States,United States,High-income
8955,2009.0,United States,United States,High-income
8957,2005.0,Lebanon,Lebanon,Upper-middle-income
8958,2006.0,Lebanon,Lebanon,Upper-middle-income
8959,1998.0,Not report,,
8960,2000.0,United States and Puerto Rico,,
8961,2002.0,"France, Switzerland, Belgium",,
8962,2019.0,United States,United States,High-income
8963,2018.0,Iran,Iran,Upper-middle-income
8964,2016.0,Saudi Arabia,Saudi Arabia,High-income
8965,2019.0,Iran,Iran,Upper-middle-income
8966,2017.0,Japan,Japan,High-income
8967,2022.0,Not report,,
8968,2016.0,India,India,Lower-middle-income
8969,2014.0,Japan,Japan,High-income
8970,2014.0,Japan,Japan,High-income
8971,1987.0,Japan,Japan,High-income
8973,1991.0,Not report,,
8974,1997.0,Not report,,
8975,2013.0,United States,United States,High-income
8976,2022.0,Egypt,Egypt,Lower-middle-income
8977,2015.0,"Europe, USA, Canada",,
8978,2012.0,Hungary,Hungary,Upper-middle-income
8979,2012.0,Uganda and Zimbabwe,,
8980,2007.0,Israel,Israel,High-income
8981,2020.0,India,India,Lower-middle-income
8983,2009.0,India,India,Lower-middle-income
8984,2018.0,Not report,,
8985,1991.0,Not report,,
8986,2013.0,Not report,,
8987,2016.0,Lebanon,Lebanon,Upper-middle-income
8988,1998.0,Japan,Japan,High-income
8989,2019.0,Japan,Japan,High-income
8990,2021.0,Japan,Japan,High-income
8991,2016.0,Japan,Japan,High-income
8992,2016.0,Japan,Japan,High-income
8993,2003.0,Not report,,
8994,2016.0,Japan,Japan,High-income
8995,2018.0,Not report,,
8996,2020.0,India,India,Lower-middle-income
8997,2014.0,India,India,Lower-middle-income
8998,2015.0,Uganda,Uganda,Low-income
8999,2006.0,Australia,Australia,High-income
9000,2014.0,Russia,Russia,High-income
9004,2011.0,Uganda,Uganda,Low-income
9005,2005.0,United States,United States,High-income
9007,2017.0,Japan,Japan,High-income
9008,2010.0,Not report,,
9009,2014.0,Uganda,Uganda,Low-income
9010,2006.0,UK,United Kingdom,High-income
9012,2021.0,United States,United States,High-income
9013,2015.0,India,India,Lower-middle-income
9014,2014.0,United States,United States,High-income
9017,1995.0,Turkey,Turkey,Lower-middle-income
9019,2002.0,Lithuania,Lithuania,Upper-middle-income
9020,2011.0,Brazil,Brazil,Upper-middle-income
9021,2020.0,Iran,Iran,Lower-middle-income
9022,2017.0,Iran,Iran,Upper-middle-income
9023,2014.0,Iran,Iran,Upper-middle-income
9024,1990.0,Brazil,Brazil,Upper-middle-income
9025,1992.0,Brazil,Brazil,Upper-middle-income
9028,2013.0,Egypt,Egypt,Lower-middle-income
9029,2021.0,Not report,,
9030,1974.0,Not report,,
9031,1984.0,United States,United States,High-income
9035,2020.0,United States,United States,High-income
9037,2021.0,United States,United States,High-income
9038,2021.0,United States,United States,High-income
9039,2021.0,United States,United States,High-income
9041,2001.0,Brazil,Brazil,Upper-middle-income
9042,2016.0,Swissland,Switzerland,High-income
9043,2014.0,Not report,,
9044,2009.0,Canada,Canada,High-income
9046,2006.0,Canada,Canada,High-income
9047,1998.0,Not report,,
9050,2005.0,Not report,,
9051,2017.0,Canada,Canada,High-income
9053,2001.0,Mexio,Mexico,Upper-middle-income
9054,2012.0,Uganda,Uganda,Low-income
9057,2017.0,Not report,,
9058,2021.0,India,India,Lower-middle-income
9059,2004.0,Jordan,Jordan,Lower-middle-income
9060,2021.0,Pakistan,Pakistan,Lower-middle-income
9061,2009.0,Uganda,Uganda,Low-income
9062,2002.0,United States,United States,High-income
9063,2017.0,United States,United States,High-income
9064,1998.0,United States,United States,High-income
9065,2015.0,Iran,Iran,Upper-middle-income
9066,2011.0,Iran,Iran,Upper-middle-income
9067,2014.0,Pakistan,Pakistan,Lower-middle-income
9068,2017.0,Iran,Iran,Upper-middle-income
9069,2021.0,Iran,Iran,Lower-middle-income
9071,2009.0,"Cameroon, Madagascar, Mali, Senegal",,
9072,2019.0,Senegal,Senegal,Lower-middle-income
9073,2015.0,Congo,Congo,Lower-middle-income
9074,2002.0,Gabon,Gabon,Upper-middle-income
9075,2005.0,Turkey,Turkey,Upper-middle-income
9077,1995.0,United States,United States,High-income
9078,2002.0,Netherlands,Netherlands,High-income
9080,2007.0,Not report,,
9081,2018.0,Not report,,
9082,1983.0,Ghana,Ghana,Low-income
9083,2001.0,Not report,,
9087,2017.0,United States,United States,High-income
9089,2008.0,U.S.,United States,High-income
9090,2008.0,United States and Canada,,
9091,1982.0,Not report,,
9092,1978.0,United States,United States,High-income
9093,1981.0,Not report,,
9094,1983.0,United States,United States,High-income
9095,1984.0,Not report,,
9096,1989.0,Not report,,
9097,1998.0,Not report,,
9098,2016.0,United States,United States,High-income
9099,2021.0,Not report,,
9101,2019.0,Iran,Iran,Upper-middle-income
9102,1999.0,United States and Canada,,
9103,2015.0,Japan,Japan,High-income
9106,2014.0,Italy,Italy,High-income
9107,2017.0,Italy,Italy,High-income
9108,2010.0,Not report,,
9109,2013.0,Not report,,
9110,1979.0,Not report,,
9111,2013.0,Italy,Italy,High-income
9112,2009.0,Not report,,
9114,1983.0,United States,United States,High-income
9115,1994.0,United States,United States,High-income
9116,1982.0,Not report,,
9118,2008.0,Switzerland,Switzerland,High-income
9119,2007.0,Sweden,Sweden,High-income
9120,1999.0,Not report,,
9121,1999.0,Not report,,
9122,2008.0,Not report,,
9123,1994.0,kenya,Kenya,Low-income
9124,2016.0,Not report,,
9126,2017.0,Malawi,Malawi,Low-income
9127,1986.0,United States,United States,High-income
9128,1989.0,United States,United States,High-income
9129,2013.0,United States,United States,High-income
9130,2007.0,Not report,,
9131,2009.0,New Zealand,New Zealand,High-income
9132,2009.0,Canada,Canada,High-income
9135,2005.0,United States,United States,High-income
9136,2006.0,United States,United States,High-income
9137,2010.0,Not report,,
9138,2013.0,United States and Canada,,
9140,2016.0,"Belgium, France, Germany, Italy, the Netherlands, Spain, Sweden and the United Kingdom, the United States and Canada",,
9141,2017.0,"USA, Canada, Europe",,
9142,2008.0,United States,United States,High-income
9143,2016.0,Not report,,
9144,2017.0,Not report,,
9145,1982.0,Not report,,
9146,1999.0,United States,United States,High-income
9147,1999.0,United States,United States,High-income
9148,2000.0,Not report,,
9149,2000.0,China,China,Lower-middle-income
9150,2000.0,China,China,Lower-middle-income
9151,2001.0,China,China,Lower-middle-income
9152,2001.0,China,China,Lower-middle-income
9153,2004.0,China,China,Lower-middle-income
9154,2006.0,Not report,,
9155,2007.0,China,China,Lower-middle-income
9156,2012.0,China,China,Upper-middle-income
9157,2013.0,UK,United Kingdom,High-income
9159,2016.0,Not report,,
9160,2023.0,China,China,Upper-middle-income
9161,1977.0,Not report,,
9164,1998.0,China,China,Low-income
9165,1997.0,Thailand,Thailand,Lower-middle-income
9166,2009.0,Thailand,Thailand,Lower-middle-income
9167,2011.0,Tanzania,Tanzania,Low-income
9168,1999.0,United States,United States,High-income
9169,2003.0,Côte d’Ivoire,Cote d'Ivoire,Low-income
9170,2008.0,Vietnam,Vietnam,Low-income
9171,2010.0,Not report,,
9173,2022.0,Vietnam,Vietnam,Lower-middle-income
9174,2013.0,Vietnam,Vietnam,Lower-middle-income
9175,2019.0,Vietnam,Vietnam,Lower-middle-income
9176,1980.0,UK,United Kingdom,High-income
9178,1992.0,Not report,,
9179,2021.0,Pakistan,Pakistan,Lower-middle-income
9180,2022.0,Cameroon,Cameroon,Lower-middle-income
9181,2007.0,United States,United States,High-income
9182,2002.0,Not report,,
9183,1994.0,Not report,,
9185,2018.0,United States,United States,High-income
9186,2009.0,Not report,,
9187,1994.0,Not report,,
9188,2007.0,Italy,Italy,High-income
9189,2018.0,United States,United States,High-income
9190,1988.0,United States,United States,High-income
9191,1989.0,Not report,,
9193,2005.0,Not report,,
9194,2020.0,"U.K., Canada, and Australia.",,
9195,2003.0,Not report,,
9196,2003.0,Not report,,
9197,2003.0,Not report,,
9198,2003.0,"Salzburg, Austria",,
9199,2003.0,Not report,,
9200,2004.0,"Outpatient clinic in Innsbruck, Austria",,
9202,2000.0,Denmark,Denmark,High-income
9204,2020.0,Denmark,Denmark,High-income
9205,2012.0,"Brazil, South Africa,  Argentina, United States.",,
9207,2022.0,Not report,,
9208,2010.0,Not report,,
9211,2016.0,Not report,,
9212,2005.0,Russia,Russia,Upper-middle-income
9214,2007.0,Not report,,
9215,1999.0,Denmark,Denmark,High-income
9216,2008.0,Iran,Iran,Lower-middle-income
9217,1997.0,Finland,Finland,High-income
9218,1997.0,Finland,Finland,High-income
9219,2015.0,Iran,Iran,Upper-middle-income
9220,2021.0,Iran,Iran,Lower-middle-income
9221,2016.0,Iran,Iran,Upper-middle-income
9222,2006.0,United States,United States,High-income
9224,1994.0,Sweden,Sweden,High-income
9225,2004.0,Not report,,
9226,2015.0,Iran,Iran,Upper-middle-income
9227,1994.0,"Europe, North America",,
9228,2022.0,China,China,Upper-middle-income
9229,2021.0,India,India,Lower-middle-income
9230,2002.0,Japan,Japan,High-income
9231,2013.0,Japan,Japan,High-income
9235,2021.0,India,India,Lower-middle-income
9236,2019.0,Pakistan,Pakistan,Lower-middle-income
9237,2021.0,"Bangladesh, Ethiopia, India and Malawi",,
9238,2023.0,United States,United States,High-income
9240,2005.0,Not report,,
9241,1991.0,Japan,Japan,High-income
9243,1994.0,Japan,Japan,High-income
9244,1994.0,Japan,Japan,High-income
9245,1995.0,Japan,Japan,High-income
9246,1996.0,Japan,Japan,High-income
9248,1998.0,Not report,,
9249,2000.0,Japan,Japan,High-income
9250,2006.0,Not report,,
9251,2004.0,Not report,,
9253,2007.0,United States,United States,High-income
9256,1992.0,Norway,Norway,High-income
9257,2015.0,Cameroon,Cameroon,Lower-middle-income
9258,2018.0,Kenya,Kenya,Lower-middle-income
9259,2017.0,Not report,,
9260,1993.0,UK,United Kingdom,High-income
9261,2010.0,Not report,,
9264,1992.0,Not report,,
9265,1989.0,Not report,,
9268,2007.0,"Argentina, Brazil, Chile, Costa Rica, Mexico, Panama, and United States",,
9269,2008.0,United States and Latin America,,
9270,2010.0,Egypt,Egypt,Lower-middle-income
9271,2001.0,Japan,Japan,High-income
9272,1976.0,United States,United States,High-income
9273,1979.0,Not report,,
9274,1997.0,Not report,,
9276,1999.0,China,China,Lower-middle-income
9277,1989.0,Australia,Australia,High-income
9278,1991.0,Not report,,
9279,1997.0,Not report,,
9280,2020.0,"Canada, Croatia, Hungary, Serbia, Ukraine, United States",,
9281,2013.0,Not report,,
9284,2009.0,Not report,,
9285,2001.0,Belgium and Netherlands,,
9287,2007.0,Iran,Iran,Lower-middle-income
9288,1996.0,Not report,,
9289,2013.0,Chile,Chile,High-income
9290,2012.0,Not report,,
9291,2006.0,Not report,,
9292,2011.0,Sweden,Sweden,High-income
9293,2013.0,Not report,,
9294,2002.0,"Denmark, Finland, Norway, Sweden and Switzerland",,
9295,2015.0,Iran,Iran,Upper-middle-income
9298,2014.0,Not report,,
9299,2022.0,Not report,,
9300,2012.0,Iran,Iran,Upper-middle-income
9301,2019.0,Pakistan,Pakistan,Lower-middle-income
9302,2016.0,Iran,Iran,Upper-middle-income
9303,2016.0,"Argentina, Croatia, Hungary, Poland, Portugal and Spain",,
9304,1994.0,Not report,,
9305,1994.0,Italy,Italy,High-income
9306,1995.0,Italy,Italy,High-income
9307,2004.0,Italy,Italy,High-income
9308,2010.0,"Asia, the European Union, Latin America, and the United States",,
9309,2004.0,Congo,Congo,Low-income
9310,2007.0,Senegal,Senegal,Low-income
9311,2008.0,Netherlands,Netherlands,High-income
9312,2008.0,Thailand,Thailand,Lower-middle-income
9313,2020.0,United States,United States,High-income
9314,2010.0,Not report,,
9315,1998.0,Turkey,Turkey,Upper-middle-income
9316,2001.0,Not report,,
9317,2005.0,Not report,,
9318,2006.0,Not report,,
9320,2014.0,Not report,,
9321,2020.0,Brazil,Brazil,Upper-middle-income
9322,2006.0,Thailand,Thailand,Lower-middle-income
9323,2002.0,Finland,Finland,High-income
9325,2000.0,Mexico,Mexico,Upper-middle-income
9326,2008.0,United States,United States,High-income
9329,2014.0,England and Scotland,,
9330,2015.0,United States,United States,High-income
9331,1995.0,Sweden,Sweden,High-income
9332,1988.0,Hungary,Hungary,Upper-middle-income
9333,2012.0,Sweden,Sweden,High-income
9334,1974.0,United States,United States,High-income
9336,2005.0,Not report,,
9337,2011.0,Not report,,
9338,2006.0,Not report,,
9339,2006.0,Not report,,
9340,1996.0,Gambia,Gambia,Low-income
9341,1987.0,Not report,,
9344,2010.0,Nigeria,Nigeria,Lower-middle-income
9345,2010.0,Egypt,Egypt,Lower-middle-income
9346,2015.0,Not report,,
9347,1987.0,Mexico,Mexico,Lower-middle-income
9349,1993.0,Australia,Australia,High-income
9350,2012.0,Not report,,
9351,2022.0,Kenya,Kenya,Lower-middle-income
9352,1991.0,Europe,,
9353,2003.0,Kenya,Kenya,Low-income
9354,2007.0,Kenya,Kenya,Low-income
9355,2010.0,Kenya,Kenya,Low-income
9356,2022.0,Kenya,Kenya,Lower-middle-income
9357,2020.0,Iran,Iran,Lower-middle-income
9358,1991.0,United States,United States,High-income
9359,1998.0,Not report,,
9360,1998.0,Not report,,
9361,2003.0,UK,United Kingdom,High-income
9362,2004.0,Canada,Canada,High-income
9363,2015.0,United States,United States,High-income
9364,2021.0,Niger,Niger,Low-income
9365,2022.0,Burkina Faso,Burkina Faso,Low-income
9369,2006.0,Uganda,Uganda,Low-income
9370,2007.0,Uganda,Uganda,Low-income
9373,2016.0,"Australia, Germany, New Zealand, Switzerland, UK",,
9374,2018.0,"Australia, Germany, New Zealand, Switzerland, UK",,
9379,1991.0,United States,United States,High-income
9380,2008.0,Not report,,
9381,1999.0,United States,United States,High-income
9382,2016.0,Not report,,
9383,2012.0,Turkey,Turkey,Upper-middle-income
9384,2004.0,Not report,,
9385,2001.0,Not report,,
9387,2004.0,Italy,Italy,High-income
9388,2010.0,Not report,,
9389,2010.0,Kenya,Kenya,Low-income
9390,1984.0,USA and Costa Rica,,
9391,1986.0,Costa Rica,Costa Rica,Lower-middle-income
9392,1991.0,Costa Rica,Costa Rica,Lower-middle-income
9393,2003.0,Costa Rica,Costa Rica,Upper-middle-income
9394,1996.0,"Republic of Ireland, Sweden, UK",,
9395,2002.0,United States,United States,High-income
9396,2005.0,Ghana,Ghana,Low-income
9397,2008.0,Ghana,Ghana,Low-income
9398,1998.0,United States,United States,High-income
9399,2011.0,Côte d’Ivoire,Cote d'Ivoire,Lower-middle-income
9400,2008.0,"Germany, France and Switzerland",,
9402,2012.0,Japan,Japan,High-income
9404,2012.0,Not report,,
9405,2008.0,Not report,,
9406,2022.0,Nigeria,Nigeria,Lower-middle-income
9407,2009.0,Nigeria,Nigeria,Lower-middle-income
9408,1996.0,Not report,,
9409,2014.0,Kenya,Kenya,Lower-middle-income
9410,1999.0,Not report,,
9411,2006.0,Not report,,
9412,2003.0,Turkey,Turkey,Lower-middle-income
9413,2004.0,Not report,,
9414,2005.0,Not report,,
9415,2007.0,Not report,,
9416,2007.0,Not report,,
9417,2010.0,Not report,,
9418,2013.0,Not report,,
9419,2018.0,Not report,,
9420,1993.0,Scotland,United Kingdom,High-income
9421,2020.0,Benin,Benin,Lower-middle-income
9423,2015.0,Japan,Japan,High-income
9424,2013.0,Not report,,
9426,1995.0,Not report,,
9427,2014.0,"USA - New Mexico, Utah, Colorado",,
9428,2016.0,"USA - New Mexico, Utah, Colorado",,
9429,1992.0,Not report,,
9430,2013.0,Nigeria,Nigeria,Lower-middle-income
9431,2014.0,Japan,Japan,High-income
9432,2016.0,Gambia,Gambia,Low-income
9433,1989.0,Mexico,Mexico,Lower-middle-income
9434,2010.0,Japan,Japan,High-income
9435,2014.0,Japan,Japan,High-income
9436,2015.0,Japan,Japan,High-income
9439,2017.0,Niger,Niger,Low-income
9440,2018.0,Burkina Faso,Burkina Faso,Low-income
9441,2018.0,Niger,Niger,Low-income
9442,2019.0,Burkina Faso,Burkina Faso,Low-income
9443,2019.0,Burkina Faso,Burkina Faso,Low-income
9444,2019.0,Niger,Niger,Low-income
9445,2022.0,Burkina Faso,Burkina Faso,Low-income
9446,1999.0,China,China,Lower-middle-income
9447,2018.0,United States,United States,High-income
9449,2009.0,Australia,Australia,High-income
9450,2020.0,Not report,,
9453,2020.0,New Zealand,New Zealand,High-income
9454,2014.0,Australia,Australia,High-income
9457,1997.0,Not report,,
9459,2014.0,United Kingdom,United Kingdom,High-income
9460,2014.0,Not report,,
9461,2016.0,Not report,,
9462,2016.0,Not report,,
9464,2014.0,Canada,Canada,High-income
9466,2012.0,United States and Puerto Rico,,
9467,2003.0,United States,United States,High-income
9468,2010.0,Not report,,
9470,2020.0,Not report,,
9471,2007.0,Not report,,
9472,2007.0,Australia,Australia,High-income
9473,2020.0,Iran,Iran,Lower-middle-income
9475,2015.0,Not report,,
9476,2014.0,Turkey,Turkey,Upper-middle-income
9480,2007.0,Spain,Spain,High-income
9481,2007.0,Spain,Spain,High-income
9482,2019.0,Netherlands and Belgium,,
9483,2015.0,Not report,,
9484,2014.0,Congo,Congo,Lower-middle-income
9485,2012.0,Not report,,
9486,2017.0,Not report,,
9487,2018.0,Not report,,
9488,1991.0,Israel,Israel,High-income
9489,2019.0,Qatar,Qatar,High-income
9490,2012.0,Papua New Guinea,Papua New Guinea,Lower-middle-income
9491,2015.0,France,France,High-income
9494,2016.0,Iceland,Iceland,High-income
9495,2014.0,Australia,Australia,High-income
9496,2000.0,United States and Canada,,
9499,2003.0,Australia,Australia,High-income
9500,1999.0,United States,United States,High-income
9501,2017.0,Australia,Australia,High-income
9502,1999.0,Canada,Canada,High-income
9503,2009.0,Nigeria,Nigeria,Lower-middle-income
9504,2006.0,Nigeria,Nigeria,Low-income
9505,2004.0,Germany,Germany,High-income
9507,2005.0,"United States and Latin America, Europe, Egypt, and the Philippines",,
9508,1991.0,Italy,Italy,High-income
9509,2022.0,China,China,Upper-middle-income
9510,2014.0,Not report,,
9511,1995.0,Belgium and Netherlands,,
9512,1997.0,Belgium,Belgium,High-income
9513,2003.0,Not report,,
9514,2019.0,Netherlands,Netherlands,High-income
9517,2016.0,Argentina,Argentina,Upper-middle-income
9518,2006.0,United States,United States,High-income
9519,1993.0,United States,United States,High-income
9520,2009.0,United States,United States,High-income
9523,2007.0,Gabon,Gabon,Upper-middle-income
9524,2005.0,Not report,,
9525,2014.0,Not report,,
9526,2002.0,Not report,,
9527,2002.0,Not report,,
9529,2001.0,Not report,,
9530,2011.0,Not report,,
9532,2011.0,Turkey,Turkey,Upper-middle-income
9533,2008.0,Not report,,
9534,2012.0,Turkey,Turkey,Upper-middle-income
9535,2003.0,Not report,,
9537,2003.0,Not report,,
9538,2004.0,Not report,,
9540,2017.0,Not report,,
9541,2005.0,North America,,
9542,2012.0,Turkey,Turkey,Upper-middle-income
9543,2009.0,Not report,,
9544,2002.0,Not report,,
9545,2003.0,Not report,,
9546,2017.0,Turkey,Turkey,Upper-middle-income
9547,2010.0,Turkey,Turkey,Upper-middle-income
9548,2011.0,Turkey,Turkey,Upper-middle-income
9549,2012.0,Turkey,Turkey,Upper-middle-income
9550,2017.0,Japan,Japan,High-income
9552,1993.0,Not report,,
9553,2022.0,Turkey,Turkey,Upper-middle-income
9554,2004.0,Not report,,
9555,2006.0,Not report,,
9556,2006.0,Not report,,
9557,2009.0,Not report,,
9558,2011.0,Not report,,
9559,2016.0,Not report,,
9560,2016.0,Not report,,
9561,2019.0,Not report,,
9562,2004.0,Not report,,
9563,1992.0,Not report,,
9568,2003.0,Not report,,
9569,1999.0,Nigeria,Nigeria,Low-income
9570,1977.0,United States,United States,High-income
9571,1980.0,Not report,,
9573,2015.0,Not report,,
9576,1996.0,Not report,,
9578,2012.0,Not report,,
9579,2016.0,Malawi,Malawi,Low-income
9580,1997.0,Not report,,
9581,2021.0,International,,
9582,2002.0,Mexico,Mexico,Upper-middle-income
9583,2009.0,India,India,Lower-middle-income
9584,2010.0,Europe and Thailand,,
9586,2000.0,Argentina,Argentina,Upper-middle-income
9587,2001.0,Argentina,Argentina,Upper-middle-income
9588,2003.0,Argentina,Argentina,Upper-middle-income
9589,2018.0,Kenya,Kenya,Lower-middle-income
9590,1974.0,Not report,,
9591,1990.0,Not report,,
9596,1983.0,Canada and USA,,
9599,1999.0,United States,United States,High-income
9600,2006.0,Spain,Spain,High-income
9601,2000.0,Italy,Italy,High-income
9602,2003.0,Italy,Italy,High-income
9603,2004.0,Italy,Italy,High-income
9604,2011.0,Italy,Italy,High-income
9605,2011.0,Not report,,
9606,2006.0,Not report,,
9608,2007.0,Iran,Iran,Lower-middle-income
9609,1997.0,Austria,Austria,High-income
9610,1998.0,India,India,Low-income
9611,2002.0,Mexico,Mexico,Upper-middle-income
9613,2003.0,United States,United States,High-income
9614,2010.0,United States and Canada,,
9623,2022.0,"Canada, the Czech Republic, Germany, Poland, UK, and USA",,
9627,2021.0,Not report,,
9630,2022.0,Not report,,
9631,2022.0,Europe and North America,,
9632,2016.0,Canada,Canada,High-income
9633,2000.0,Not report,,
9634,2018.0,Tanzania,Tanzania,Low-income
9635,2020.0,Tanzania,Tanzania,Lower-middle-income
9637,2004.0,Not report,,
9638,2008.0,Not report,,
9639,2010.0,"Africa (South Africa, Zimbabwe, Zambia, Malawi, Uganda, Tanzania)",,
9644,2005.0,India,India,Low-income
9648,2021.0,China,China,Upper-middle-income
9649,2023.0,China,China,Upper-middle-income
9650,2017.0,Iran,Iran,Upper-middle-income
9651,2013.0,United States,United States,High-income
9652,2021.0,India,India,Lower-middle-income
9653,2011.0,India,India,Lower-middle-income
9654,2021.0,India,India,Lower-middle-income
9655,2010.0,India,India,Lower-middle-income
9656,2011.0,India,India,Lower-middle-income
9657,2018.0,India,India,Lower-middle-income
9660,2014.0,India,India,Lower-middle-income
9661,2007.0,Canada,Canada,High-income
9662,2009.0,"Belgium, Germany, United Kingdom, Israel, Poland, South Africa, Spain, and The Netherlands",,
9663,2010.0,United States,United States,High-income
9665,2000.0,United States,United States,High-income
9668,1987.0,Thai-Burmese border,,
9669,1989.0,Thai-Burmese border,,
9670,1980.0,Indonesia,Indonesia,Low-income
9671,2017.0,Spain,Spain,High-income
9672,2018.0,Côte d’Ivoire,Cote d'Ivoire,Lower-middle-income
9673,2009.0,United Kingdom,United Kingdom,High-income
9676,2004.0,India,India,Low-income
9677,2006.0,India,India,Low-income
9678,2012.0,Poland,Poland,High-income
9679,2010.0,Poland,Poland,High-income
9683,2014.0,India,India,Lower-middle-income
9685,2002.0,UK,United Kingdom,High-income
9686,2012.0,Italy,Italy,High-income
9687,2009.0,United States,United States,High-income
9689,1986.0,Haiti,Haiti,Low-income
9690,2008.0,Germany,Germany,High-income
9691,2021.0,Netherlands,Netherlands,High-income
9692,2009.0,Not report,,
9695,1993.0,United States,United States,High-income
9696,2004.0,"Europe, United States, Canada, South Africa, New Zealand and Australia",,
9699,1998.0,Not report,,
9700,2009.0,Australia,Australia,High-income
9701,2022.0,"India, Malawi",,
9702,2021.0,India,India,Lower-middle-income
9703,2021.0,Ghana and Papua New Guinea,,
9704,2010.0,Not report,,
9705,2017.0,Not report,,
9706,2021.0,India,India,Lower-middle-income
9707,2008.0,India,India,Lower-middle-income
9708,2007.0,India,India,Lower-middle-income
9709,2013.0,United States,United States,High-income
9710,2015.0,United States,United States,High-income
9712,1997.0,Not report,,
9713,2007.0,Iran,Iran,Lower-middle-income
9714,2022.0,Italy,Italy,High-income
9715,2000.0,United States,United States,High-income
9716,2009.0,Korea,South Korea,High-income
9717,2016.0,Korea,South Korea,High-income
9718,2017.0,Korea,South Korea,High-income
9719,2004.0,United States,United States,High-income
9720,2010.0,Korea,South Korea,High-income
9721,2013.0,Korea,South Korea,High-income
9722,2013.0,Korea,South Korea,High-income
9724,2017.0,Korea,South Korea,High-income
9725,2019.0,Australia,Australia,High-income
9726,2019.0,"Australia, Ireland, Netherlands, New Zealand, UK",,
9727,2001.0,United States,United States,High-income
9728,2017.0,United States,United States,High-income
9729,2019.0,Not report,,
9730,2010.0,Estonia,Estonia,High-income
9731,1992.0,Australia,Australia,High-income
9733,2017.0,UK,United Kingdom,High-income
9734,2001.0,India,India,Low-income
9737,2009.0,Iran,Iran,Upper-middle-income
9740,2006.0,Greece,Greece,High-income
9741,1994.0,Italy,Italy,High-income
9742,2004.0,Italy,Italy,High-income
9743,2014.0,France,France,High-income
9747,2021.0,Spain,Spain,High-income
9748,1993.0,United States,United States,High-income
9749,1982.0,United States,United States,High-income
9750,2000.0,UK,United Kingdom,High-income
9751,2013.0,Not report,,
9752,2017.0,India,India,Lower-middle-income
9753,1997.0,United States,United States,High-income
9754,1999.0,United States,United States,High-income
9755,2002.0,Canada,Canada,High-income
9756,2003.0,Canada,Canada,High-income
9757,1997.0,UK,United Kingdom,High-income
9758,2003.0,Canada,Canada,High-income
9759,2008.0,United States,United States,High-income
9760,2010.0,United States,United States,High-income
9761,2018.0,"Africa (Malawi, South Africa, Tanzania, Uganda, Zambia, Zimbabwe), India",,
9762,2020.0,India,India,Lower-middle-income
9763,2013.0,India,India,Lower-middle-income
9764,2003.0,Not report,,
9765,2014.0,India,India,Lower-middle-income
9766,2015.0,India,India,Lower-middle-income
9768,2021.0,United States,United States,High-income
9769,2018.0,United States,United States,High-income
9770,2021.0,India,India,Lower-middle-income
9771,2005.0,Not report,,
9773,2013.0,Not report,,
9774,1997.0,Canada,Canada,High-income
9775,2006.0,United States,United States,High-income
9777,2013.0,Thailand,Thailand,Upper-middle-income
9778,1991.0,France,France,High-income
9779,2002.0,France,France,High-income
9780,2007.0,"France, UK, US, Canada, Australia",,
9781,2002.0,United States,United States,High-income
9782,2020.0,United States,United States,High-income
9785,2000.0,United States,United States,High-income
9786,1987.0,United States,United States,High-income
9787,2020.0,Sweden,Sweden,High-income
9791,2004.0,United States,United States,High-income
9792,2007.0,United States,United States,High-income
9793,2010.0,United States,United States,High-income
9795,2020.0,US and Canada,,
9797,2001.0,France,France,High-income
9798,2004.0,France,France,High-income
9799,1996.0,Not report,,
9800,1988.0,Not report,,
9801,2020.0,India,India,Lower-middle-income
9802,2006.0,Greece,Greece,High-income
9803,2006.0,Greece,Greece,High-income
9804,2021.0,Kenya,Kenya,Lower-middle-income
9805,1995.0,Not report,,
9807,2010.0,United States,United States,High-income
9808,2012.0,United States,United States,High-income
9809,2014.0,India,India,Lower-middle-income
9811,1991.0,South Africa,South Africa,Upper-middle-income
9812,1993.0,South African,South Africa,Upper-middle-income
9813,1999.0,South Africa,South Africa,Upper-middle-income
9814,2021.0,USA,United States,High-income
9816,2020.0,Slovenia,Slovenia,High-income
9817,1997.0,United States,United States,High-income
9818,1999.0,United States,United States,High-income
9819,1999.0,Not report,,
9820,2006.0,United States,United States,High-income
9821,2009.0,United States,United States,High-income
9822,2019.0,Not report,,
9823,2013.0,Not report,,
9824,2020.0,USA,United States,High-income
9825,1984.0,United States,United States,High-income
9826,1998.0,United States,United States,High-income
9827,1986.0,Denmark,Denmark,High-income
9828,1986.0,Denmark,Denmark,High-income
9830,1985.0,Not report,,
9831,1968.0,Denmark,Denmark,High-income
9832,1988.0,Denmark,Denmark,High-income
9833,1993.0,Denmark,Denmark,High-income
9834,1995.0,Denmark,Denmark,High-income
9835,2002.0,"United States, United Kingdom, Germany, Australia, Netherlands",,
9836,2006.0,"North America, Europe, South Africa",,
9837,2009.0,Denmark,Denmark,High-income
9838,2009.0,"Brazil, Germany, Hungary, Poland, Portugal and South Africa",,
9839,2010.0,"Bulgaria, Germany, Hungary, Poland, Romania, Russia, South Africa, Spain and Ukraine",,
9841,2013.0,Denmark,Denmark,High-income
9843,2008.0,Sweden,Sweden,High-income
9844,2016.0,India,India,Lower-middle-income
9845,1984.0,Not report,,
9846,1999.0,UK,United Kingdom,High-income
9847,2016.0,Not report,,
9848,2003.0,Germany,Germany,High-income
9849,2006.0,Netherlands,Netherlands,High-income
9850,1982.0,United States,United States,High-income
9853,2001.0,China,China,Lower-middle-income
9854,2001.0,China,China,Lower-middle-income
9856,2007.0,Iran,Iran,Lower-middle-income
9859,1980.0,Not report,,
9860,1986.0,Not report,,
9861,1990.0,America,United States,High-income
9862,1992.0,America,United States,High-income
9863,1993.0,Not report,,
9864,1995.0,Canada,Canada,High-income
9865,1997.0,Not report,,
9866,1999.0,United States,United States,High-income
9867,2001.0,United States,United States,High-income
9869,1999.0,United States,United States,High-income
9870,2002.0,Not report,,
9871,1985.0,United States,United States,High-income
9872,2005.0,United States,United States,High-income
9873,2005.0,United States,United States,High-income
9874,2014.0,United States,United States,High-income
9875,2022.0,USA,United States,High-income
9876,1990.0,Canada,Canada,High-income
9877,2009.0,Finland,Finland,High-income
9878,2011.0,Angola,Angola,Upper-middle-income
9879,2013.0,Not report,,
9880,2005.0,Not report,,
9881,2009.0,Spain,Spain,High-income
9882,2013.0,Spain,Spain,High-income
9883,1989.0,Finland,Finland,High-income
9884,1997.0,Finland,Finland,High-income
9885,2001.0,Finland,Finland,High-income
9886,2007.0,"Latin America (Argentina, Brazil, Chile, Dominican Republic, Ecuador, Paraguay, Venezuela)",,
9888,2010.0,Finland,Finland,High-income
9889,2012.0,Finland,Finland,High-income
9890,2005.0,United States,United States,High-income
9891,2005.0,Finland,Finland,High-income
9892,2015.0,Finland,Finland,High-income
9893,2014.0,India,India,Lower-middle-income
9894,2011.0,Australia,Australia,High-income
9896,2000.0,Belgium,Belgium,High-income
9897,2007.0,UK,United Kingdom,High-income
9899,2014.0,China,China,Upper-middle-income
9900,2015.0,China,China,Upper-middle-income
9901,2021.0,China,China,Upper-middle-income
9902,2002.0,Thailand,Thailand,Lower-middle-income
9903,2004.0,Thailand,Thailand,Lower-middle-income
9904,2011.0,Brazil,Brazil,Upper-middle-income
9905,2004.0,Not report,,
9906,2017.0,United States,United States,High-income
9907,1996.0,Not report,,
9908,2008.0,Italy,Italy,High-income
9911,2019.0,Finland,Finland,High-income
9912,2014.0,Australia,Australia,High-income
9914,2008.0,Not report,,
9915,2003.0,Spain,Spain,High-income
9916,2017.0,Spain,Spain,High-income
9917,2012.0,Sri Lanka,Sri Lanka,Lower-middle-income
9918,2005.0,Sri Lanka,Sri Lanka,Lower-middle-income
9919,2011.0,France,France,High-income
9920,2011.0,Costa Rica,Costa Rica,Upper-middle-income
9923,1993.0,United States,United States,High-income
9924,1990.0,Finland,Finland,High-income
9928,1988.0,Germany,Germany,High-income
9929,2004.0,Brazil,Brazil,Lower-middle-income
9930,2002.0,Italy,Italy,High-income
9931,2002.0,Italy,Italy,High-income
9932,1974.0,Not report,,
9934,2010.0,"US, Canada, South Africa, Australia, Netherlands",,
9935,2014.0,UK,United Kingdom,High-income
9936,1989.0,United States,United States,High-income
9937,2007.0,United States,United States,High-income
9938,2004.0,Not report,,
9939,1989.0,United States,United States,High-income
9940,1991.0,United States,United States,High-income
9941,2017.0,Finland,Finland,High-income
9942,2016.0,Finland,Finland,High-income
9943,2002.0,Not report,,
9945,2013.0,Italy,Italy,High-income
9946,2014.0,Brazil,Brazil,Upper-middle-income
9947,2011.0,United States,United States,High-income
9948,2011.0,United States,United States,High-income
9949,2014.0,United States,United States,High-income
9950,2010.0,Australia,Australia,High-income
9951,2009.0,Europe,,
9952,2008.0,United States,United States,High-income
9953,2012.0,"Europe (Hungary, Poland, Romania, Russia, Serbia, Ukraine)",,
9954,2007.0,"Multinational (Russia, Turkey, Ukraine, Poland, Serbia, Germany, South Korea, Switzerland, USA)",,
9956,1999.0,United States,United States,High-income
9957,1999.0,Netherlands,Netherlands,High-income
9958,2020.0,Not report,,
9959,1982.0,Not report,,
9960,1991.0,Denmark,Denmark,High-income
9961,1996.0,Denmark,Denmark,High-income
9962,2004.0,Denmark,Denmark,High-income
9963,2004.0,United States,United States,High-income
9965,2018.0,France,France,High-income
9966,2015.0,France,France,High-income
9967,2010.0,Not report,,
9968,2008.0,Kenya,Kenya,Low-income
9969,2000.0,Not report,,
9970,2003.0,Brazil,Brazil,Lower-middle-income
9971,2012.0,Greece,Greece,High-income
9972,1982.0,Not report,,
9973,2016.0,Not report,,
9974,2001.0,Not report,,
9975,2006.0,United States,United States,High-income
9977,1993.0,Not report,,
9978,2002.0,"Graz, Austria",,
9979,2010.0,Germany,Germany,High-income
9980,1998.0,Switzerland,Switzerland,High-income
9981,2014.0,India,India,Lower-middle-income
9982,2012.0,Thailand,Thailand,Upper-middle-income
9983,2007.0,Not report,,
9984,1992.0,Not report,,
9985,2017.0,Thailand,Thailand,Upper-middle-income
9987,2018.0,United States,United States,High-income
9988,2016.0,USA,United States,High-income
9989,2006.0,"Europe, Israel, South Africa, Australia",,
9990,2003.0,Israel,Israel,High-income
9992,2008.0,France,France,High-income
9994,2009.0,"Europe (Czech Republic, Denmark, Finland, Germany, Israel, Poland, Portugal, Spain, Sweden)",,
9995,1988.0,Not report,,
9996,1990.0,UK,United Kingdom,High-income
9998,2011.0,"International multicenter trial including US, Europe, Argentina, Australia and South Africa",,
10000,2002.0,United States,United States,High-income
10001,2012.0,Malawi,Malawi,Low-income
10002,1998.0,Vietnam,Vietnam,Low-income
10003,1997.0,Vietnam,Vietnam,Low-income
10004,2000.0,Italy,Italy,High-income
10005,1990.0,Not report,,
10007,2021.0,Poland,Poland,High-income
10008,2000.0,Switzerland,Switzerland,High-income
10009,2007.0,Israel,Israel,High-income
10010,1996.0,Not report,,
10011,2016.0,Not report,,
10012,1987.0,United States,United States,High-income
10013,1990.0,Not report,,
10014,1994.0,United States,United States,High-income
10015,1995.0,"United States , Canada, Chile, Germany, Guatemala, Mexico and Venezuela",,
10016,2000.0,United States and Canada,,
10017,1987.0,Not report,,
10018,1986.0,United States,United States,High-income
10019,2008.0,United States,United States,High-income
10021,2002.0,UK,United Kingdom,High-income
10022,2022.0,Malawi,Malawi,Low-income
10023,2000.0,UK,United Kingdom,High-income
10024,2012.0,Poland,Poland,High-income
10025,2011.0,Not report,,
10026,1997.0,France,France,High-income
10027,2017.0,Poland,Poland,High-income
10029,2006.0,Germany,Germany,High-income
10030,1997.0,United States,United States,High-income
10031,2000.0,Not report,,
10033,2010.0,United States,United States,High-income
10034,2021.0,Not report,,
10035,1985.0,United States,United States,High-income
10036,2010.0,United States,United States,High-income
10039,2018.0,United States,United States,High-income
10040,2005.0,Italy,Italy,High-income
10041,2022.0,Poland,Poland,High-income
10042,2002.0,Italy,Italy,High-income
10043,2018.0,Not report,,
10044,1991.0,"Finland, Iceland",,
10046,2005.0,Not report,,
10048,2012.0,UK,United Kingdom,High-income
10049,2007.0,Brazil,Brazil,Upper-middle-income
10050,1980.0,Denmark,Denmark,High-income
10051,2010.0,Brazil,Brazil,Upper-middle-income
10052,2002.0,"Europe (UK, Italy, France, Germany, Ireland, Portugal, Spain) and Brazil",,
10053,2005.0,"United States, Argentina, France, Germany, Brazil, Mexico, Lithuania",,
10054,2008.0,"USA, Australia, Europe and other countries",,
10055,2008.0,"Multinational (including US, Italy, Argentina, Lebanon, etc)",,
10056,2009.0,"USA, UK, Germany",,
10057,2018.0,"Asia, Australia, North America, Europe",,
10059,2020.0,India,India,Lower-middle-income
10060,2011.0,India,India,Lower-middle-income
10061,1999.0,United States,United States,High-income
10062,2019.0,Brazil,Brazil,Upper-middle-income
10063,1997.0,Brazil,Brazil,Upper-middle-income
10064,2012.0,Brazil,Brazil,Upper-middle-income
10065,2014.0,United States,United States,High-income
10066,2005.0,Uganda,Uganda,Low-income
10069,2022.0,"Multicenter, international",,
10071,2002.0,Turkey,Turkey,Lower-middle-income
10073,2012.0,Iran,Iran,Upper-middle-income
10075,1982.0,Not report,,
10077,1990.0,Switzerland,Switzerland,High-income
10078,2014.0,Brazil,Brazil,Upper-middle-income
10081,1976.0,Not report,,
10082,2014.0,Germany,Germany,High-income
10083,2009.0,United States and India,,
10084,1981.0,Not report,,
10085,1984.0,Not report,,
10086,2022.0,Niger,Niger,Low-income
10087,2002.0,Czech Republic,Czechia,Upper-middle-income
10088,2018.0,"New Zealand, Australia, Mexico",,
10092,2018.0,"USA, Finland, France, Italy, Netherlands (multicenter)",,
10094,2000.0,Canada,Canada,High-income
10095,2009.0,Not report,,
10097,2017.0,United States,United States,High-income
10098,2000.0,Not report,,
10100,2000.0,France,France,High-income
10101,2006.0,Denmark,Denmark,High-income
10103,2018.0,"Bulgaria, Czech Republic, Hungary, India, Poland, Romania, Russia and Ukraine",,
10105,2004.0,United States,United States,High-income
10106,1990.0,Canada,Canada,High-income
10111,2008.0,Thailand,Thailand,Lower-middle-income
10112,2015.0,Thailand,Thailand,Upper-middle-income
10113,2000.0,India,India,Low-income
10115,1990.0,Israel,Israel,High-income
10117,2021.0,Croatia,Croatia,High-income
10118,2019.0,Croatia,Croatia,High-income
10120,2001.0,Czech Republic,Czechia,Upper-middle-income
10121,2006.0,"Austria, Belgium, Czech Republic, France, Hungary, Poland, Spain and Switzerland",,
10123,2021.0,Ukraine and Poland,,
10124,1986.0,France,France,High-income
10125,2002.0,UK and Germany,,
10126,2012.0,Turkey,Turkey,Upper-middle-income
10127,2016.0,Turkey,Turkey,Upper-middle-income
10130,1993.0,Italy,Italy,High-income
10131,2005.0,Honduras,Honduras,Lower-middle-income
10132,2001.0,Austria,Austria,High-income
10133,2002.0,Canada,Canada,High-income
10134,2016.0,Not report,,
10135,1981.0,Not report,,
10136,2005.0,Canada,Canada,High-income
10137,1981.0,Netherlands,Netherlands,High-income
10142,1993.0,France,France,High-income
10144,2012.0,Canada,Canada,High-income
10145,2014.0,Canada,Canada,High-income
10146,2016.0,Canada,Canada,High-income
10149,2020.0,Canada,Canada,High-income
10150,1999.0,India,India,Low-income
10153,2007.0,Canada,Canada,High-income
10154,2022.0,Canada,Canada,High-income
10156,2022.0,Ukraine,Ukraine,Lower-middle-income
10159,2011.0,Mexico,Mexico,Upper-middle-income
10160,2012.0,United States,United States,High-income
10163,2014.0,Brazil,Brazil,Upper-middle-income
10164,1996.0,Not report,,
10165,1985.0,United States,United States,High-income
10167,2010.0,United States,United States,High-income
10168,2000.0,Not report,,
10169,2019.0,"United States, Canada",,
10171,2005.0,United States,United States,High-income
10173,2007.0,North America ,,
10176,2020.0,Not report,,
10177,2005.0,South Africa,South Africa,Upper-middle-income
10178,2013.0,"Argentina, South Africa, Hungary, Spain",,
10180,2016.0,"South Africa, Hungary",,
10181,2019.0,United States,United States,High-income
10182,1989.0,Not report,,
10183,1991.0,Not report,,
10184,2005.0,Iran,Iran,Lower-middle-income
10185,2008.0,Iran,Iran,Lower-middle-income
10186,2015.0,Iran,Iran,Upper-middle-income
10187,2015.0,Iran,Iran,Upper-middle-income
10188,2014.0,Iran,Iran,Upper-middle-income
10189,1965.0,United States,United States,High-income
10190,2015.0,United States,United States,High-income
10191,1997.0,United States,United States,High-income
10192,2013.0,UK,United Kingdom,High-income
10193,2013.0,"Wales, Scotland, Northern Ireland and England",,
10195,2017.0,United States,United States,High-income
10196,2000.0,United States,United States,High-income
10197,2017.0,Botswana,Botswana,Upper-middle-income
10202,2008.0,Not report,,
10203,2013.0,Thailand,Thailand,Upper-middle-income
10204,2017.0,India,India,Lower-middle-income
10205,1995.0,Not report,,
10207,2006.0,India,India,Low-income
10208,2006.0,Peru,Peru,Lower-middle-income
10209,1993.0,Guatemala,Guatemala,Lower-middle-income
10210,1989.0,Mexico,Mexico,Lower-middle-income
10211,1975.0,Not report,,
10212,1991.0,Not report,,
10213,2006.0,India,India,Low-income
10214,2010.0,India,India,Lower-middle-income
10215,2021.0,India,India,Lower-middle-income
10218,2020.0,India,India,Lower-middle-income
10219,2019.0,India,India,Lower-middle-income
10220,2001.0,United States,United States,High-income
10221,2007.0,UK,United Kingdom,High-income
10222,2012.0,India,India,Lower-middle-income
10223,2004.0,Not report,,
10224,2018.0,India,India,Lower-middle-income
10226,1981.0,Not report,,
10227,1999.0,Not report,,
10228,2015.0,UK,United Kingdom,High-income
10229,2015.0,United States,United States,High-income
10230,1994.0,Sweden,Sweden,High-income
10231,2009.0,"Tanzania, Nigeria, Kenya, Ghana, Burkina Faso",,
10232,2008.0,South Africa,South Africa,Upper-middle-income
10233,2011.0,Uganda and Zimbabwe,,
10234,2011.0,Zambia,Zambia,Lower-middle-income
10235,2006.0,"United States, Latin America, South Africa",,
10236,2022.0,United States,United States,High-income
10238,2005.0,United Kingdom,United Kingdom,High-income
10239,2006.0,UK,United Kingdom,High-income
10241,2005.0,Not report,,
10243,1995.0,UK,United Kingdom,High-income
10244,1997.0,United Kingdom,United Kingdom,High-income
10245,2002.0,UK,United Kingdom,High-income
10246,2010.0,Not report,,
10247,1984.0,Not report,,
10249,2003.0,Australia,Australia,High-income
10250,2011.0,United States,United States,High-income
10251,1985.0,France,France,High-income
10255,1995.0,United States,United States,High-income
10256,2001.0,Not report,,
10257,2000.0,Not report,,
10258,1986.0,Italy,Italy,High-income
10259,1998.0,Italy,Italy,High-income
10260,1989.0,Not report,,
10261,1995.0,"Brazil, Chile, Germany, Italy, Korea, Spain, Turkey and Venezuela",,
10263,2008.0,Netherlands,Netherlands,High-income
10264,2016.0,India,India,Lower-middle-income
10266,2003.0,Uganda,Uganda,Low-income
10267,2005.0,"Europe (Belgium, Eire, France, Holland, Italy, Norway, United Kingdom)",,
10270,2015.0,Not report,,
10273,1982.0,Canada and USA,,
10274,1999.0,Not report,,
10276,2009.0,Belgium,Belgium,High-income
10277,2013.0,Belgium,Belgium,High-income
10278,2003.0,Not report,,
10279,2013.0,Italy,Italy,High-income
10281,1997.0,Not report,,
10283,2019.0,kenya,Kenya,Lower-middle-income
10286,2000.0,International,,
10287,2006.0,United States,United States,High-income
10288,2007.0,Not report,,
10289,2007.0,United States,United States,High-income
10290,2005.0,Not report,,
10291,2002.0,Italy,Italy,High-income
10292,2015.0,Italy,Italy,High-income
10293,1987.0,Not report,,
10294,1980.0,United States,United States,High-income
10295,1983.0,Malawi,Malawi,Low-income
10296,1984.0,Malawi,Malawi,Low-income
10297,1985.0,Finland,Finland,High-income
10299,1997.0,United States,United States,High-income
10300,1987.0,Not report,,
10301,1993.0,Finland,Finland,High-income
10302,1992.0,Not report,,
10303,1986.0,Italy,Italy,High-income
10304,1993.0,United States,United States,High-income
10305,2014.0,United States and Canada,,
10306,2009.0,India,India,Lower-middle-income
10307,2009.0,Thailand,Thailand,Lower-middle-income
10308,1996.0,Canada,Canada,High-income
10310,2021.0,"Europe (France, Spain, Switzerland, Germany, Belgium)",,
10311,2000.0,Not report,,
10312,2021.0,Indonesia,Indonesia,Lower-middle-income
10313,2009.0,Thailand,Thailand,Lower-middle-income
10314,2012.0,Thailand and Cambodia,,
10315,2013.0,Thailand and Cambodia,,
10316,2022.0,United States,United States,High-income
10319,1981.0,Not report,,
10320,2006.0,"USA, Chile, Argentina",,
10322,2014.0,Saudi Arabia,Saudi Arabia,High-income
10324,2014.0,China,China,Upper-middle-income
10328,2022.0,China,China,Upper-middle-income
10331,2021.0,China,China,Upper-middle-income
10332,2012.0,China,China,Upper-middle-income
10334,2006.0,Not report,,
10336,2018.0,China,China,Upper-middle-income
10337,2019.0,China,China,Upper-middle-income
10338,2020.0,China,China,Upper-middle-income
10341,2021.0,China,China,Upper-middle-income
10343,2003.0,United States,United States,High-income
10344,2022.0,China,China,Upper-middle-income
10345,2021.0,Not report,,
10347,1997.0,United States,United States,High-income
10350,2013.0,Brazil,Brazil,Upper-middle-income
10351,2008.0,"Europe, North and South America, South Africa, India, and Thailand",,
10352,2008.0,Mozambique,Mozambique,Low-income
10353,1993.0,Not report,,
10354,1999.0,Not report,,
10355,2014.0,United States,United States,High-income
10357,1992.0,UK,United Kingdom,High-income
10358,1993.0,UK,United Kingdom,High-income
10359,2004.0,Canada and USA,,
10360,2007.0,Canada,Canada,High-income
10361,2018.0,United States,United States,High-income
10362,1975.0,United States,United States,High-income
10364,1995.0,United States,United States,High-income
10365,2009.0,United States,United States,High-income
10366,1989.0,Mexico,Mexico,Lower-middle-income
10368,1995.0,United States,United States,High-income
10369,1997.0,United States,United States,High-income
10370,1998.0,United States,United States,High-income
10371,2001.0,United States,United States,High-income
10372,2005.0,United States,United States,High-income
10373,1995.0,Australia,Australia,High-income
10374,1991.0,Italy,Italy,High-income
10375,1994.0,Italy,Italy,High-income
10376,2008.0,United States,United States,High-income
10381,2005.0,United States,United States,High-income
10384,2013.0,United States,United States,High-income
10385,1999.0,United States,United States,High-income
10386,2019.0,Russia,Russia,Upper-middle-income
10387,1991.0,Bangladesh,Bangladesh,Low-income
10389,2008.0,Italy,Italy,High-income
10390,2021.0,Egypt,Egypt,Lower-middle-income
10391,2011.0,South Africa,South Africa,Upper-middle-income
10393,2008.0,United States,United States,High-income
10395,1986.0,USA,United States,High-income
10396,1989.0,Canada,Canada,High-income
10397,1995.0,United States,United States,High-income
10398,2021.0,Iran,Iran,Lower-middle-income
10399,1997.0,South African,South Africa,Upper-middle-income
10400,2018.0,India,India,Lower-middle-income
10401,2020.0,India,India,Lower-middle-income
10402,2022.0,India,India,Lower-middle-income
10403,2001.0,Not report,,
10404,2020.0,Egypt,Egypt,Lower-middle-income
10405,2022.0,Egypt,Egypt,Lower-middle-income
10406,2022.0,Iran,Iran,Lower-middle-income
10407,1989.0,Netherlands,Netherlands,High-income
10408,2011.0,Iran,Iran,Upper-middle-income
10409,2014.0,Iran,Iran,Upper-middle-income
10410,2010.0,Iran,Iran,Upper-middle-income
10411,2020.0,Iran,Iran,Lower-middle-income
10413,2005.0,Egypt,Egypt,Lower-middle-income
10414,1997.0,Not report,,
10417,1999.0,Finland,Finland,High-income
10419,2014.0,Iran,Iran,Upper-middle-income
10420,2010.0,Germany,Germany,High-income
10423,1988.0,Bangladesh,Bangladesh,Low-income
10427,2013.0,Iran,Iran,Upper-middle-income
10428,2011.0,India,India,Lower-middle-income
10430,2023.0,India,India,Lower-middle-income
10431,2019.0,Not report,,
10432,2003.0,Not report,,
10433,2008.0,Mexico,Mexico,Upper-middle-income
10434,2020.0,Tanzania,Tanzania,Lower-middle-income
10435,2007.0,India,India,Lower-middle-income
10436,2014.0,India,India,Lower-middle-income
10437,1986.0,Not report,,
10439,2009.0,Not report,,
10442,1987.0,United States,United States,High-income
10443,2022.0,Madagascar,Madagascar,Low-income
10445,2012.0,Sweden,Sweden,High-income
10446,2012.0,Sweden,Sweden,High-income
10447,2005.0,United States,United States,High-income
10448,2008.0,United States,United States,High-income
10449,2005.0,United States,United States,High-income
10450,2006.0,Israel,Israel,High-income
10451,2014.0,India,India,Lower-middle-income
10452,2021.0,India,India,Lower-middle-income
10453,2001.0,Not report,,
10454,2018.0,India,India,Lower-middle-income
10457,2010.0,United States,United States,High-income
10458,2019.0,United States,United States,High-income
10460,2023.0,Not report,,
10462,2004.0,United States,United States,High-income
10464,2022.0,India,India,Lower-middle-income
10465,2013.0,India,India,Lower-middle-income
10467,2009.0,Not report,,
10468,2010.0,Not report,,
10471,2020.0,India,India,Lower-middle-income
10472,2021.0,Not report,,
10473,1995.0,Belgium,Belgium,High-income
10474,1992.0,Not report,,
10475,2014.0,"Australia, Chile, New Zealand, Panama, United States",,
10477,2020.0,Indonesia,Indonesia,Lower-middle-income
10478,2021.0,Indonesia,Indonesia,Lower-middle-income
10479,2000.0,Netherlands,Netherlands,High-income
10481,2010.0,United States,United States,High-income
10482,2020.0,Canada,Canada,High-income
10485,1977.0,Not report,,
10486,2002.0,United States,United States,High-income
10487,2013.0,Norway,Norway,High-income
10488,2014.0,Not report,,
10489,2014.0,Not report,,
10492,2014.0,United States,United States,High-income
10494,1991.0,Finland,Finland,High-income
10495,1993.0,Not report,,
10496,1988.0,United States,United States,High-income
10497,1985.0,United States,United States,High-income
10498,2017.0,Not report,,
10501,1987.0,Not report,,
10502,2019.0,Vietnam,Vietnam,Lower-middle-income
10504,2022.0,India,India,Lower-middle-income
10505,2010.0,Not report,,
10507,1981.0,Not report,,
10508,2007.0,"United States, Europe",,
10510,1998.0,"India, Mexico, Brazil, United Arab Emirates",,
10517,1980.0,Not report,,
10519,2004.0,Not report,,
10520,1989.0,Not report,,
10521,1985.0,Not report,,
10522,1985.0,United States,United States,High-income
10523,1985.0,United States,United States,High-income
10524,1986.0,United States,United States,High-income
10525,1988.0,United States,United States,High-income
10526,1989.0,Not report,,
10528,1994.0,United States,United States,High-income
10529,1997.0,Not report,,
10530,2002.0,Not report,,
10531,2008.0,Not report,,
10532,2020.0,Egypt,Egypt,Lower-middle-income
10533,2014.0,Egypt,Egypt,Lower-middle-income
10535,1999.0,Not report,,
10536,2021.0,Not report,,
10537,2005.0,Pakistan,Pakistan,Low-income
10538,2002.0,United States,United States,High-income
10539,2019.0,Not report,,
10540,2000.0,Europe,,
10541,2012.0,United States and Canada,,
10542,2019.0,"Canada, Egypt, France, Germany, Greece, Hungary, Italy, Russia, Switzerland",,
10543,2005.0,USA,United States,High-income
10547,1968.0,United States,United States,High-income
10549,1999.0,Not report,,
10551,2011.0,Not report,,
10552,2020.0,Italy,Italy,High-income
10553,2020.0,Not report,,
10554,2019.0,Iran,Iran,Upper-middle-income
10555,2021.0,Iran,Iran,Lower-middle-income
10556,2006.0,India,India,Low-income
10557,2011.0,Not report,,
10558,2002.0,Not report,,
10561,2002.0,Not report,,
10562,2019.0,Not report,,
10563,1987.0,Not report,,
10566,2022.0,Iran,Iran,Lower-middle-income
10567,2006.0,Turkey,Turkey,Upper-middle-income
10568,2008.0,Not report,,
10569,2010.0,Turkey,Turkey,Upper-middle-income
10570,2021.0,Iran,Iran,Lower-middle-income
10571,2009.0,Pakistan,Pakistan,Lower-middle-income
10572,2006.0,Not report,,
10573,1999.0,"France, Portugal",,
10576,2001.0,United States,United States,High-income
10578,2012.0,Canada,Canada,High-income
10579,2021.0,Multinational,,
10580,2019.0,Australia,Australia,High-income
10582,2021.0,India,India,Lower-middle-income
10583,2022.0,India,India,Lower-middle-income
10584,2022.0,India,India,Lower-middle-income
10585,2011.0,India,India,Lower-middle-income
10586,2010.0,Not report,,
10587,2008.0,Australia,Australia,High-income
10588,2008.0,Australia,Australia,High-income
10590,1994.0,United States,United States,High-income
10596,2021.0,Netherlands,Netherlands,High-income
10600,2019.0,Egypt,Egypt,Lower-middle-income
10603,2021.0,India,India,Lower-middle-income
10604,2022.0,Zimbabwe and Malawi,,
10606,1997.0,United States,United States,High-income
10607,2008.0,Australia,Australia,High-income
10608,2021.0,United States,United States,High-income
10609,2006.0,"Australia, Europe, Asia, Central America, South America, United States",,
10610,1995.0,Finland,Finland,High-income
10611,1996.0,Finland,Finland,High-income
10612,1983.0,Not report,,
10614,1998.0,UK,United Kingdom,High-income
10615,2009.0,United States,United States,High-income
10616,2006.0,Not report,,
10617,1996.0,United States,United States,High-income
10620,2002.0,Not report,,
10621,2006.0,Not report,,
10622,1986.0,Not report,,
10623,1986.0,Not report,,
10625,1988.0,United States,United States,High-income
10626,1988.0,Not report,,
10627,2002.0,European countries and Canada,,
10628,2009.0,"Canada, Finland, Ireland, Latvia, UK",,
10629,1994.0,Germany and Austria,,
10630,1998.0,Not report,,
10631,2001.0,Not report,,
10632,2005.0,United States,United States,High-income
10637,1998.0,"Europe (France, Netherlands, Germany, UK, Spain, Austria, Israel, Greece, Finland, Norway)",,
10638,1991.0,United States,United States,High-income
10639,1993.0,Not report,,
10641,2021.0,China,China,Upper-middle-income
10643,2022.0,Not report,,
10644,2018.0,Not report,,
10645,2022.0,France,France,High-income
10646,2006.0,Italy,Italy,High-income
10647,2013.0,United States,United States,High-income
10648,2006.0,Finland,Finland,High-income
10650,1991.0,UK,United Kingdom,High-income
10651,1986.0,UK,United Kingdom,High-income
10654,2003.0,Not report,,
10657,1984.0,Not report,,
10658,2003.0,Not report,,
10659,2004.0,United States,United States,High-income
10660,2003.0,United States and Canada,,
10661,2005.0,Not report,,
10663,2008.0,United States,United States,High-income
10664,2014.0,Not report,,
10666,2010.0,Thailand,Thailand,Upper-middle-income
10668,1998.0,Not report,,
10669,2001.0,United States,United States,High-income
10670,2003.0,Not report,,
10671,2013.0,Netherlands,Netherlands,High-income
10673,1991.0,Not report,,
10674,2004.0,France,France,High-income
10675,2006.0,"Belgium, Germany, Great Britain, Israel, Netherlands, Poland, South Africa, Spain",,
10677,1997.0,Switzerland,Switzerland,High-income
10680,1993.0,United States,United States,High-income
10681,2019.0,United States,United States,High-income
10682,2005.0,Not report,,
10683,2010.0,Iran,Iran,Upper-middle-income
10684,2021.0,Iran,Iran,Lower-middle-income
10685,2010.0,Iran,Iran,Upper-middle-income
10687,2014.0,United States,United States,High-income
10688,1988.0,United States,United States,High-income
10689,2006.0,UK,United Kingdom,High-income
10690,2004.0,UK,United Kingdom,High-income
10691,2007.0,Not report,,
10692,2007.0,Not report,,
10693,2012.0,Not report,,
10697,2007.0,Not report,,
10698,2011.0,Not report,,
10699,2012.0,Italy,Italy,High-income
10700,2020.0,Not report,,
10701,1990.0,Not report,,
10702,2001.0,Not report,,
10703,2009.0,Not report,,
10704,1981.0,United States,United States,High-income
10707,1996.0,"Europe, Israel, South Africa",,
10708,1998.0,Not report,,
10710,1979.0,UK,United Kingdom,High-income
10712,1998.0,UK,United Kingdom,High-income
10713,1995.0,Not report,,
10714,1992.0,United States,United States,High-income
10715,2001.0,United States,United States,High-income
10717,1986.0,Not report,,
10719,1996.0,Not report,,
10720,2004.0,Germany,Germany,High-income
10722,1992.0,Not report,,
10723,2006.0,Germany,Germany,High-income
10724,2009.0,Germany,Germany,High-income
10725,1997.0,United States,United States,High-income
10726,2004.0,Not report,,
10727,2011.0,Not report,,
10728,2019.0,France,France,High-income
10729,1991.0,Finland,Finland,High-income
10730,1994.0,Finland,Finland,High-income
10731,2019.0,"Canada, France, Germany, the Netherlands, Spain, the United Kingdom, and the United States",,
10732,1990.0,Not report,,
10733,2011.0,Egypt and Croatia,,
10736,1998.0,Cameroon,Cameroon,Low-income
10738,1980.0,Not report,,
10741,2000.0,United States,United States,High-income
10742,1991.0,Not report,,
10743,2006.0,Not report,,
10745,2014.0,Egypt,Egypt,Lower-middle-income
10746,2001.0,Not report,,
10747,2010.0,U.S.,United States,High-income
10748,2014.0,United States,United States,High-income
10749,1999.0,Not report,,
10750,2003.0,Not report,,
10751,2008.0,Not report,,
10752,2022.0,United States,United States,High-income
10753,1980.0,Not report,,
10754,2011.0,Italy,Italy,High-income
10757,1986.0,Canada,Canada,High-income
10759,2003.0,UK,United Kingdom,High-income
10760,2011.0,Not report,,
10763,1994.0,Australia,Australia,High-income
10764,1999.0,Australia,Australia,High-income
10765,2003.0,"Denmark, Finland, Iceland, Norway, Sweden",,
10767,2019.0,Not report,,
10768,1998.0,Australia,Australia,High-income
10769,2007.0,Europe and Israel,,
10770,1992.0,Canada,Canada,High-income
10771,2021.0,"Argentina,  Australia,  Belgium,  Brazil,  Canada,  Czechia,  Denmark,  Finland,  France,  Greece,  Hungary,  Italy,  Mexico,  Norway,  Poland,  Portugal,  Russian Federation,  Spain,  Ukraine,  United Kingdom,  United States",,
10772,2023.0,"Argentina,  Belgium,  Brazil,  Canada,  Czechia,  Finland,  France,  Germany,  Greece,  Italy,  Mexico,  Norway,  Poland,  Portugal,  Spain,  United Kingdom,  United States",,
10773,1995.0,Not report,,
10774,1983.0,South African,South Africa,Lower-middle-income
10775,1983.0,South African,South Africa,Lower-middle-income
10778,1990.0,Australia,Australia,High-income
10779,2012.0,"USA, Australia",,
10781,2011.0,Spain,Spain,High-income
10782,2008.0,Netherland,Netherlands,High-income
10783,1981.0,Not report,,
10784,1993.0,Equatorial Guinea,Equatorial Guinea,Low-income
10785,2004.0,Not report,,
10786,2008.0,Not report,,
10787,2018.0,Not report,,
10789,2007.0,Not report,,
10790,1993.0,Not report,,
10791,1997.0,Not report,,
10793,1987.0,Not report,,
10794,2011.0,Not report,,
10795,2009.0,Not report,,
10796,1985.0,Dominican Republic,Dominican Republic,Lower-middle-income
10797,1989.0,Mexico,Mexico,Lower-middle-income
10798,1994.0,Not report,,
10799,1996.0,Not report,,
10802,1999.0,United States,United States,High-income
10803,2007.0,Not report,,
10805,1985.0,USA,United States,High-income
10806,1993.0,Not report,,
10808,1993.0,"Costa Rica, Guatemala, Panama Venezuela",,
10809,1979.0,United States,United States,High-income
10810,1990.0,Not report,,
10811,1990.0,Not report,,
10813,1997.0,Not report,,
10814,2000.0,Not report,,
10817,2010.0,Côte d’Ivoire,Cote d'Ivoire,Lower-middle-income
10818,2013.0,Germany,Germany,High-income
10819,2004.0,United States and Canada,,
10820,2003.0,United States,United States,High-income
10821,2007.0,Not report,,
10823,2021.0,India,India,Lower-middle-income
10824,1997.0,Not report,,
10825,1999.0,Italy,Italy,High-income
10826,2002.0,Not report,,
10827,2002.0,Not report,,
10828,2011.0,Not report,,
10829,2010.0,Italy,Italy,High-income
10831,2009.0,Poland and Hungary,,
10832,1998.0,Not report,,
10833,1998.0,Not report,,
10834,1999.0,Not report,,
10835,2000.0,Not report,,
10836,2001.0,Not report,,
10838,2004.0,United States,United States,High-income
10839,2000.0,Canada,Canada,High-income
10840,2019.0,China,China,Upper-middle-income
10841,2006.0,Not report,,
10843,2014.0,Iran,Iran,Upper-middle-income
10844,2019.0,Not report,,
10845,2019.0,United Kingdom,United Kingdom,High-income
10846,1996.0,Netherlands,Netherlands,High-income
10847,2000.0,Sweden,Sweden,High-income
10848,2001.0,Sweden,Sweden,High-income
10850,2009.0,Not report,,
10852,1985.0,Italy,Italy,High-income
10854,1994.0,Not report,,
10855,1995.0,Not reported,,
10856,1996.0,Not report,,
10857,1999.0,Not report,,
10858,2000.0,Not report,,
10859,2002.0,United States,United States,High-income
10860,2005.0,India,India,Low-income
10861,2005.0,UK,United Kingdom,High-income
10864,2000.0,Not report,,
10865,2000.0,Not report,,
10866,2019.0,Not report,,
10867,2021.0,Not report,,
10869,1990.0,Not report,,
10870,1984.0,Not report,,
10871,1986.0,Not report,,
10872,1987.0,Not report,,
10873,1988.0,Not report,,
10874,1990.0,Not report,,
10875,1992.0,Not report,,
10880,2005.0,Not report,,
10882,2014.0,Denmark,Denmark,High-income
10885,2008.0,United States,United States,High-income
10886,1986.0,United States,United States,High-income
10887,1987.0,United States,United States,High-income
10889,1998.0,United States,United States,High-income
10890,1998.0,Not report,,
10891,2000.0,United States,United States,High-income
10892,2003.0,Not report,,
10893,2004.0,Not report,,
10894,2009.0,USA,United States,High-income
10895,1998.0,Not report,,
10896,2014.0,Not report,,
10897,1986.0,Italy,Italy,High-income
10898,1987.0,Italy,Italy,High-income
10900,2006.0,Egypt,Egypt,Lower-middle-income
10901,2012.0,Peru,Peru,Upper-middle-income
10903,2006.0,"United States, Canada, India, Finland, Germany, United Kingdom",,
10904,1989.0,Canada,Canada,High-income
10906,2003.0,United States,United States,High-income
10907,1994.0,Bangladesh,Bangladesh,Low-income
10909,2008.0,France,France,High-income
10910,2003.0,France,France,High-income
10911,2010.0,Iran,Iran,Upper-middle-income
10912,2022.0,Not report,,
10913,1993.0,Canada,Canada,High-income
10914,2019.0,Not report,,
10917,1998.0,Bangladesh,Bangladesh,Low-income
10919,2022.0,"Hungary, Italy, Philippines, Poland, Russia, South Korea, Thailand, Turkey, United States",,
10920,1993.0,France,France,High-income
10921,2021.0,France,France,High-income
10922,2003.0,Not report,,
10925,2001.0,Portugal,Portugal,High-income
10927,1994.0,Italy,Italy,High-income
10928,2009.0,UK,United Kingdom,High-income
10929,2011.0,UK,United Kingdom,High-income
10930,2011.0,UK,United Kingdom,High-income
10931,2012.0,United States,United States,High-income
10932,1970.0,Not report,,
10933,2000.0,Chile,Chile,Upper-middle-income
10934,2019.0,Israel,Israel,High-income
10935,2006.0,Canada,Canada,High-income
10936,2008.0,United States,United States,High-income
10937,2017.0,Spain,Spain,High-income
10938,2009.0,Not report,,
10939,2010.0,Not report,,
10940,2019.0,Not report,,
10941,1983.0,Not report,,
10942,1986.0,United States,United States,High-income
10943,1991.0,Not report,,
10944,1984.0,Not report,,
10946,2005.0,Not report,,
10947,2021.0,Not report,,
10948,2014.0,Uganda,Uganda,Low-income
10949,2000.0,México,Mexico,Upper-middle-income
10950,2009.0,France and Belgium,,
10951,2018.0,Not report,,
10952,2009.0,"Austria, Belgium, Finland, France, Spain, Switzerland, UK",,
10953,2003.0,United States,United States,High-income
10954,2021.0,Australia,Australia,High-income
10955,2021.0,"England, Scotland",,
10956,2003.0,Not report,,
10957,2019.0,Not report,,
10958,2007.0,Not report,,
10959,1991.0,Not report,,
10960,1992.0,Not report,,
10961,1993.0,Not report,,
10962,1990.0,Not report,,
10963,2021.0,Thailand,Thailand,Upper-middle-income
10964,2007.0,Rwanda,Rwanda,Low-income
10965,2020.0,Indonesia,Indonesia,Lower-middle-income
10966,1999.0,Finland,Finland,High-income
10967,2003.0,Finland,Finland,High-income
10968,2020.0,Not report,,
10969,2004.0,"Austria, Belgium, Brazil, Bulgaria, Czech Republic, Finland, Germany, Israel, Italy, Korea, Mexico, The Netherlands, Norway, Slovakia, Spain, Sweden, Switzerland, Turkey, UK, and the US",,
10970,2005.0,"Austria, Belgium, France, Germany, Italy, Russia, UK",,
10971,2007.0,"North America, South America, Europe",,
10972,2008.0,"Europe, Latin America, United States",,
10973,2010.0,"Europe, Latin America, US",,
10974,2010.0,Italy,Italy,High-income
10975,2011.0,Italy,Italy,High-income
10982,2021.0,"Argentina, Australia, Belgium, Brazil, Canada, Israel, Mexico, Poland, Russia, Spain, Turkey, Ukraine, the UK, and the USA",,
10984,1990.0,United States,United States,High-income
10985,2007.0,Not report,,
10986,1995.0,Not report,,
10987,1995.0,Not report,,
10988,1996.0,Not report,,
10989,1995.0,Not report,,
10991,2001.0,Not report,,
10992,2001.0,UK,United Kingdom,High-income
10993,2019.0,Not report,,
10994,2021.0,Not report,,
10995,2003.0,United States,United States,High-income
10996,1976.0,Not report,,
10997,2007.0,Australia,Australia,High-income
10998,2009.0,Italy,Italy,High-income
11000,1995.0,Not report,,
11002,2010.0,Not report,,
11005,1988.0,Finland,Finland,High-income
11006,2007.0,"Germany, Austria, Switzerland",,
11007,2006.0,Norway,Norway,High-income
11008,1987.0,United States,United States,High-income
11009,2014.0,Malawi,Malawi,Low-income
11011,1994.0,Not report,,
11012,2011.0,Finland,Finland,High-income
11013,2001.0,United States,United States,High-income
11014,2007.0,United States,United States,High-income
11015,2004.0,Not report,,
11016,2011.0,Not report,,
11018,1994.0,Not report,,
11019,2007.0,Belgium,Belgium,High-income
11021,1999.0,India,India,Low-income
11022,2010.0,Turkey,Turkey,Upper-middle-income
11023,2000.0,Turkey,Turkey,Upper-middle-income
11024,2020.0,"Minsk, Belarus",,
11025,2011.0,China,China,Upper-middle-income
11026,1982.0,Not report,,
11030,2012.0,Not report,,
11031,1996.0,Kenya,Kenya,Low-income
11032,2012.0,Italy,Italy,High-income
11033,1995.0,Not report,,
11034,1985.0,Not report,,
11035,1986.0,Not report,,
11036,2002.0,Not report,,
11037,2003.0,USA,United States,High-income
11038,2006.0,Not report,,
11039,2008.0,Not report,,
11040,2009.0,Not report,,
11041,2013.0,Finland,Finland,High-income
11042,1996.0,Finland,Finland,High-income
11043,1999.0,Finland,Finland,High-income
11044,2001.0,Finland,Finland,High-income
11045,1973.0,Finland,Finland,High-income
11046,1985.0,Not report,,
11047,1988.0,Not report,,
11048,1993.0,Not report,,
11049,2011.0,Not report,,
11050,1998.0,France,France,High-income
11051,2008.0,Egypt,Egypt,Lower-middle-income
11053,1998.0,Thailand,Thailand,Lower-middle-income
11054,2002.0,Germany,Germany,High-income
11055,2020.0,Iran,Iran,Lower-middle-income
11058,1997.0,Argentina,Argentina,Upper-middle-income
11059,1977.0,Not report,,
11061,2009.0,Mali,Mali,Low-income
11062,2022.0,Iran,Iran,Lower-middle-income
11066,2001.0,Iran,Iran,Lower-middle-income
11067,2019.0,Not report,,
11068,2021.0,Not report,,
11071,2018.0,Pakistan,Pakistan,Lower-middle-income
11072,2012.0,Iran,Iran,Upper-middle-income
11073,2019.0,Japan,Japan,High-income
11075,2005.0,"Mexico, Argentina, Philippines, Costa Rica, Panama, Guatemala and Thailand",,
11076,1995.0,Panama,Panama,Lower-middle-income
11077,2001.0,United States and Panama,,
11079,2003.0,"United States, Canada, Argentina, Bahamas, Panama and South Africa",,
11080,2019.0,Not report,,
11081,2020.0,Not report,,
11082,2023.0,Iran,Iran,Upper-middle-income
11083,2010.0,Iran,Iran,Upper-middle-income
11084,2012.0,Not report,,
11085,2000.0,United States,United States,High-income
11086,2022.0,Not report,,
11087,2003.0,Russia,Russia,Lower-middle-income
11088,2018.0,"Burkina Faso, Guinea, Mali",,
11090,2021.0,UK,United Kingdom,High-income
11091,2004.0,Finland,Finland,High-income
11092,2005.0,Bangladesh,Bangladesh,Low-income
11093,2019.0,India,India,Lower-middle-income
11095,2012.0,Not report,,
11096,2021.0,Not report,,
11097,2022.0,Not report,,
11098,2012.0,India,India,Lower-middle-income
11099,2010.0,Not report,,
11101,2010.0,US and Canada,,
11102,2011.0,United States and Canada,,
11104,2011.0,India,India,Lower-middle-income
11106,2020.0,Japan,Japan,High-income
11107,2022.0,Japan,Japan,High-income
11108,2022.0,Japan,Japan,High-income
11109,2021.0,Japan,Japan,High-income
11110,2011.0,United Arab Emirates,United Arab Emirates,High-income
11112,2008.0,Japan,Japan,High-income
11113,2004.0,Not report,,
11114,2006.0,Greece,Greece,High-income
11115,2007.0,Greece,Greece,High-income
11116,2008.0,Greece,Greece,High-income
11118,2004.0,Netherlands,Netherlands,High-income
11119,2011.0,Not report,,
11121,2019.0,Iran,Iran,Upper-middle-income
11122,1994.0,Nigeria,Nigeria,Low-income
11123,1988.0,Bangladesh,Bangladesh,Low-income
11124,1993.0,Not report,,
11125,1998.0,Bangladesh,Bangladesh,Low-income
11126,2020.0,Egypt,Egypt,Lower-middle-income
11127,2022.0,Sweden ,Sweden,High-income
11128,2008.0,"North America, Europe, Latin America",,
11129,2013.0,"North America, Latin America and Europe",,
11130,1986.0,Peru,Peru,Lower-middle-income
11131,2000.0,Not report,,
11134,2006.0,Not report,,
11135,2009.0,Iran,Iran,Upper-middle-income
11136,2010.0,Iran,Iran,Upper-middle-income
11138,2012.0,Not report,,
11139,2014.0,Not report,,
11143,2004.0,Not report,,
11144,1977.0,United States,United States,High-income
11145,1994.0,USA,United States,High-income
11146,1996.0,USA,United States,High-income
11147,1997.0,United States,United States,High-income
11148,1997.0,United States,United States,High-income
11149,2000.0,Not report,,
11150,2009.0,United States,United States,High-income
11151,2011.0,Papua New Guinea,Papua New Guinea,Lower-middle-income
11152,2018.0,Not report,,
11153,2009.0,United States,United States,High-income
11154,1993.0,Not report,,
11155,2000.0,United States,United States,High-income
11156,1996.0,Finland,Finland,High-income
11158,1998.0,United States,United States,High-income
11160,2005.0,United States,United States,High-income
11161,2000.0,Italy,Italy,High-income
11162,1993.0,Not report,,
11163,1993.0,Not report,,
11165,2019.0,United Kingdom,United Kingdom,High-income
11166,1996.0,Turkey,Turkey,Lower-middle-income
11167,2020.0,Thailand,Thailand,Upper-middle-income
11168,2021.0,Not report,,
11169,2021.0,Egypt,Egypt,Lower-middle-income
11170,2007.0,United States,United States,High-income
11171,2007.0,UK,United Kingdom,High-income
11172,2007.0,Brazil,Brazil,Upper-middle-income
11173,1979.0,Not report,,
11174,2013.0,Not report,,
11175,2002.0,Not report,,
11176,2022.0,United States,United States,High-income
11177,2005.0,Not report,,
11179,2012.0,Canada and United States,,
11180,2021.0,Iran,Iran,Lower-middle-income
11182,1993.0,Canada,Canada,High-income
11183,1993.0,Canada,Canada,High-income
11184,2002.0,United States,United States,High-income
11186,2004.0,Nordic countries,,
11187,2011.0,Australia,Australia,High-income
11188,1990.0,Not report,,
11189,1994.0,United States,United States,High-income
11190,1989.0,Canada,Canada,High-income
11192,2011.0,Uganda,Uganda,Low-income
11193,1999.0,United States,United States,High-income
11196,2007.0,United States,United States,High-income
11197,2007.0,United States,United States,High-income
11198,2010.0,United States,United States,High-income
11199,1999.0,Not report,,
11202,2021.0,Iran,Iran,Lower-middle-income
11205,2006.0,United States,United States,High-income
11206,2014.0,United States,United States,High-income
11207,2006.0,Not report,,
11209,2007.0,Rwanda and Uganda,,
11210,2000.0,Brazil,Brazil,Upper-middle-income
11211,2019.0,Italy,Italy,High-income
11214,2008.0,India,India,Lower-middle-income
11215,2014.0,Not report,,
11217,1997.0,Chile,Chile,Upper-middle-income
11218,2013.0,Italy,Italy,High-income
11219,2007.0,United States,United States,High-income
11220,2009.0,Not report,,
11221,2010.0,Spain and Portugal,,
11223,2020.0,Romania,Romania,Upper-middle-income
11224,1986.0,Not report,,
11225,2009.0,United States,United States,High-income
11227,2005.0,Not report,,
11229,2014.0,Japan,Japan,High-income
11233,2013.0,Turkey,Turkey,Upper-middle-income
11234,2005.0,Turkey,Turkey,Upper-middle-income
11237,2001.0,Bangladesh,Bangladesh,Low-income
11239,2008.0,Bangladesh,Bangladesh,Low-income
11242,2003.0,Sweden,Sweden,High-income
11243,1995.0,United States and Canada,,
11244,2002.0,Israel,Israel,High-income
11245,2006.0,Israel,Israel,High-income
11246,2004.0,Not report,,
11247,2013.0,Not report,,
11248,2012.0,United States,United States,High-income
11249,1999.0,Netherlands,Netherlands,High-income
11250,2000.0,Netherlands,Netherlands,High-income
11251,2000.0,Netherlands,Netherlands,High-income
11252,2000.0,Netherlands,Netherlands,High-income
11253,2001.0,Netherlands,Netherlands,High-income
11254,2001.0,Netherlands,Netherlands,High-income
11255,2010.0,Netherlands,Netherlands,High-income
11257,1998.0,Indonesia,Indonesia,Low-income
11259,2021.0,Not report,,
11260,2019.0,Not report,,
11261,2005.0,Finland,Finland,High-income
11263,2008.0,Japan,Japan,High-income
11264,2010.0,Japan,Japan,High-income
11265,1999.0,Japan,Japan,High-income
11266,2007.0,Not report,,
11267,2019.0,Germany,Germany,High-income
11268,2005.0,"United States, South America, South Africa",,
11270,2020.0,"Australia, Germany, Japan, Spain, Turkey, USA, UK",,
11272,2021.0,Not report,,
11274,2009.0,Not report,,
11275,2002.0,Not report,,
11276,2007.0,Italy,Italy,High-income
11280,2014.0,India,India,Lower-middle-income
11281,2018.0,China,China,Upper-middle-income
11282,2013.0,Kenya,Kenya,Low-income
11283,2019.0,Egypt,Egypt,Lower-middle-income
11285,1994.0,Australia,Australia,High-income
11288,2014.0,Not report,,
11289,1987.0,Not report,,
11291,1996.0,France,France,High-income
11292,2014.0,Turkey,Turkey,Upper-middle-income
11294,2014.0,Tanzania,Tanzania,Low-income
11295,2010.0,Canada,Canada,High-income
11297,1999.0,Not report,,
11299,2001.0,United States,United States,High-income
11301,2012.0,Not report,,
11302,2012.0,USA,United States,High-income
11303,2001.0,Not report,,
11304,1989.0,Not report,,
11305,1992.0,Not report,,
11306,1995.0,United States,United States,High-income
11307,2000.0,Not report,,
11308,2012.0,United States,United States,High-income
11309,2010.0,Greece,Greece,High-income
11310,1995.0,Not report,,
11311,1993.0,Switzerland,Switzerland,High-income
11314,2002.0,Switzerland,Switzerland,High-income
11315,1997.0,Not report,,
11316,2008.0,Not report,,
11317,1993.0,Not report,,
11318,2008.0,United States,United States,High-income
11319,2010.0,"United States, Puerto Rico, Europe",,
11320,2011.0,Not report,,
11321,2013.0,Not report,,
11323,1999.0,Mid-European,,
11324,1985.0,United States,United States,High-income
11325,1990.0,Not report,,
11327,2012.0,North America,,
11328,1985.0,United States,United States,High-income
11329,2010.0,Not report,,
11330,2021.0,"United States, Europe, Israel, Australia",,
11331,1996.0,Not report,,
11332,2006.0,Not report,,
11333,2001.0,Tanzania,Tanzania,Low-income
11335,2002.0,Tanzania,Tanzania,Low-income
11336,1997.0,Not report,,
11337,2000.0,Not report,,
11338,2013.0,Netherlands,Netherlands,High-income
11341,1983.0,Not report,,
11342,1995.0,United States,United States,High-income
11343,2021.0,Australia,Australia,High-income
11345,1991.0,Not report,,
11347,2000.0,Not report,,
11348,1998.0,Not report,,
11351,1991.0,Not report,,
11353,1999.0,Germany,Germany,High-income
11354,2000.0,Germany,Germany,High-income
11355,1990.0,Not report,,
11356,1993.0,Not report,,
11360,2007.0,"International (Canada, Australia, Israel, Europe)",,
11361,2007.0,Brazil,Brazil,Upper-middle-income
11362,2010.0,Germany,Germany,High-income
11365,2006.0,Not report,,
11367,1989.0,Not report,,
11368,1997.0,Not report,,
11369,2007.0,Germany,Germany,High-income
11371,2013.0,Not report,,
11373,2002.0,"Europe, South Africa",,
11374,2020.0,Not report,,
11375,1997.0,Not report,,
11376,2001.0,Not report,,
11377,2004.0,South Africa,South Africa,Upper-middle-income
11378,2011.0,Not report,,
11379,1989.0,Not report,,
11380,2008.0,Netherlands,Netherlands,High-income
11381,1994.0,Not report,,
11383,2006.0,Netherlands,Netherlands,High-income
11384,2007.0,Netherlands,Netherlands,High-income
11385,1998.0,Germany,Germany,High-income
11386,1998.0,Germany,Germany,High-income
11387,2004.0,Germany,Germany,High-income
11389,2003.0,Not report,,
11390,2004.0,Not report,,
11391,2011.0,Not report,,
11393,2001.0,Dominican Republic,Dominican Republic,Lower-middle-income
11395,2013.0,Liberia,Liberia,Low-income
11396,2018.0,Germany,Germany,High-income
11397,2007.0,Ghana,Ghana,Low-income
11399,1984.0,Not report,,
11401,2003.0,Not report,,
11402,2019.0,US and Europe,,
11404,2003.0,Not report,,
11405,2010.0,Not report,,
11410,1990.0,Canada,Canada,High-income
11411,1995.0,Canada,Canada,High-income
11412,2000.0,Canada,Canada,High-income
11413,2002.0,Canada,Canada,High-income
11414,2008.0,Canada,Canada,High-income
11415,2009.0,Canada,Canada,High-income
11416,2020.0,Canada,Canada,High-income
11417,1981.0,Not report,,
11418,1991.0,Not report,,
11419,1995.0,Not report,,
11420,1982.0,Not report,,
11421,1983.0,Not report,,
11424,2005.0,UK,United Kingdom,High-income
11426,2002.0,Not report,,
11427,2010.0,Germany,Germany,High-income
11428,2010.0,Germany,Germany,High-income
11429,2019.0,Côte d'Ivoire,Cote d'Ivoire,Lower-middle-income
11431,2012.0,United States,United States,High-income
11432,2007.0,Germany,Germany,High-income
11433,2014.0,Not report,,
11434,2015.0,Australia,Australia,High-income
11435,2010.0,United States,United States,High-income
11438,1994.0,United States,United States,High-income
11439,1996.0,United States,United States,High-income
11440,2001.0,United States,United States,High-income
11442,1990.0,United States,United States,High-income
11443,1992.0,Not report,,
11444,2000.0,Not report,,
11445,2001.0,Not report,,
11446,2004.0,Canada,Canada,High-income
11447,2004.0,Not report,,
11448,2006.0,United States,United States,High-income
11449,1980.0,Not report,,
11450,1982.0,Not report,,
11451,2011.0,United States,United States,High-income
11452,1992.0,United States,United States,High-income
11453,2005.0,Not report,,
11456,1998.0,United States,United States,High-income
11457,2002.0,Canada,Canada,High-income
11459,2020.0,"UK, Canada, Australia",,
11460,1995.0,Not report,,
11462,1999.0,UK,United Kingdom,High-income
11466,1997.0,United States,United States,High-income
11467,1999.0,Not report,,
11468,2022.0,Egypt,Egypt,Lower-middle-income
11469,2012.0,India,India,Lower-middle-income
11472,2000.0,Not report,,
11473,2018.0,Iran,Iran,Upper-middle-income
11474,2001.0,United States,United States,High-income
11475,1989.0,Canada,Canada,High-income
11476,2003.0,United States,United States,High-income
11477,2013.0,United States,United States,High-income
11478,1992.0,United States,United States,High-income
11479,1997.0,United States,United States,High-income
11481,2009.0,Brazil,Brazil,Upper-middle-income
11482,2022.0,Egypt,Egypt,Lower-middle-income
11485,2014.0,United States,United States,High-income
11486,1992.0,Not report,,
11487,2003.0,Gambia,Gambia,Low-income
11488,2022.0,Germany,Germany,High-income
11489,1997.0,United States,United States,High-income
11490,2005.0,United States,United States,High-income
11491,2019.0,Switzerland,Switzerland,High-income
11492,2000.0,Not report,,
11493,1996.0,Turkey,Turkey,Lower-middle-income
11494,2003.0,Turkey,Turkey,Lower-middle-income
11495,2005.0,Turkey,Turkey,Upper-middle-income
11496,1997.0,Turkey,Turkey,Upper-middle-income
11497,2010.0,Egypt,Egypt,Lower-middle-income
11499,2004.0,Turkey,Turkey,Upper-middle-income
11500,1995.0,Not report,,
11501,2002.0,Not report,,
11503,1995.0,Not report,,
11504,1996.0,Not report,,
11505,2008.0,Not report,,
11506,2012.0,Not report,,
11507,2014.0,Not report,,
11508,2022.0,Not report,,
11509,2009.0,India,India,Lower-middle-income
11511,1999.0,United States,United States,High-income
11512,2001.0,Not report,,
11513,2012.0,Turkey,Turkey,Upper-middle-income
11514,1998.0,Not report,,
11515,2021.0,Turkey,Turkey,Upper-middle-income
11516,2004.0,Not report,,
11517,2012.0,Papua New Guinea,Papua New Guinea,Lower-middle-income
11519,2002.0,Not report,,
11520,1997.0,Italy,Italy,High-income
11521,2008.0,Not report,,
11522,1999.0,Not report,,
11525,2011.0,Not report,,
11527,2010.0,Korea,South Korea,High-income
11530,2015.0,Peru,Peru,Upper-middle-income
11531,2018.0,Not report,,
11532,2002.0,Not report,,
11533,1998.0,Not report,,
11534,1998.0,Argentina,Argentina,Upper-middle-income
11535,2005.0,Brazil,Brazil,Lower-middle-income
11537,2002.0,India,India,Low-income
11538,2013.0,Not report,,
11539,2013.0,Not report,,
11540,2014.0,Not report,,
11541,2019.0,India,India,Lower-middle-income
11542,2021.0,India,India,Lower-middle-income
11543,2000.0,Not report,,
11544,2005.0,Not report,,
11545,2020.0,Not report,,
11547,2022.0,Iran,Iran,Lower-middle-income
11548,1994.0,Italy,Italy,High-income
11551,2009.0,Iran,Iran,Upper-middle-income
11552,2015.0,Iran,Iran,Upper-middle-income
11553,2014.0,Not report,,
11554,2019.0,Not report,,
11555,2020.0,Not report,,
11556,2013.0,Not report,,
11557,2011.0,Not report,,
11559,2019.0,Iran,Iran,Upper-middle-income
11560,2014.0,Not report,,
11561,2013.0,Not report,,
11562,2013.0,Turkey,Turkey,Upper-middle-income
11563,2022.0,Not report,,
11564,1990.0,Not report,,
11565,2022.0,Egypt,Egypt,Lower-middle-income
11566,2011.0,Egypt,Egypt,Lower-middle-income
11567,2011.0,India,India,Lower-middle-income
11568,2001.0,Not report,,
11569,2023.0,"Europe, North and South America, Asia, and South Africa.",,
11570,2010.0,Not report,,
11571,2019.0,Not report,,
11573,2021.0,Iran,Iran,Lower-middle-income
11574,2022.0,Iran,Iran,Lower-middle-income
11576,2004.0,Not report,,
11579,1998.0,Not report,,
11580,2005.0,Not report,,
11581,2007.0,Canada,Canada,High-income
11583,2008.0,Canada,Canada,High-income
11584,2014.0,United States,United States,High-income
11585,2014.0,India,India,Lower-middle-income
11586,2019.0,Not report,,
11587,2020.0,India,India,Lower-middle-income
11588,2021.0,Pakistan,Pakistan,Lower-middle-income
11590,1989.0,United States,United States,High-income
11592,2014.0,India,India,Lower-middle-income
11593,2021.0,Iran,Iran,Lower-middle-income
11597,2008.0,Malaysia,Malaysia,Upper-middle-income
11599,2005.0,United States and other countries,,
11600,2002.0,Not report,,
11601,2020.0,Iran,Iran,Lower-middle-income
11602,2021.0,Bangladesh,Bangladesh,Lower-middle-income
11603,2020.0,USA,United States,High-income
11605,2022.0,Not report,,
11606,2023.0,Saudi Arabia,Saudi Arabia,High-income
11608,2013.0,China,China,Upper-middle-income
11609,1994.0,Not report,,
11610,2019.0,China,China,Upper-middle-income
11611,2008.0,Not report,,
11612,1995.0,India,India,Low-income
11613,2015.0,Not report,,
11614,1995.0,Not report,,
11615,1985.0,Papua New Guinea,Papua New Guinea,Lower-middle-income
11616,1991.0,Not report,,
11617,1993.0,Canada,Canada,High-income
11618,2007.0,Not report,,
11620,2021.0,China,China,Upper-middle-income
11621,2004.0,Not report,,
11622,1987.0,Not report,,
11623,1988.0,Not report,,
11624,1991.0,Not report,,
11625,1998.0,United States,United States,High-income
11626,1998.0,United States,United States,High-income
11628,2000.0,Not report,,
11629,2000.0,United States and Puerto Rico,,
11630,2001.0,United States,United States,High-income
11631,1981.0,Not report,,
11632,2020.0,Not report,,
11633,2010.0,Iran,Iran,Upper-middle-income
11634,1998.0,Not report,,
11635,2002.0,Not report,,
11637,1982.0,Not report,,
11639,2001.0,Not report,,
11640,2003.0,India,India,Low-income
11643,2019.0,India,India,Lower-middle-income
11645,2020.0,India,India,Lower-middle-income
11646,2021.0,Not report,,
11647,2021.0,India,India,Lower-middle-income
11649,2022.0,Not report,,
11651,1994.0,Not report,,
11652,2022.0,North America,,
11654,2001.0,Not report,,
11656,2008.0,Italy,Italy,High-income
11657,2009.0,Israel,Israel,High-income
11658,2000.0,Not report,,
11659,2006.0,Not report,,
11661,2022.0,Egypt,Egypt,Lower-middle-income
11663,2011.0,Canada,Canada,High-income
11664,1994.0,United states,United States,High-income
11665,2001.0,Not report,,
11666,2013.0,Not report,,
11667,1982.0,Not report,,
11668,2004.0,Not report,,
11669,2003.0,Not report,,
11670,2004.0,Not report,,
11672,2021.0,United States,United States,High-income
11673,1990.0,Not report,,
11674,2004.0,Not report,,
11676,2021.0,Not report,,
11677,2021.0,Iran,Iran,Lower-middle-income
11678,2007.0,Tanzania,Tanzania,Low-income
11679,2010.0,Tanzania,Tanzania,Low-income
11680,2020.0,Tanzania,Tanzania,Lower-middle-income
11681,1994.0,Not report,,
11682,2013.0,Not report,,
11683,2012.0,Not report,,
11684,2020.0,China,China,Upper-middle-income
11685,2022.0,China,China,Upper-middle-income
11686,1997.0,Not report,,
11687,1998.0,India,India,Low-income
11688,1999.0,Not report,,
11689,2001.0,Not report,,
11690,1988.0,United States,United States,High-income
11691,2009.0,New Zealand,New Zealand,High-income
11692,2005.0,United States and Costa Rica,,
11693,2022.0,India,India,Lower-middle-income
11694,2004.0,United States,United States,High-income
11695,2009.0,Not report,,
11696,2021.0,Not report,,
11697,1989.0,Canada and USA,,
11698,1976.0,United States,United States,High-income
11699,1977.0,Not report,,
11700,1999.0,Chile,Chile,Upper-middle-income
11701,2000.0,United States,United States,High-income
11702,2009.0,Not report,,
11703,2014.0,Not report,,
11704,1999.0,Not report,,
11706,2019.0,Not report,,
11707,2022.0,China,China,Upper-middle-income
11708,2014.0,Iran,Iran,Upper-middle-income
11709,2020.0,Not report,,
11710,2005.0,Japan,Japan,High-income
11711,2009.0,United States,United States,High-income
11712,2000.0,Not report,,
11713,1999.0,China,China,Lower-middle-income
11714,2001.0,China,China,Lower-middle-income
11715,2018.0,China,China,Upper-middle-income
11716,2021.0,Not report,,
11717,2018.0,Japan,Japan,High-income
11718,1993.0,Not report,,
11719,1995.0,Not report,,
11720,1997.0,Not report,,
11721,2011.0,Not report,,
11722,2019.0,Japan,Japan,High-income
11723,2011.0,Not report,,
11724,2013.0,Korea,South Korea,High-income
11725,2014.0,South Korea,South Korea,High-income
11726,2007.0,Not report,,
11727,2000.0,Israel,Israel,High-income
11728,1979.0,Not report,,
11729,2018.0,Not report,,
11730,2021.0,India,India,Lower-middle-income
11731,2018.0,Not report,,
11732,2019.0,Not report,,
11733,1977.0,South African,South Africa,Lower-middle-income
11736,2011.0,Not report,,
11737,2007.0,Egypt,Egypt,Lower-middle-income
11738,1991.0,Not report,,
11739,2004.0,Not report,,
11740,2006.0,Not report,,
11741,1995.0,Canada,Canada,High-income
11742,2010.0,Nepal,Nepal,Low-income
11743,2011.0,Not report,,
11744,2005.0,Not report,,
11749,2021.0,United States,United States,High-income
11750,2002.0,Not report,,
11751,2004.0,United States,United States,High-income
11752,2018.0,Not report,,
11753,1994.0,Turkey,Turkey,Lower-middle-income
11754,2011.0,Not report,,
11755,2013.0,Not report,,
11756,2022.0,India,India,Lower-middle-income
11757,2021.0,Burkina Faso,Burkina Faso,Low-income
11758,2022.0,Burkina Faso,Burkina Faso,Low-income
11759,2021.0,Burkina Faso,Burkina Faso,Low-income
11760,2022.0,Burkina Faso,Burkina Faso,Low-income
11762,2006.0,United States,United States,High-income
11763,2010.0,Not report,,
11764,2021.0,Not report,,
11765,2023.0,Not report,,
11766,2012.0,Not report,,
11767,1995.0,Mexico,Mexico,Upper-middle-income
11768,1999.0,Mexico,Mexico,Upper-middle-income
11769,1970.0,Not report,,
11771,1982.0,Not report,,
11772,2008.0,"Belgium, Canada, Finland, France, Iceland, Norway, Poland, Spain, Sweden and Great Britain",,
11773,2005.0,Bangladesh,Bangladesh,Low-income
11774,2004.0,Not report,,
11775,2008.0,USA,United States,High-income
11778,2010.0,Not report,,
11779,2014.0,Australia,Australia,High-income
11783,1982.0,Not report,,
11784,1994.0,Not report,,
11785,2005.0,United States,United States,High-income
11786,2006.0,United States,United States,High-income
11787,2008.0,Not report,,
11788,2012.0,Not report,,
11789,2013.0,Not report,,
11790,2013.0,Not report,,
11791,2007.0,Not report,,
11792,1994.0,United States,United States,High-income
11793,2001.0,USA,United States,High-income
11795,1972.0,UK,United Kingdom,High-income
11796,1981.0,Not report,,
11797,2002.0,United States,United States,High-income
11798,2003.0,Not report,,
11799,2005.0,Not report,,
11800,2006.0,Not report,,
11802,2013.0,South Africa,South Africa,Upper-middle-income
11803,2014.0,South Africa,South Africa,Upper-middle-income
11804,1995.0,Jamaica,Jamaica,Lower-middle-income
11805,1995.0,Jamaica,Jamaica,Lower-middle-income
11806,1997.0,United States,United States,High-income
11807,2008.0,Not report,,
11808,2001.0,Switzerland,Switzerland,High-income
11811,2002.0,United States,United States,High-income
11812,2006.0,France,France,High-income
11813,2007.0,France,France,High-income
11814,2013.0,France,France,High-income
11817,1987.0,UK,United Kingdom,High-income
11818,2012.0,England,United Kingdom,High-income
11819,1981.0,Not report,,
11820,1994.0,Canada,Canada,High-income
11822,1996.0,Not report,,
11823,1997.0,Not report,,
11824,1997.0,Not report,,
11826,2000.0,Not report,,
11827,2000.0,Not report,,
11828,2001.0,Not report,,
11829,2003.0,Not report,,
11830,2003.0,Not report,,
11831,2003.0,Netherlands,Netherlands,High-income
11833,2005.0,Netherlands,Netherlands,High-income
11834,2005.0,Europe,,
11835,2006.0,Netherlands,Netherlands,High-income
11836,2004.0,Tanzania,Tanzania,Low-income
11838,2003.0,Not report,,
11839,2014.0,Not report,,
11843,2021.0,Not report,,
11844,2010.0,Not report,,
11845,1991.0,Australia,Australia,High-income
11846,1994.0,Not report,,
11847,2008.0,Not report,,
11848,2006.0,Croatia,Croatia,Upper-middle-income
11849,1983.0,United States,United States,High-income
11850,2011.0,Turkey,Turkey,Upper-middle-income
11852,2020.0,India,India,Lower-middle-income
11853,2001.0,Not report,,
11854,2008.0,Not report,,
11855,1992.0,Not report,,
11858,2001.0,Not report,,
11859,2002.0,Not report,,
11860,2002.0,United States,United States,High-income
11862,2004.0,Not report,,
11863,2005.0,Not report,,
11864,2005.0,Not report,,
11865,2006.0,Not report,,
11866,2006.0,India,India,Low-income
11867,2009.0,Not report,,
11868,2010.0,Not report,,
11869,2010.0,India,India,Lower-middle-income
11870,2010.0,Not report,,
11872,2011.0,India,India,Lower-middle-income
11874,2011.0,Not report,,
11875,2011.0,"Russia, India, Ukraine, United States, Romania",,
11876,2012.0,Not report,,
11877,2012.0,Not report,,
11878,2012.0,Not report,,
11879,2012.0,Not report,,
11880,2014.0,Not report,,
11881,2014.0,India,India,Lower-middle-income
11882,2019.0,India,India,Lower-middle-income
11883,2021.0,Not report,,
11884,2021.0,Not report,,
11885,2022.0,India,India,Lower-middle-income
11886,2001.0,Not report,,
11887,1994.0,Thailand,Thailand,Lower-middle-income
11888,1999.0,India,India,Low-income
11889,2000.0,India,India,Low-income
11890,2002.0,Not report,,
11891,2002.0,India,India,Low-income
11892,2003.0,India,India,Low-income
11893,2004.0,India,India,Low-income
11894,2014.0,India,India,Lower-middle-income
11895,2021.0,India,India,Lower-middle-income
11896,2022.0,India,India,Lower-middle-income
11897,2005.0,"Canada, France, Hungary, Poland, Portugal, Spain, UK, USA",,
11898,2009.0,Not report,,
11899,2010.0,Not report,,
11900,2012.0,Not report,,
11901,2013.0,Not report,,
11902,2019.0,Not report,,
11904,2000.0,United States,United States,High-income
11905,2004.0,United States,United States,High-income
11907,2007.0,Germany,Germany,High-income
11908,2009.0,Burkina Faso,Burkina Faso,Low-income
11909,2003.0,Burkina Faso,Burkina Faso,Low-income
11910,2007.0,Not report,,
11912,2009.0,Mali,Mali,Low-income
11914,1998.0,Not report,,
11915,2019.0,India,India,Lower-middle-income
11917,2022.0,India,India,Lower-middle-income
11918,2010.0,Ethiopia,Ethiopia,Low-income
11920,2006.0,Not report,,
11923,2003.0,Sweden,Sweden,High-income
11924,1996.0,United States,United States,High-income
11925,2000.0,United States,United States,High-income
11926,2000.0,United States,United States,High-income
11927,2003.0,United States,United States,High-income
11928,2005.0,Not report,,
11929,2008.0,"United States, Argentina, Venezuela, Chile",,
11930,2010.0,Not report,,
11931,2011.0,Not report,,
11932,1997.0,United States,United States,High-income
11933,1992.0,Not report,,
11934,2009.0,Greece,Greece,High-income
11936,1966.0,Canada,Canada,High-income
11937,2008.0,Not report,,
11938,1986.0,Canada,Canada,High-income
11939,2005.0,Not report,,
11940,2014.0,United States,United States,High-income
11942,1991.0,Not report,,
11943,1998.0,Not report,,
11944,1986.0,Not report,,
11945,1987.0,Not report,,
11946,1991.0,Not report,,
11947,2008.0,Brazil,Brazil,Upper-middle-income
11950,2001.0,UK,United Kingdom,High-income
11951,1998.0,Not report,,
11952,1998.0,Not report,,
11953,1968.0,Not report,,
11954,1973.0,Not report,,
11955,1988.0,Not report,,
11956,1990.0,United States,United States,High-income
11957,1991.0,Not report,,
11958,1997.0,Not report,,
11959,1998.0,Not report,,
11960,1998.0,Not report,,
11961,1998.0,United States,United States,High-income
11962,2000.0,United States,United States,High-income
11963,2004.0,Not report,,
11964,2005.0,Not report,,
11966,2013.0,Not report,,
11968,2013.0,Not report,,
11969,2021.0,Not report,,
11972,2007.0,Not report,,
11973,1993.0,Thai-Cambodian Border,,
11974,2001.0,Netherlands,Netherlands,High-income
11975,2003.0,Netherlands,Netherlands,High-income
11977,1987.0,Not report,,
11978,1999.0,USA,United States,High-income
11979,2020.0,India,India,Lower-middle-income
11980,1993.0,Not report,,
11981,1983.0,Not report,,
11982,2005.0,Not report,,
11983,2000.0,Israel,Israel,High-income
11985,2002.0,"Canada, United States, South Africa",,
11986,1997.0,South Africa,South Africa,Upper-middle-income
11987,1998.0,South African,South Africa,Lower-middle-income
11988,2010.0,Not report,,
11990,2021.0,Brazil,Brazil,Upper-middle-income
11992,1995.0,Not report,,
11993,2019.0,Not report,,
11994,2003.0,"US, Canada, Latin America",,
11995,2022.0,United States,United States,High-income
12001,2018.0,Not report,,
12002,1998.0,"North America (Canada, USA) and Europe (Belgium, France)",,
12003,2000.0,"Belgium, Canada, UK",,
12006,2017.0,Not report,,
12008,2013.0,Spain,Spain,High-income
12009,2014.0,Not report,,
12010,2014.0,Not report,,
12012,1997.0,Not report,,
12013,2009.0,Not report,,
12014,2010.0,UK,United Kingdom,High-income
12015,2014.0,Iran,Iran,Upper-middle-income
12016,2014.0,Iran,Iran,Upper-middle-income
12017,2011.0,Not report,,
12018,1988.0,Not report,,
12020,2006.0,Egypt,Egypt,Lower-middle-income
12021,2014.0,Qatar,Qatar,High-income
12022,2021.0,Not report,,
12023,2021.0,Not report,,
12024,2021.0,Egypt,Egypt,Lower-middle-income
12025,2022.0,Egypt,Egypt,Lower-middle-income
12027,2020.0,Netherlands,Netherlands,High-income
12028,2003.0,Vietnam,Vietnam,Low-income
12029,2019.0,Not report,,
12030,2013.0,Iran,Iran,Upper-middle-income
12031,2022.0,Iran,Iran,Lower-middle-income
12032,2007.0,Not report,,
12034,2014.0,Indonesia,Indonesia,Lower-middle-income
12035,2009.0,United States,United States,High-income
12036,1997.0,Thailand,Thailand,Lower-middle-income
12038,2001.0,Not report,,
12039,2007.0,Not report,,
12040,2012.0,Not report,,
12042,2013.0,Not report,,
12043,2021.0,China,China,Upper-middle-income
12044,1992.0,Not report,,
12045,2002.0,Turkey,Turkey,Lower-middle-income
12048,2023.0,Canada,Canada,High-income
12050,2009.0,Not report,,
12051,2007.0,Not report,,
12052,2007.0,United States,United States,High-income
12053,2011.0,Korea,South Korea,High-income
12055,2014.0,Not report,,
12056,2020.0,Not report,,
12057,2020.0,India,India,Lower-middle-income
12058,2012.0,Pakistan,Pakistan,Lower-middle-income
12060,1993.0,United States,United States,High-income
12061,2007.0,Denmark,Denmark,High-income
12062,1985.0,Italy,Italy,High-income
12063,1988.0,Not report,,
12064,1990.0,Chile,Chile,Lower-middle-income
12065,2002.0,USA and Brazil,,
12066,1993.0,Not report,,
12067,1995.0,Not report,,
12068,1999.0,Not report,,
12069,2000.0,Not report,,
12070,2011.0,Laos,Laos,Lower-middle-income
12071,2012.0,Lao,Laos,Lower-middle-income
12072,2021.0,United States,United States,High-income
12073,2009.0,Not report,,
12074,2021.0,Not report,,
12075,2005.0,"Bangladesh, Myanmar, India, Indonesia",,
12082,1997.0,Nigeria,Nigeria,Low-income
12083,1998.0,Nigeria,Nigeria,Low-income
12084,2009.0,Nigeria,Nigeria,Lower-middle-income
12085,2009.0,Nigeria,Nigeria,Lower-middle-income
12086,2000.0,Not report,,
12087,2000.0,Nigeria,Nigeria,Low-income
12088,2001.0,Nigeria,Nigeria,Low-income
12089,2001.0,Nigeria,Nigeria,Low-income
12090,2002.0,Nigeria,Nigeria,Low-income
12091,2003.0,Nigeria,Nigeria,Low-income
12092,2004.0,Nigeria,Nigeria,Low-income
12093,2005.0,Nigeria,Nigeria,Low-income
12094,2007.0,Nigeria,Nigeria,Low-income
12095,2007.0,Nigeria,Nigeria,Low-income
12096,2007.0,Nigeria,Nigeria,Low-income
12097,2008.0,Nigeria,Nigeria,Lower-middle-income
12098,2006.0,Not report,,
12102,2008.0,Not report,,
12104,2006.0,Australia,Australia,High-income
12106,1988.0,United States,United States,High-income
12108,1977.0,United States,United States,High-income
12109,1995.0,Not report,,
12110,2012.0,Tanzania,Tanzania,Low-income
12111,2014.0,Tanzania,Tanzania,Low-income
12112,2013.0,Tanzania,Tanzania,Low-income
12113,2022.0,"USA, Canada, South Africa, Europe (Czech Republic, Denmark, Finland, Spain and Sweden)",,
12114,2006.0,Not report,,
12115,1992.0,Not report,,
12116,2002.0,Not report,,
12117,2005.0,United States,United States,High-income
12118,2006.0,Not report,,
12119,2008.0,United States,United States,High-income
12120,2009.0,Not report,,
12122,2005.0,Not report,,
12124,1993.0,Italy,Italy,High-income
12125,1983.0,Not report,,
12126,2014.0,Not report,,
12128,2014.0,Italy,Italy,High-income
12130,1990.0,Not report,,
12131,1995.0,Not report,,
12132,1995.0,Not report,,
12133,1995.0,Not report,,
12134,1995.0,Not report,,
12135,1996.0,Not report,,
12136,1996.0,Not report,,
12137,1997.0,Not report,,
12138,1997.0,Not report,,
12139,1997.0,Not report,,
12140,1997.0,Not report,,
12141,1997.0,Not report,,
12142,1998.0,Not report,,
12143,1998.0,Not report,,
12144,2001.0,Not report,,
12145,2010.0,Not report,,
12147,2003.0,Norway,Norway,High-income
12148,1996.0,Not report,,
12151,2020.0,Netherlands,Netherlands,High-income
12152,1974.0,Not report,,
12153,1976.0,Not report,,
12154,1987.0,Not report,,
12156,2008.0,"Poland, United States",,
12157,2010.0,United States and Australia,,
12159,2007.0,Greece,Greece,High-income
12160,2013.0,North America and United Kingdom,,
12161,2010.0,India,India,Lower-middle-income
12163,2006.0,Australia,Australia,High-income
12165,2021.0,India,India,Lower-middle-income
12169,2009.0,Not report,,
12170,1997.0,Not report,,
12171,2010.0,United States,United States,High-income
12172,2005.0,Germany,Germany,High-income
12174,2006.0,United States,United States,High-income
12178,2004.0,Uganda,Uganda,Low-income
12179,2009.0,Uganda,Uganda,Low-income
12181,1996.0,Portugal and Sweden,,
12182,2019.0,Not report,,
12183,2021.0,Germany,Germany,High-income
12184,1992.0,Not report,,
12185,2002.0,Not report,,
12186,1991.0,Not report,,
12187,1996.0,Not report,,
12188,1981.0,Not report,,
12189,1994.0,Not report,,
12190,2012.0,Not report,,
12191,1996.0,Not report,,
12193,1988.0,UK,United Kingdom,High-income
12194,1989.0,Not report,,
12195,1991.0,Not report,,
12196,1992.0,UK,United Kingdom,High-income
12199,1989.0,Not report,,
12203,2001.0,United States,United States,High-income
12204,2014.0,United States,United States,High-income
12206,2022.0,Australia,Australia,High-income
12209,2004.0,Not report,,
12211,2006.0,Canada,Canada,High-income
12212,2005.0,Not report,,
12213,2003.0,Australia,Australia,High-income
12214,2004.0,Australia,Australia,High-income
12215,2018.0,Australia,Australia,High-income
12218,1991.0,Not report,,
12219,2022.0,United States,United States,High-income
12220,2011.0,Not report,,
12221,1999.0,United States and Finland,,
12222,2003.0,Not report,,
12223,2010.0,"Australia, Austria, Canada, Czech Republic, Hungary, Israel, Netherlands, New Zealand, Norway, Slovakia, South Africa, United States",,
12225,2016.0,"US, Europe, Australia, Asia",,
12226,2007.0,Not report,,
12227,2007.0,Not report,,
12228,2001.0,Poland,Poland,Upper-middle-income
12229,2001.0,Poland,Poland,Upper-middle-income
12230,2002.0,Not report,,
12231,2002.0,Not report,,
12232,2004.0,Not report,,
12233,2005.0,Poland,Poland,Upper-middle-income
12234,2005.0,Poland,Poland,Upper-middle-income
12235,2007.0,Not report,,
12237,2011.0,Not report,,
12238,1996.0,Not report,,
12239,1993.0,Not report,,
12240,1998.0,Not report,,
12242,1991.0,Sweden,Sweden,High-income
12243,1992.0,United States,United States,High-income
12247,1990.0,Kenya,Kenya,Low-income
12248,1993.0,kenya,Kenya,Low-income
12249,1993.0,Kenya,Kenya,Low-income
12250,1985.0,Kenya,Kenya,Low-income
12251,2009.0,Burkina Faso,Burkina Faso,Low-income
12252,1990.0,Australia,Australia,High-income
12254,1996.0,Not report,,
12255,2023.0,Not report,,
12256,1996.0,Not report,,
12257,1999.0,Canada,Canada,High-income
12258,2000.0,United States,United States,High-income
12259,2014.0,United States,United States,High-income
12260,2006.0,Not report,,
12261,1992.0,United States,United States,High-income
12262,2002.0,Not report,,
12263,1990.0,Not report,,
12264,1985.0,New Zealand,New Zealand,High-income
12266,2006.0,Not report,,
12267,2018.0,United States,United States,High-income
12268,1995.0,Australia,Australia,High-income
12269,1993.0,United States,United States,High-income
12270,1972.0,United States,United States,High-income
12271,1986.0,Not report,,
12275,2004.0,Sudan,Sudan,Low-income
12276,2003.0,Not report,,
12277,2010.0,Switzerland,Switzerland,High-income
12279,2007.0,Not report,,
12281,2010.0,"UK, Ireland, Australia, New Zealand",,
12283,2009.0,Not report,,
12284,2012.0,United States,United States,High-income
12285,1998.0,Not report,,
12286,2003.0,Sweden,Sweden,High-income
12287,1999.0,Not report,,
12288,2011.0,Ethiopia,Ethiopia,Low-income
12290,2004.0,Zanzibar,Tanzania,Low-income
12291,2022.0,Mali,Mali,Low-income
12292,2008.0,Australia,Australia,High-income
12294,2013.0,Not report,,
12295,2006.0,United States,United States,High-income
12296,2010.0,United States,United States,High-income
12297,2000.0,Germany,Germany,High-income
12300,1991.0,United States,United States,High-income
12301,1996.0,United States,United States,High-income
12303,1986.0,Not report,,
12304,1987.0,UK and Venezuela,,
12305,2003.0,United States,United States,High-income
12307,1984.0,UK,United Kingdom,High-income
12308,2005.0,Switzerland,Switzerland,High-income
12309,2003.0,Not report,,
12310,1998.0,Pakistan,Pakistan,Low-income
12311,2009.0,Not report,,
12312,1995.0,United States,United States,High-income
12314,2012.0,South African,South Africa,Upper-middle-income
12315,2020.0,United States,United States,High-income
12316,2009.0,Finland,Finland,High-income
12317,2021.0,Italy,Italy,High-income
12318,2006.0,United States,United States,High-income
12321,2009.0,US and Canada,,
12322,2008.0,Not report,,
12323,1994.0,Not report,,
12324,1997.0,United States,United States,High-income
12325,2011.0,Not report,,
12326,2002.0,United States,United States,High-income
12327,1999.0,Japan and China,,
12328,2003.0,Not report,,
12329,2008.0,China,China,Lower-middle-income
12331,1994.0,Not report,,
12333,1997.0,UK,United Kingdom,High-income
12334,2001.0,Not report,,
12335,2003.0,Not report,,
12336,2002.0,United States,United States,High-income
12340,2013.0,United States,United States,High-income
12341,1994.0,Not report,,
12342,2003.0,Germany,Germany,High-income
12343,2001.0,Japan,Japan,High-income
12344,2010.0,Japan,Japan,High-income
12345,2005.0,Japan,Japan,High-income
12347,2008.0,Not report,,
12348,1989.0,Not report,,
12349,2002.0,Not report,,
12350,1993.0,Zambia,Zambia,Low-income
12352,2021.0,Not report,,
12353,2014.0,Norway,Norway,High-income
12356,1977.0,Not report,,
12358,2007.0,China,China,Lower-middle-income
12359,2013.0,"Belgium, Brazil, Hungary, Poland, United States",,
12360,2020.0,"North America, Europe and Australia",,
12361,2002.0,Kenya and Malawi,,
12362,1999.0,United States,United States,High-income
12363,2003.0,United States,United States,High-income
12364,2004.0,United States,United States,High-income
12365,2021.0,Sri Lanka,Sri Lanka,Lower-middle-income
12366,1989.0,Saudi Arabia,Saudi Arabia,High-income
12367,2019.0,United States,United States,High-income
12368,2006.0,Not report,,
12369,2010.0,United Stated,United States,High-income
12372,2019.0,China,China,Upper-middle-income
12373,2021.0,China,China,Upper-middle-income
12374,2005.0,China,China,Lower-middle-income
12376,2013.0,China,China,Upper-middle-income
12377,2017.0,Not report,,
12378,2020.0,China,China,Upper-middle-income
12379,1984.0,Not report,,
12380,2003.0,United States,United States,High-income
12382,1993.0,China,China,Low-income
12383,1998.0,Canada,Canada,High-income
12384,2003.0,Canada,Canada,High-income
12387,2020.0,Korea,South Korea,High-income
12388,2008.0,Not report,,
12392,1997.0,Not report,,
12393,2021.0,China,China,Upper-middle-income
12396,2004.0,Australia,Australia,High-income
12397,1989.0,United States,United States,High-income
12398,2005.0,India,India,Low-income
12400,2003.0,Not report,,
12401,2002.0,Not report,,
12405,1990.0,Not report,,
12406,2006.0,Not report,,
12407,2007.0,Not report,,
12408,2009.0,United States and Poland,,
12409,2008.0,Switzerland,Switzerland,High-income
12410,1996.0,Not report,,
12412,2020.0,Indonesia,Indonesia,Lower-middle-income
12414,1999.0,United States,United States,High-income
12415,2005.0,Gambia,Gambia,Low-income
12416,1998.0,Not report,,
12417,2003.0,Gambia,Gambia,Low-income
12418,1971.0,Not report,,
12419,1991.0,Indonesia,Indonesia,Low-income
12420,2022.0,Not report,,
12421,1995.0,United States,United States,High-income
12422,2004.0,United States,United States,High-income
12423,2005.0,United States,United States,High-income
12424,2010.0,United States,United States,High-income
12425,2020.0,India,India,Lower-middle-income
12428,2009.0,Not report,,
12429,2009.0,Sweden,Sweden,High-income
12430,1999.0,Sweden,Sweden,High-income
12431,1987.0,Not report,,
12432,1994.0,Sweden,Sweden,High-income
12433,2010.0,Not report,,
12436,2002.0,United States,United States,High-income
12437,2006.0,Congo,Congo,Lower-middle-income
12438,2021.0,Pakistan,Pakistan,Lower-middle-income
12439,2009.0,Tanzania,Tanzania,Low-income
12442,1994.0,Not report,,
12443,1988.0,Not report,,
12444,2004.0,Greece,Greece,High-income
12445,1992.0,Not report,,
12446,1994.0,Not report,,
12447,1994.0,"Greece, Brazil, Thailand, Senegal, Italy, Philippines",,
12449,2009.0,Not report,,
12454,2022.0,Poland,Poland,High-income
12455,2008.0,Not report,,
12457,2000.0,Not report,,
12458,2002.0,"United States, Europe, Australia",,
12459,2005.0,Not report,,
12460,2007.0,United States,United States,High-income
12461,2013.0,Not report,,
12462,2022.0,Not report,,
12464,2004.0,Brazil,Brazil,Lower-middle-income
12465,2003.0,Brazil,Brazil,Lower-middle-income
12469,2008.0,Poland,Poland,Upper-middle-income
12470,2019.0,Poland,Poland,High-income
12471,2004.0,United States and Panama,,
12474,2007.0,Not report,,
12475,1994.0,Not report,,
12476,1996.0,Not report,,
12477,2020.0,Not report,,
12478,2022.0,Pakistan,Pakistan,Lower-middle-income
12479,1996.0,Saudi Arabia,Saudi Arabia,Upper-middle-income
12480,1988.0,Saudi Arabia,Saudi Arabia,High-income
12483,2008.0,United States and Canada,,
12484,2011.0,Not report,,
12485,2019.0,Iran,Iran,Upper-middle-income
12488,1997.0,Not report,,
12489,1997.0,Not report,,
12490,1994.0,Canada,Canada,High-income
12491,1995.0,Not report,,
12492,1997.0,Not report,,
12493,2005.0,Not report,,
12494,2006.0,Canada,Canada,High-income
12495,2011.0,Canada,Canada,High-income
12496,2009.0,India,India,Lower-middle-income
12497,2007.0,Ghana,Ghana,Low-income
12498,1994.0,Not report,,
12499,2002.0,Malawi,Malawi,Low-income
12500,2003.0,Malawi,Malawi,Low-income
12502,2004.0,Malawi,Malawi,Low-income
12503,2011.0,Malawi,Malawi,Low-income
12504,2007.0,Turkey,Turkey,Upper-middle-income
12505,2007.0,Not report,,
12506,2006.0,Not report,,
12507,2010.0,Not report,,
12508,2010.0,Iran,Iran,Upper-middle-income
12509,2021.0,Iran,Iran,Lower-middle-income
12512,2011.0,Not report,,
12513,2012.0,Not report,,
12516,2007.0,Not report,,
12517,1994.0,Not report,,
12518,1995.0,Not report,,
12519,2008.0,Not report,,
12520,2009.0,Japan,Japan,High-income
12521,2019.0,Japan,Japan,High-income
12524,1985.0,Not report,,
12525,2002.0,"Belgium, the Czech Republic, Hungary, Israel, South Africa, Spain, and the UK",,
12526,2010.0,India,India,Lower-middle-income
12527,1986.0,United States,United States,High-income
12528,2009.0,Not report,,
12529,2008.0,Not report,,
12531,2012.0,Vietnam,Vietnam,Lower-middle-income
12532,2006.0,Not report,,
12533,2019.0,Not report,,
12534,2022.0,"International, multicenter (Europe, Middle East, North America, South America)",,
12535,2011.0,Not report,,
12536,1999.0,Finland,Finland,High-income
12541,2000.0,Not report,,
12542,2003.0,Japan,Japan,High-income
12543,2019.0,Not report,,
12544,2020.0,Not report,,
12546,1998.0,Not report,,
12547,1999.0,Not report,,
12548,1999.0,Not report,,
12549,2000.0,American,,
12550,2000.0,Not report,,
12551,2008.0,Not report,,
12553,2022.0,Japan,Japan,High-income
12554,1990.0,Not report,,
12555,1999.0,Turkey,Turkey,Lower-middle-income
12556,2010.0,India,India,Lower-middle-income
12559,2020.0,Not report,,
12560,1989.0,Not report,,
12561,1989.0,Canada,Canada,High-income
12562,1991.0,Not report,,
12563,1995.0,Not report,,
12564,1995.0,Not report,,
12565,1995.0,Not report,,
12568,2005.0,United States,United States,High-income
12569,2021.0,"Asia, Europe, the Middle East, North Africa, and North America",,
12570,1996.0,Indonesia,Indonesia,Lower-middle-income
12571,2004.0,Indonesia,Indonesia,Lower-middle-income
12572,1985.0,Not report,,
12573,1985.0,Canada,Canada,High-income
12574,1990.0,Not report,,
12575,2019.0,China,China,Upper-middle-income
12576,1998.0,Not report,,
12578,1990.0,Panama,Panama,Lower-middle-income
12579,2004.0,Canada,Canada,High-income
12580,1992.0,Not report,,
12581,2014.0,Not report,,
12584,2010.0,Turkey,Turkey,Upper-middle-income
12587,2002.0,Turkey,Turkey,Lower-middle-income
12588,2020.0,United States,United States,High-income
12589,2019.0,"UK, Luxembourg, Germany, Austria",,
12590,2021.0,France,France,High-income
12591,2008.0,United States,United States,High-income
12592,2019.0,Brazil,Brazil,Upper-middle-income
12593,2002.0,Not report,,
12594,1977.0,Not report,,
12595,1979.0,Not report,,
12596,1987.0,UK,United Kingdom,High-income
12598,1993.0,United States,United States,High-income
12599,1993.0,Canada,Canada,High-income
12600,1992.0,Malawi,Malawi,Low-income
12601,1998.0,Malawi,Malawi,Low-income
12602,2005.0,"UK, The Netherlands, Spain, Poland",,
12606,2013.0,United States,United States,High-income
12609,2007.0,Not report,,
12610,1995.0,Not report,,
12614,2013.0,Netherlands,Netherlands,High-income
12615,2007.0,Thailand,Thailand,Lower-middle-income
12616,2006.0,Not report,,
12617,1991.0,Not report,,
12618,2005.0,Not report,,
12620,1991.0,Not report,,
12621,2004.0,Not report,,
12622,2013.0,Not report,,
12623,2011.0,Mali,Mali,Low-income
12624,2013.0,Not report,,
12625,1991.0,United States,United States,High-income
12626,2010.0,Not report,,
12627,2005.0,Europe (EORTC Children Leukemia Group),,
12629,1994.0,Not report,,
12630,2004.0,Not report,,
12631,2005.0,Argentina,Argentina,Upper-middle-income
12632,2021.0,Argentina,Argentina,Upper-middle-income
12633,1997.0,Not report,,
12634,2006.0,Finland,Finland,High-income
12635,1996.0,Not report,,
12636,1984.0,Not report,,
12637,1991.0,Not report,,
12638,1993.0,Not report,,
12641,2013.0,United States,United States,High-income
12642,1998.0,United States,United States,High-income
12643,2010.0,Not report,,
12644,2001.0,Not report,,
12645,2005.0,Not report,,
12646,1988.0,Not report,,
12647,1989.0,Not report,,
12649,1990.0,Cameroon,Cameroon,Lower-middle-income
12651,2014.0,Netherlands,Netherlands,High-income
12652,2019.0,Belgium,Belgium,High-income
12653,2014.0,India,India,Lower-middle-income
12654,2006.0,Not report,,
12655,2011.0,United States,United States,High-income
12656,2019.0,Not report,,
12657,2013.0,United States,United States,High-income
12658,2012.0,India,India,Lower-middle-income
12659,2010.0,Canada,Canada,High-income
12661,2013.0,European,,
12663,2015.0,"Bulgaria, Finland, France, Germany, Italy, Japan, Netherlands, North Macedonia, Russia, South Africa, UK, USA",,
12665,2011.0,United States,United States,High-income
12668,1994.0,Not report,,
12669,2005.0,Tanzania,Tanzania,Low-income
12670,2005.0,Mali,Mali,Low-income
12671,2018.0,Mali,Mali,Low-income
12672,1994.0,Not report,,
12673,2001.0,Not report,,
12674,2015.0,Not report,,
12675,2013.0,Not report,,
12680,1987.0,Not report,,
12681,2000.0,United Kingdom,United Kingdom,High-income
12682,2002.0,Not report,,
12683,2002.0,UK,United Kingdom,High-income
12684,2004.0,United States,United States,High-income
12685,2004.0,Not report,,
12686,2016.0,Australia,Australia,High-income
12689,1981.0,Not report,,
12690,2012.0,United States,United States,High-income
12691,2005.0,"Sweden, Norway, Finland, Denmark, Germany",,
12692,2006.0,Germany,Germany,High-income
12693,1977.0,Not report,,
12694,1987.0,Not report,,
12695,2001.0,Not report,,
12699,1980.0,Not report,,
12701,1997.0,Not report,,
12704,2007.0,England,United Kingdom,High-income
12705,2007.0,UK,United Kingdom,High-income
12706,1987.0,UK,United Kingdom,High-income
12707,2012.0,Not report,,
12708,2003.0,Not report,,
12710,2011.0,United States,United States,High-income
12711,2020.0,United states,United States,High-income
12712,1979.0,Canada,Canada,High-income
12713,2010.0,Not report,,
12714,2023.0,Ethiopia,Ethiopia,Low-income
12715,1999.0,Not report,,
12717,2016.0,China,China,Upper-middle-income
12718,1992.0,Not report,,
12719,2000.0,UK,United Kingdom,High-income
12720,2020.0,Sweden,Sweden,High-income
12722,2000.0,Not report,,
12723,2002.0,Germany and Austria,,
12724,2004.0,US and Canada,,
12725,1989.0,Not report,,
12726,2005.0,Malawi,Malawi,Low-income
12728,2014.0,North European,,
12729,1996.0,Not report,,
12730,2013.0,Switzerland,Switzerland,High-income
12731,1998.0,Brazil,Brazil,Upper-middle-income
12733,2014.0,Burkina Faso,Burkina Faso,Low-income
12734,2015.0,"France, Denmark, Germany",,
12736,2005.0,Not report,,
12737,2009.0,Not report,,
12738,2016.0,USA and Mexico,,
12740,2009.0,India,India,Lower-middle-income
12741,2015.0,Not report,,
12743,1995.0,Not report,,
12744,2004.0,Not report,,
12745,2011.0,USA,United States,High-income
12746,1984.0,United States,United States,High-income
12747,2010.0,India,India,Lower-middle-income
12748,2012.0,Iran,Iran,Upper-middle-income
12749,2007.0,United States and Puerto Rico,,
12750,2005.0,Not report,,
12751,2017.0,United States,United States,High-income
12752,1989.0,Not report,,
12753,1990.0,Not report,,
12755,2006.0,Not report,,
12757,2010.0,"United States, Belgium, France, Italy",,
12759,2012.0,Italy,Italy,High-income
12760,2005.0,United States,United States,High-income
12761,2007.0,United States,United States,High-income
12762,2012.0,Brazil,Brazil,Upper-middle-income
12764,2019.0,Poland,Poland,High-income
12765,2019.0,Poland,Poland,High-income
12766,2004.0,Not report,,
12769,2021.0,United States,United States,High-income
12771,2009.0,Not report,,
12772,2010.0,Australia,Australia,High-income
12776,2019.0,"Europe, South America, United States",,
12777,2021.0,Not report,,
12778,1996.0,Norway,Norway,High-income
12779,1996.0,Not report,,
12780,2017.0,Turkey,Turkey,Upper-middle-income
12782,1992.0,Not report,,
12783,1990.0,Not report,,
12784,2017.0,Iran,Iran,Upper-middle-income
12788,2004.0,Spain and Hungary,,
12790,1997.0,Not report,,
12791,2012.0,Argentina,Argentina,Upper-middle-income
12792,2013.0,Not report,,
12793,2013.0,"USA, Chile",,
12795,2016.0,Italy,Italy,High-income
12796,2016.0,Italy,Italy,High-income
12799,2000.0,United States,United States,High-income
12801,2006.0,Not report,,
12802,2007.0,Not report,,
12803,2008.0,Not report,,
12804,2001.0,Not report,,
12808,2009.0,Côte d'Ivoire,Cote d'Ivoire,Lower-middle-income
12809,2011.0,Côte d’Ivoire,Cote d'Ivoire,Lower-middle-income
12810,2018.0,Côte d’Ivoire,Cote d'Ivoire,Lower-middle-income
12811,2020.0,Côte d'Ivoire ,Cote d'Ivoire,Lower-middle-income
12812,1983.0,Australia,Australia,High-income
12813,2009.0,United States,United States,High-income
12815,2001.0,Cameroon,Cameroon,Low-income
12816,2002.0,Not report,,
12819,2003.0,United States,United States,High-income
12820,2008.0,United States and Europe,,
12822,1998.0,United States,United States,High-income
12824,1998.0,Not report,,
12825,2021.0,United States,United States,High-income
12826,2010.0,Netherlands,Netherlands,High-income
12827,2005.0,Not report,,
12829,1992.0,Not report,,
12830,1977.0,Not report,,
12831,2002.0,Not report,,
12832,1994.0,United States,United States,High-income
12835,2009.0,Thailand,Thailand,Lower-middle-income
12836,2014.0,Thailand,Thailand,Upper-middle-income
12837,2019.0,Thailand,Thailand,Upper-middle-income
12838,2022.0,Thailand,Thailand,Upper-middle-income
12839,2009.0,Europe and United States,,
12840,2011.0,Not report,,
12841,2009.0,Malawi,Malawi,Low-income
12842,2013.0,Malawi,Malawi,Low-income
12846,2001.0,Not report,,
12847,2004.0,Costa Rica,Costa Rica,Upper-middle-income
12848,2014.0,United States,United States,High-income
12851,2012.0,Not report,,
12853,2012.0,Not report,,
12854,2012.0,Not report,,
12856,2000.0,Not report,,
12858,2006.0,India,India,Low-income
12859,2020.0,India,India,Lower-middle-income
12860,2009.0,USA,United States,High-income
12861,2005.0,Not report,,
12864,2020.0,United States,United States,High-income
12867,2002.0,European,,
12870,2006.0,Netherlands,Netherlands,High-income
12871,1999.0,Germany,Germany,High-income
12872,2001.0,Not report,,
12873,2002.0,Germnay,Germany,High-income
12874,2007.0,Germany,Germany,High-income
12875,1996.0,United States and Europe,,
12879,1983.0,Not report,,
12880,2011.0,"Europe, Israel, South Africa, Australia",,
12881,2020.0,Bulgaria,Bulgaria,Upper-middle-income
12882,1996.0,Not report,,
12883,2005.0,Not report,,
12884,1998.0,Not report,,
12887,2006.0,United States,United States,High-income
12889,2015.0,"DR Congo, Kenya and Nigeria (5 sites)",,
12890,2015.0,"DR Congo, Kenya, Nigeria",,
12891,2018.0,Greece,Greece,High-income
12892,1999.0,Japan,Japan,High-income
12893,2004.0,Not report,,
12895,2012.0,Not report,,
12896,2016.0,United States,United States,High-income
12897,1993.0,Not report,,
12898,1995.0,Not report,,
12899,2004.0,France,France,High-income
12903,2009.0,United States,United States,High-income
12904,2011.0,Not report,,
12905,2015.0,Not report,,
12906,2000.0,Not report,,
12907,2014.0,Not report,,
12908,1995.0,Russia,Russia,Lower-middle-income
12909,2020.0,Czech Republic,Czechia,High-income
12910,1999.0,Sweden,Sweden,High-income
12911,2018.0,"Sweden, Denmark, Norway, Finland, Iceland",,
12912,2017.0,Not report,,
12913,2003.0,Not report,,
12914,2004.0,Not report,,
12915,2013.0,Not report,,
12916,2017.0,Thailand,Thailand,Upper-middle-income
12917,1981.0,United States,United States,High-income
12918,2000.0,Not report,,
12919,2002.0,Finland,Finland,High-income
12920,2001.0,Finland,Finland,High-income
12921,2003.0,Not report,,
12925,2002.0,Canada,Canada,High-income
12926,1998.0,Not report,,
12927,2005.0,Not report,,
12928,2017.0,Not report,,
12930,2006.0,Not report,,
12931,2008.0,Not report,,
12932,2012.0,Not report,,
12933,2015.0,Not report,,
12934,1977.0,Not report,,
12937,2019.0,Not report,,
12938,2008.0,Not report,,
12939,2010.0,Not report,,
12940,2019.0,Not report,,
12942,2011.0,United States,United States,High-income
12943,2011.0,United States,United States,High-income
12944,1978.0,Not report,,
12945,2002.0,Sweden,Sweden,High-income
12946,2004.0,Sweden,Sweden,High-income
12948,2001.0,United States,United States,High-income
12949,1993.0,Not report,,
12951,1998.0,Not report,,
12952,2019.0,Uganda,Uganda,Low-income
12953,2002.0,Not report,,
12954,2012.0,Not report,,
12956,2011.0,Finland,Finland,High-income
12961,2016.0,China,China,Upper-middle-income
12962,2000.0,United States,United States,High-income
12963,2008.0,Nigeria,Nigeria,Lower-middle-income
12966,2000.0,UK,United Kingdom,High-income
12969,2015.0,Japan,Japan,High-income
12970,2017.0,Japan,Japan,High-income
12971,2014.0,Not report,,
12973,1985.0,United States,United States,High-income
12974,1987.0,Not report,,
12975,2011.0,Italy,Italy,High-income
12976,1988.0,Not report,,
12977,1990.0,Not report,,
12978,2006.0,Not report,,
12979,2000.0,Not report,,
12980,1993.0,Not report,,
12981,2019.0,Not report,,
12982,2008.0,Turkey,Turkey,Upper-middle-income
12983,2013.0,Not report,,
12985,1988.0,Not report,,
12986,1995.0,Finland,Finland,High-income
12987,2009.0,Germany,Germany,High-income
12988,2001.0,Netherlands,Netherlands,High-income
12989,2000.0,Finland,Finland,High-income
12990,2012.0,Not report,,
12994,1999.0,Turkey,Turkey,Lower-middle-income
12995,2001.0,Not report,,
12997,1990.0,Not report,,
12999,2015.0,Italy,Italy,High-income
13000,1994.0,Not report,,
13001,2004.0,Not report,,
13002,2007.0,Not report,,
13006,2004.0,Not report,,
13008,1994.0,Not report,,
13009,1986.0,Not report,,
13010,1999.0,Turkey,Turkey,Lower-middle-income
13011,2007.0,Turkey,Turkey,Upper-middle-income
13012,2010.0,Turkey,Turkey,Upper-middle-income
13013,2014.0,India,India,Lower-middle-income
13015,2019.0,"US, Argentina, Puerto Rico, India",,
13017,2017.0,Not report,,
13022,1995.0,Not report,,
13024,2000.0,Côte d’Ivoire,Cote d'Ivoire,Low-income
13026,2020.0,Nigeria,Nigeria,Lower-middle-income
13027,2017.0,Greece,Greece,High-income
13028,2021.0,Turkey,Turkey,Upper-middle-income
13029,1997.0,Not report,,
13031,1997.0,Not report,,
13032,2010.0,Not report,,
13034,2017.0,Not report,,
13035,2017.0,Not report,,
13036,1985.0,Not report,,
13037,1986.0,Not report,,
13038,1996.0,Italy,Italy,High-income
13040,1994.0,Greece,Greece,Upper-middle-income
13041,1998.0,Greece,Greece,High-income
13042,1971.0,Not report,,
13043,2020.0,India,India,Lower-middle-income
13044,2019.0,Brazil,Brazil,Upper-middle-income
13048,1998.0,Spain,Spain,High-income
13051,1986.0,Finland,Finland,High-income
13052,1988.0,Not report,,
13054,1989.0,Not report,,
13055,2006.0,Spain,Spain,High-income
13057,2022.0,Netherlands,Netherlands,High-income
13058,1987.0,Not report,,
13060,2004.0,Gabon,Gabon,Upper-middle-income
13061,2006.0,Congo,Congo,Lower-middle-income
13063,1989.0,Not report,,
13065,2008.0,Netherlands,Netherlands,High-income
13070,1989.0,Not report,,
13071,1996.0,UK,United Kingdom,High-income
13072,2018.0,Netherlands,Netherlands,High-income
13073,2019.0,Netherlands,Netherlands,High-income
13074,2022.0,Netherlands,Netherlands,High-income
13077,2004.0,Belgium (7 hospitals),Belgium,High-income
13078,2004.0,Netherlands,Netherlands,High-income
13080,1998.0,Netherlands,Netherlands,High-income
13081,1996.0,Not report,,
13083,2007.0,"Belgium, Netherlands, UK",,
13084,1996.0,Netherlands,Netherlands,High-income
13085,2001.0,Belgium,Belgium,High-income
13086,1990.0,Belgium,Belgium,High-income
13087,1990.0,Not report,,
13089,1995.0,Not report,,
13090,1987.0,Egypt,Egypt,Lower-middle-income
13091,2006.0,Netherlands,Netherlands,High-income
13092,2015.0,Belgium,Belgium,High-income
13094,1988.0,Not report,,
13095,1995.0,Netherlands,Netherlands,High-income
13096,2018.0,Not report,,
13097,2000.0,Not report,,
13098,2013.0,Netherlands,Netherlands,High-income
13100,1991.0,Not report,,
13103,2016.0,Netherlands,Netherlands,High-income
13104,1991.0,Not report,,
13105,1993.0,Not report,,
13108,2008.0,Not report,,
13112,2015.0,Netherlands,Netherlands,High-income
13113,2007.0,Not report,,
13114,1999.0,Not report,,
13115,2007.0,Netherlands,Netherlands,High-income
13116,1986.0,Congo,Congo,Lower-middle-income
13117,1990.0,Not report,,
13121,2020.0,"Netherlands, Belgium",,
13122,2011.0,Belgium and Netherlands,,
13123,2017.0,"United States, Mexico, Croatia, Poland, Ukraine",,
13124,2002.0,Netherlands,Netherlands,High-income
13125,2014.0,Not report,,
13127,1997.0,Not report,,
13128,1995.0,Netherlands,Netherlands,High-income
13130,1976.0,Not report,,
13131,2010.0,Netherlands,Netherlands,High-income
13133,2016.0,Not report,,
13134,2000.0,Netherlands,Netherlands,High-income
13135,2010.0,Netherlands,Netherlands,High-income
13137,2002.0,Not report,,
13138,2015.0,Not report,,
13139,1995.0,Gambia,Gambia,Low-income
13140,1996.0,The Gambia,Gambia,Low-income
13141,2007.0,Not report,,
13142,2015.0,Bosnia and Herzegovina,,
13143,1997.0,Not report,,
13144,2017.0,Netherlands,Netherlands,High-income
13148,2007.0,Netherlands,Netherlands,High-income
13151,2001.0,Not report,,
13153,2002.0,Netherlands,Netherlands,High-income
13154,2003.0,Netherlands,Netherlands,High-income
13155,2003.0,Netherlands,Netherlands,High-income
13156,2005.0,Not report,,
13160,1992.0,Netherlands,Netherlands,High-income
13161,2018.0,Canada,Canada,High-income
13162,1998.0,Netherlands,Netherlands,High-income
13163,1997.0,Not report,,
13164,2004.0,"Finland, Sweden, Norway, Denmark",,
13165,1997.0,Netherlands,Netherlands,High-income
13166,1997.0,Netherlands,Netherlands,High-income
13167,1998.0,Not report,,
13168,1999.0,Not report,,
13171,1997.0,Netherlands,Netherlands,High-income
13172,2003.0,Netherlands,Netherlands,High-income
13174,1999.0,Turkey,Turkey,Lower-middle-income
13175,2002.0,Not report,,
13176,1987.0,Italy,Italy,High-income
13177,2006.0,Not report,,
13179,2010.0,Not report,,
13180,2010.0,Not report,,
13181,2010.0,Not report,,
13182,2017.0,Mozambique,Mozambique,Low-income
13184,2006.0,Not report,,
13185,2008.0,Not report,,
13186,2013.0,Not report,,
13187,2014.0,Not report,,
13188,2017.0,Not report,,
13189,1988.0,Israel,Israel,High-income
13190,1989.0,Israel,Israel,High-income
13191,1991.0,Israel,Israel,High-income
13192,1993.0,Israel,Israel,High-income
13193,1997.0,Israel,Israel,High-income
13194,2021.0,Not report,,
13195,2012.0,India,India,Lower-middle-income
13198,2020.0,Not report,,
13199,2011.0,Not report,,
13200,2020.0,India,India,Lower-middle-income
13201,2020.0,India,India,Lower-middle-income
13202,1993.0,United States,United States,High-income
13204,2005.0,Not report,,
13205,1996.0,United States,United States,High-income
13206,1996.0,Not report,,
13207,1997.0,Not report,,
13208,2014.0,India,India,Lower-middle-income
13209,2011.0,Spain,Spain,High-income
13211,2021.0,UK,United Kingdom,High-income
13212,1996.0,Not report,,
13216,2016.0,USA,United States,High-income
13218,1984.0,Not report,,
13219,2013.0,South African,South Africa,Upper-middle-income
13222,2022.0,Not report,,
13223,2019.0,Netherlands,Netherlands,High-income
13225,1996.0,Not report,,
13226,2018.0,Not report,,
13227,2013.0,India,India,Lower-middle-income
13228,2004.0,Italy,Italy,High-income
13229,2015.0,Not report,,
13230,1998.0,Italy,Italy,High-income
13231,1994.0,Netherlands,Netherlands,High-income
13232,1996.0,Not report,,
13233,1993.0,Not report,,
13234,1996.0,Netherlands,Netherlands,High-income
13235,1997.0,Not report,,
13236,1998.0,Not report,,
13237,1999.0,Denmark,Denmark,High-income
13238,2013.0,Not report,,
13240,2002.0,Not report,,
13241,2003.0,Not report,,
13242,2008.0,Not report,,
13244,1999.0,France,France,High-income
13245,1985.0,Italy,Italy,High-income
13246,1998.0,Not report,,
13247,2007.0,Not report,,
13248,1995.0,UK and Ireland,,
13249,1989.0,Not report,,
13250,2014.0,Not report,,
13251,2016.0,Netherlands,Netherlands,High-income
13253,2012.0,India,India,Lower-middle-income
13255,2022.0,India,India,Lower-middle-income
13256,2022.0,"Europe, North America, Middle East",,
13257,1994.0,Not report,,
13258,2007.0,"Hungary, Poland, Serbia/Montenegro, South Africa and Spain",,
13259,1991.0,Not report,,
13260,2003.0,Not report,,
13262,1985.0,Finland,Finland,High-income
13263,2017.0,Thailand,Thailand,Upper-middle-income
13268,1992.0,Not report,,
13269,1993.0,Not report,,
13270,1994.0,Not report,,
13272,2007.0,Not report,,
13275,2012.0,United States,United States,High-income
13276,1990.0,United States,United States,High-income
13280,2017.0,Not report,,
13284,2000.0,Brazil,Brazil,Upper-middle-income
13285,1992.0,Not report,,
13286,2005.0,Not report,,
13288,1997.0,Not report,,
13289,2020.0,Not report,,
13290,1998.0,Not report,,
13291,1999.0,Not report,,
13292,1999.0,Not report,,
13293,2000.0,Not report,,
13294,2003.0,Not report,,
13295,1999.0,Finland,Finland,High-income
13296,2001.0,Not report,,
13297,2013.0,United States,United States,High-income
13298,2017.0,Spain,Spain,High-income
13299,1997.0,Not report,,
13300,2014.0,Brazil,Brazil,Upper-middle-income
13305,1999.0,Not report,,
13307,2018.0,Not report,,
13308,2019.0,Not report,,
13309,1987.0,Canada,Canada,High-income
13310,1996.0,Not report,,
13311,1996.0,Vietnam,Vietnam,Low-income
13312,2000.0,Vietnam,Vietnam,Low-income
13313,2004.0,Vietnam,Vietnam,Low-income
13314,2005.0,Vietnam,Vietnam,Low-income
13315,2011.0,Vietnam,Vietnam,Lower-middle-income
13316,2008.0,Not report,,
13317,2010.0,United States,United States,High-income
13320,2021.0,USA,United States,High-income
13321,1997.0,United States,United States,High-income
13322,1991.0,Italy,Italy,High-income
13323,1995.0,Thailand,Thailand,Lower-middle-income
13324,2011.0,Not report,,
13325,1994.0,Thailand,Thailand,Lower-middle-income
13326,2015.0,United States,United States,High-income
13327,2001.0,Not report,,
13328,2002.0,Not report,,
13329,2015.0,Netherlands,Netherlands,High-income
13330,2004.0,Netherlands,Netherlands,High-income
13332,2021.0,Italy,Italy,High-income
13333,2001.0,United States,United States,High-income
13334,2005.0,Not report,,
13337,2020.0,United States,United States,High-income
13339,1992.0,Thailand,Thailand,Lower-middle-income
13340,2020.0,India,India,Lower-middle-income
13341,2021.0,Not report,,
13342,2007.0,Greece,Greece,High-income
13344,2010.0,Not report,,
13347,2018.0,Ukraine,Ukraine,Lower-middle-income
13348,1998.0,United States,United States,High-income
13351,2014.0,"Germany, Latvia, Lithuania, Slovenia and USA",,
13352,2015.0,Not report,,
13355,2018.0,Not report,,
13356,2009.0,Germany,Germany,High-income
13357,1988.0,United States,United States,High-income
13358,2002.0,Canada,Canada,High-income
13359,2008.0,Canada,Canada,High-income
13360,2014.0,"Australia, Belgium, France, Germany, Israel, Netherlands, Spain, Turkey, UK",,
13361,2021.0,Denmark,Denmark,High-income
13362,1993.0,United States,United States,High-income
13363,2019.0,Brazil,Brazil,Upper-middle-income
13364,1994.0,Not report,,
13365,1998.0,Not report,,
13366,2000.0,Not report,,
13367,2003.0,Not report,,
13368,2007.0,Not report,,
13369,2008.0,Not report,,
13370,1988.0,Israel and USA,,
13371,1998.0,Not report,,
13372,1999.0,Not report,,
13374,1993.0,Not report,,
13375,1991.0,Italy,Italy,High-income
13376,2004.0,"Belgium, France, Germany, South Africa",,
13377,2007.0,"Australia, Germany, Hungary, Poland, Portugal, Serbia and Montenegro, South Africa, Spain",,
13380,1998.0,Gambia,Gambia,Low-income
13381,2019.0,Australia,Australia,High-income
13382,1998.0,Not report,,
13383,1989.0,Germany,Germany,High-income
13384,2018.0,"UK, France, Czech Republic, Italy, Poland (Europe)",,
13385,2019.0,"Europe (UK, France, Czech Republic, Italy, Poland)",,
13387,2000.0,Gambia,Gambia,Low-income
13389,2008.0,"Germany, Austria, Switzerland, The Netherlands, Denmark, Russia",,
13390,2006.0,Switzerland,Switzerland,High-income
13391,2006.0,UK and Ireland,,
13392,2008.0,Not report,,
13393,2018.0,Not report,,
13395,2022.0,United States,United States,High-income
13396,1999.0,United States,United States,High-income
13397,2004.0,Netherlands,Netherlands,High-income
13399,2021.0,Not report,,
13401,1998.0,Greece,Greece,High-income
13402,1974.0,Yugoslavia,,
13403,2004.0,kenya,Kenya,Low-income
13404,2018.0,"Asia, Europe, North America",,
13408,2014.0,Serbia,Serbia,Upper-middle-income
13409,2014.0,Serbia,Serbia,Upper-middle-income
13410,2010.0,Not report,,
13411,2010.0,Not report,,
13412,2021.0,Serbia,Serbia,Upper-middle-income
13413,2004.0,Not report,,
13414,2000.0,Finland,Finland,High-income
13415,1990.0,UK,United Kingdom,High-income
13416,1989.0,Not report,,
13417,1998.0,Not report,,
13419,1991.0,Not report,,
13421,1993.0,Not report,,
13423,2020.0,Thailand,Thailand,Upper-middle-income
13428,2004.0,United States,United States,High-income
13429,2004.0,"United States, South Africa, Canada and Belgium",,
13431,2006.0,United States,United States,High-income
13433,2020.0,Not report,,
13436,2002.0,USA,United States,High-income
13437,2003.0,Not report,,
13438,2004.0,United States,United States,High-income
13440,2009.0,U.S.,United States,High-income
13442,2012.0,Saudi Arabia,Saudi Arabia,High-income
13444,1982.0,Not report,,
13445,1998.0,Not report,,
13446,2002.0,"Europe, US, Canada, South Africa, Australia",,
13447,2003.0,Not report,,
13448,2012.0,Not report,,
13449,1988.0,Not report,,
13450,1992.0,South Africa,South Africa,Upper-middle-income
13451,2003.0,Australia,Australia,High-income
13452,1992.0,Not report,,
13453,1994.0,United States,United States,High-income
13454,2012.0,Not report,,
13455,2019.0,Not report,,
13457,2018.0,Not report,,
13458,2015.0,India,India,Lower-middle-income
13459,1986.0,United States,United States,High-income
13461,2001.0,United States,United States,High-income
13462,2009.0,United States,United States,High-income
13463,1989.0,Not report,,
13464,1975.0,Guatemala,Guatemala,Lower-middle-income
13465,1990.0,Not report,,
13466,1993.0,Not report,,
13467,1997.0,Australia,Australia,High-income
13469,2007.0,Zambia,Zambia,Low-income
13470,2017.0,"United States, Mexico, Russia",,
13471,1986.0,United States,United States,High-income
13472,2011.0,South Africa,South Africa,Upper-middle-income
13473,2001.0,United States,United States,High-income
13475,2015.0,United States,United States,High-income
13476,2003.0,Not report,,
13478,2012.0,United States,United States,High-income
13479,2015.0,Not report,,
13482,2020.0,New Zealand,New Zealand,High-income
13485,2007.0,Australia,Australia,High-income
13486,1983.0,Not report,,
13488,1984.0,Sweden,Sweden,High-income
13489,2018.0,Not report,,
13490,1992.0,Not report,,
13491,1992.0,United States,United States,High-income
13492,2006.0,United States,United States,High-income
13493,2013.0,United States,United States,High-income
13494,1989.0,Not report,,
13495,1972.0,United States,United States,High-income
13496,2017.0,Not report,,
13498,2003.0,United States,United States,High-income
13499,2009.0,Not report,,
13500,2016.0,Kenya,Kenya,Lower-middle-income
13502,2018.0,Brazil,Brazil,Upper-middle-income
13503,2017.0,Papua New Guinea,Papua New Guinea,Lower-middle-income
13504,2016.0,China,China,Upper-middle-income
13505,2020.0,China,China,Upper-middle-income
13507,2011.0,Thailand,Thailand,Upper-middle-income
13508,2013.0,Thailand,Thailand,Upper-middle-income
13509,2016.0,Not report,,
13511,1996.0,China,China,Low-income
13512,1999.0,United States,United States,High-income
13513,2003.0,United States,United States,High-income
13515,2008.0,China,China,Lower-middle-income
13516,2008.0,Not report,,
13517,2010.0,Not report,,
13518,2011.0,USA,United States,High-income
13520,2012.0,Not report,,
13522,2014.0,Not report,,
13525,2015.0,China,China,Upper-middle-income
13526,2015.0,Not report,,
13527,2017.0,China,China,Upper-middle-income
13528,2018.0,China,China,Upper-middle-income
13530,2018.0,China,China,Upper-middle-income
13531,2019.0,China,China,Upper-middle-income
13532,2019.0,Not report,,
13533,2021.0,China,China,Upper-middle-income
13534,2023.0,Not report,,
13536,2021.0,China,China,Upper-middle-income
13537,2022.0,Not report,,
13539,2017.0,Not report,,
13541,2021.0,Not report,,
13542,2020.0,Not report,,
13543,2020.0,Not report,,
13544,2022.0,China,China,Upper-middle-income
13545,2021.0,UK,United Kingdom,High-income
13546,1999.0,Not report,,
13547,2020.0,Not report,,
13548,2022.0,Not report,,
13549,2022.0,Not report,,
13552,2019.0,China,China,Upper-middle-income
13553,1992.0,Canada,Canada,High-income
13554,2005.0,Not report,,
13556,2007.0,"China, Korea, Mexico",,
13558,2013.0,China,China,Upper-middle-income
13559,2014.0,Not report,,
13561,2016.0,Not report,,
13563,2016.0,Not report,,
13564,2016.0,Not report,,
13565,2017.0,Not report,,
13567,2017.0,China,China,Upper-middle-income
13568,2017.0,Not report,,
13569,2018.0,Not report,,
13573,2020.0,China,China,Upper-middle-income
13574,2020.0,China,China,Upper-middle-income
13575,2020.0,China,China,Upper-middle-income
13577,2021.0,Not report,,
13578,2021.0,Not report,,
13579,2021.0,Not report,,
13580,2022.0,Not report,,
13581,2022.0,China,China,Upper-middle-income
13584,2014.0,Sri Lanka,Sri Lanka,Lower-middle-income
13586,2021.0,Sri Lanka,Sri Lanka,Lower-middle-income
13589,2006.0,Not report,,
13592,2017.0,"US, Europe, Mexico",,
13593,1990.0,Not report,,
13595,2010.0,Not report,,
13596,2011.0,North America,,
13597,2011.0,Not report,,
13599,2021.0,"Multinational (Canada, Australia, UK, South Africa, Russia, Hungary)",,
13601,2012.0,Not report,,
13603,2014.0,Kenya,Kenya,Lower-middle-income
13604,1978.0,Not report,,
13605,2018.0,Sri Lanka,Sri Lanka,Upper-middle-income
13606,1995.0,Not report,,
13607,1997.0,Not report,,
13608,1997.0,United States,United States,High-income
13612,2023.0,Netherlands,Netherlands,High-income
13614,2016.0,Netherlands,Netherlands,High-income
13616,2016.0,Netherlands,Netherlands,High-income
13617,2011.0,Not report,,
13618,2008.0,Canada,Canada,High-income
13619,2020.0,Not report,,
13622,2006.0,Not report,,
13623,2006.0,United States,United States,High-income
13624,2016.0,United States,United States,High-income
13626,2020.0,Not report,,
13628,2006.0,Thailand,Thailand,Lower-middle-income
13629,2008.0,Thailand,Thailand,Lower-middle-income
13631,1991.0,Not report,,
13632,1991.0,Not report,,
13633,1992.0,Not report,,
13634,1994.0,Not report,,
13635,1995.0,Not report,,
13636,1995.0,Not report,,
13637,2000.0,UK,United Kingdom,High-income
13640,2000.0,Not report,,
13641,2007.0,Not report,,
13642,1987.0,Kenya,Kenya,Low-income
13643,1988.0,Not report,,
13644,1989.0,Not report,,
13645,1993.0,Not report,,
13646,1994.0,Canada,Canada,High-income
13649,1999.0,United States,United States,High-income
13650,2004.0,Not report,,
13652,2007.0,Not report,,
13653,2017.0,United States,United States,High-income
13654,2022.0,United States,United States,High-income
13655,1988.0,Not report,,
13656,1992.0,Germany,Germany,High-income
13658,2019.0,Not report,,
13659,2004.0,Not report,,
13660,1986.0,Not report,,
13661,1986.0,Not report,,
13662,2009.0,European,,
13663,2010.0,"Chile, Colombia, Germany, Guatemala, Hungary, India, Lithuania, Mexico, Norway, Panama, Peru, Philippines, Puerto Rico, Romania, Russian Federation, Spain, China, United Kingdom, United States",,
13664,2013.0,Not report,,
13666,2017.0,"USA, Spain, Germany, Portugal, UK, Singapore",,
13667,2019.0,UK,United Kingdom,High-income
13668,2019.0,UK,United Kingdom,High-income
13671,1985.0,Not report,,
13672,1994.0,Not report,,
13673,2001.0,Not report,,
13674,2003.0,Not report,,
13675,2003.0,Not report,,
13676,2003.0,Not report,,
13677,2005.0,Germany,Germany,High-income
13678,2005.0,Not report,,
13679,2008.0,United States,United States,High-income
13680,2010.0,Not report,,
13681,2018.0,Netherlands,Netherlands,High-income
13682,2023.0,Sri Lanka,Sri Lanka,Lower-middle-income
13683,2021.0,Netherlands,Netherlands,High-income
13685,2023.0,Not report,,
13686,2018.0,Poland,Poland,High-income
13688,2011.0,Germany,Germany,High-income
13689,2012.0,Germany,Germany,High-income
13690,2020.0,China,China,Upper-middle-income
13691,2011.0,Not report,,
13694,2015.0,China,China,Upper-middle-income
13696,2018.0,China,China,Upper-middle-income
13697,2018.0,Denmark,Denmark,High-income
13698,2020.0,China,China,Upper-middle-income
13700,2017.0,"United States, Mexico",,
13702,1982.0,South African,South Africa,Lower-middle-income
13703,2000.0,"South Africa, UK, Finland, Czech Republic",,
13704,1974.0,South African,South Africa,Lower-middle-income
13705,1975.0,United States,United States,High-income
13706,1997.0,Not report,,
13708,1997.0,United States,United States,High-income
13709,1998.0,"United States, Puerto Rico",,
13710,2009.0,Not report,,
13711,2020.0,Not report,,
13712,1994.0,Not report,,
13714,2003.0,Israel,Israel,High-income
13715,2004.0,Israel,Israel,High-income
13716,2008.0,United States,United States,High-income
13718,1993.0,"Austria, Argentina, Italy",,
13719,1993.0,Not report,,
13720,2020.0,Switzerland,Switzerland,High-income
13722,1989.0,Not report,,
13725,1998.0,United States,United States,High-income
13726,2009.0,USA,United States,High-income
13727,2011.0,USA,United States,High-income
13728,1995.0,Kenya,Kenya,Low-income
13729,1997.0,Not report,,
13730,2005.0,"United States, Canada, Puerto Rico",,
13732,2007.0,Canada,Canada,High-income
13740,1984.0,Not report,,
13743,1984.0,Not report,,
13744,2022.0,Not report,,
13747,2005.0,Not report,,
13748,1988.0,Not report,,
13749,1989.0,Not report,,
13750,1990.0,Not report,,
13751,1994.0,Not report,,
13752,1996.0,Not report,,
13753,1989.0,Not report,,
13754,1992.0,Not report,,
13755,1992.0,Not report,,
13756,1993.0,Not report,,
13757,2004.0,Not report,,
13760,2022.0,"Switzerland, Austrian",,
13761,1979.0,Not report,,
13762,1984.0,United States,United States,High-income
13763,1994.0,Not report,,
13764,2002.0,Not report,,
13765,2010.0,"United States, Brazil, Mexico",,
13766,2011.0,"US, Sweden, UK, Belgium, Brazil, France, Poland, The Netherlands, Germany",,
13767,2023.0,Tanzania,Tanzania,Lower-middle-income
13768,2000.0,Not report,,
13769,2000.0,Not report,,
13770,2012.0,Germany,Germany,High-income
13771,2013.0,Germany,Germany,High-income
13773,2007.0,China,China,Lower-middle-income
13774,2020.0,Not report,,
13775,1996.0,Sweden,Sweden,High-income
13776,2005.0,USA,United States,High-income
13777,2002.0,Not report,,
13778,1991.0,Not report,,
13779,1983.0,Denmark,Denmark,High-income
13780,1997.0,Not report,,
13786,1982.0,Not report,,
13787,2013.0,"Europe, Asia, North America, South America, and Africa",,
13788,2011.0,Not report,,
13790,2015.0,Canada,Canada,High-income
13791,2013.0,Tanzania,Tanzania,Low-income
13793,2019.0,Tanzania,Tanzania,Lower-middle-income
13794,2022.0,Kenya,Kenya,Lower-middle-income
13795,2008.0,Not report,,
13796,1978.0,United States,United States,High-income
13798,1986.0,Not report,,
13801,2023.0,Uganda,Uganda,Low-income
13803,2003.0,United States,United States,High-income
13804,2009.0,United States,United States,High-income
13805,1996.0,UK,United Kingdom,High-income
13806,2001.0,United States,United States,High-income
13807,2005.0,United States,United States,High-income
13808,2005.0,Not report,,
13809,2018.0,"Brazil, Hungary, Germany, India, Israel, South Korea, Malaysia, Mexico, Russia, Taiwan, Turkey, USA",,
13811,2003.0,United States,United States,High-income
13812,2004.0,Not report,,
13814,1994.0,United States,United States,High-income
13815,1992.0,Gambia,Gambia,Low-income
13817,1979.0,United States,United States,High-income
13818,1988.0,Not report,,
13819,1989.0,Gambia,Gambia,Low-income
13820,2000.0,Not report,,
13821,2003.0,Not report,,
13823,1983.0,UK,United Kingdom,High-income
13824,1991.0,Not report,,
13825,2001.0,"United States, Canada",,
13826,2015.0,United States,United States,High-income
13827,2004.0,Not report,,
13828,2008.0,"United States, India",,
13829,2005.0,Not report,,
13830,2007.0,Not report,,
13832,2003.0,"United States, Canada, Mexico, Argentina, Brazil, Chile and Peru",,
13833,2020.0,Indonesia,Indonesia,Lower-middle-income
13834,2001.0,Finland,Finland,High-income
13835,2002.0,Finland,Finland,High-income
13840,2010.0,Germany and Switzerland,,
13841,2004.0,Netherlands,Netherlands,High-income
13844,1988.0,Not report,,
13845,1998.0,Germany,Germany,High-income
13847,2009.0,United States,United States,High-income
13848,2004.0,United States,United States,High-income
13849,2005.0,United States,United States,High-income
13850,2009.0,United States,United States,High-income
13851,2011.0,Not report,,
13852,2013.0,United States,United States,High-income
13853,2014.0,Not report,,
13855,2015.0,USA,United States,High-income
13856,2017.0,United States,United States,High-income
13857,2019.0,United States,United States,High-income
13858,2019.0,United States,United States,High-income
13859,2006.0,Not report,,
13860,2020.0,Indonesia,Indonesia,Lower-middle-income
13862,2006.0,Not report,,
13863,2008.0,United States,United States,High-income
13864,2011.0,United States,United States,High-income
13865,2012.0,United States,United States,High-income
13866,2015.0,United States,United States,High-income
13870,2010.0,Cameroon,Cameroon,Lower-middle-income
13873,1993.0,Not report,,
13874,2003.0,Not report,,
13875,1985.0,Not report,,
13876,2011.0,Not report,,
13877,2017.0,Not report,,
13878,1984.0,UK,United Kingdom,High-income
13880,2019.0,UK,United Kingdom,High-income
13882,1986.0,Not report,,
13883,2011.0,France,France,High-income
13885,2007.0,Netherlands,Netherlands,High-income
13886,1995.0,Netherlands,Netherlands,High-income
13887,1996.0,Netherlands,Netherlands,High-income
13889,1979.0,Tanzania,Tanzania,Low-income
13890,2005.0,UK,United Kingdom,High-income
13892,1991.0,Not report,,
13894,1996.0,United States,United States,High-income
13895,1997.0,UK,United Kingdom,High-income
13897,2001.0,Not report,,
13898,2002.0,UK,United Kingdom,High-income
13899,2008.0,Not report,,
13900,2011.0,Not report,,
13901,2013.0,United States,United States,High-income
13903,2022.0,USA,United States,High-income
13904,1986.0,Not report,,
13905,1986.0,Not report,,
13906,1988.0,Not report,,
13908,2013.0,Australia,Australia,High-income
13909,2010.0,United Kingdom,United Kingdom,High-income
13910,2009.0,UK,United Kingdom,High-income
13911,2014.0,Not report,,
13912,2018.0,Not report,,
13915,2005.0,Vietnam,Vietnam,Low-income
13916,2005.0,Not report,,
13918,2011.0,Not report,,
13919,2005.0,Not report,,
13920,2013.0,Not report,,
13921,1984.0,US and Canada,,
13922,1988.0,Not report,,
13923,1993.0,United States,United States,High-income
13924,1994.0,Not report,,
13925,1997.0,UK,United Kingdom,High-income
13926,1998.0,Not report,,
13927,2000.0,USA,United States,High-income
13928,2002.0,UK,United Kingdom,High-income
13929,2002.0,UK,United Kingdom,High-income
13930,2003.0,Not report,,
13931,2006.0,United States,United States,High-income
13932,2006.0,UK,United Kingdom,High-income
13933,2006.0,"United Kingdom, Ireland",,
13934,2007.0,Not report,,
13935,2010.0,USA,United States,High-income
13936,2016.0,United States,United States,High-income
13937,2020.0,United States,United States,High-income
13939,1982.0,Not report,,
13941,1990.0,UK,United Kingdom,High-income
13942,1991.0,Not report,,
13944,1995.0,UK,United Kingdom,High-income
13947,2018.0,Tanzania,Tanzania,Low-income
13948,2018.0,Côte d’Ivoire,Cote d'Ivoire,Lower-middle-income
13949,1996.0,Not report,,
13950,1982.0,Not report,,
13951,2008.0,Not report,,
13952,2010.0,United States,United States,High-income
13953,2014.0,Not report,,
13954,1999.0,Not report,,
13956,1993.0,Not report,,
13960,2000.0,United States,United States,High-income
13961,2002.0,United States,United States,High-income
13962,2005.0,United States,United States,High-income
13963,2006.0,United States,United States,High-income
13964,2016.0,"US, Latin America, Europe",,
13965,2015.0,United States,United States,High-income
13966,1980.0,United States,United States,High-income
13968,2010.0,"US, Canada, Europe, South Africa",,
13969,2015.0,"United States, France, Germany, Poland",,
13970,2014.0,"United States, Canada, Romania, Croatia, Poland",,
13972,2010.0,Canada and United States,,
13974,2009.0,United States,United States,High-income
13975,2018.0,Not report,,
13976,2018.0,"China, Russian Federation, Ukraine, Australia, Israel, Belgium, Poland, United Kingdom, Bulgaria, Germany, USA, and Italy",,
13978,1999.0,Not report,,
13979,2002.0,Not report,,
13980,1989.0,Netherlands,Netherlands,High-income
13981,1989.0,Netherlands,Netherlands,High-income
13982,2002.0,Netherlands,Netherlands,High-income
13984,1986.0,Not report,,
13985,2005.0,"Austria, Finland, France, Germany, Greece, Israel, the Netherlands, Norway, Spain, and the United Kingdom",,
13986,2014.0,Canada,Canada,High-income
13987,2013.0,Not report,,
13989,2000.0,Not report,,
13991,1997.0,Not report,,
13992,1999.0,Not report,,
13993,2005.0,"Austria, Germany and Switzerland",,
13994,1992.0,Not report,,
13997,1986.0,Not report,,
13998,1993.0,Not report,,
13999,1998.0,Not report,,
14000,2002.0,Not report,,
14001,2014.0,UK,United Kingdom,High-income
14002,2020.0,"USA, Canada and Europe",,
14006,1993.0,Germany,Germany,High-income
14007,1994.0,Not report,,
14008,1998.0,Not report,,
14010,2001.0,Not report,,
14011,2002.0,Not report,,
14012,2006.0,Not report,,
14013,2001.0,United States,United States,High-income
14014,1978.0,United States,United States,High-income
14015,1990.0,Not report,,
14016,1991.0,Not report,,
14017,1992.0,Not report,,
14018,1993.0,Not report,,
14019,1993.0,Not report,,
14020,1993.0,Not report,,
14021,1994.0,Not report,,
14022,1994.0,Not report,,
14023,1995.0,Not report,,
14025,1998.0,Not report,,
14026,2004.0,Not report,,
14027,2006.0,Not report,,
14028,2006.0,Not report,,
14029,2011.0,Denmark,Denmark,High-income
14030,2011.0,Not report,,
14031,2017.0,Denmark,Denmark,High-income
14032,2017.0,Not report,,
14033,2017.0,Not report,,
14035,2014.0,Denmark,Denmark,High-income
14036,1995.0,Not report,,
14037,2000.0,UK,United Kingdom,High-income
14038,2001.0,"Brazil, Argentina/Chile, Mexico",,
14039,2006.0,Not report,,
14041,2011.0,Not report,,
14042,2015.0,UK,United Kingdom,High-income
14044,2002.0,Not report,,
14046,2012.0,Not report,,
14047,2015.0,Denmark,Denmark,High-income
14048,2022.0,Thailand,Thailand,Upper-middle-income
14050,1998.0,UK,United Kingdom,High-income
14052,2022.0,UK,United Kingdom,High-income
14053,2007.0,Not report,,
14054,1984.0,United States,United States,High-income
14055,1996.0,Not report,,
14057,2001.0,North America,,
14058,2002.0,Not report,,
14059,1990.0,Not report,,
14062,1997.0,Not report,,
14065,2023.0,Mexico,Mexico,Upper-middle-income
14067,2001.0,Not report,,
14068,2013.0,United States,United States,High-income
14069,2015.0,United States,United States,High-income
14070,2020.0,United States,United States,High-income
14071,1993.0,Not report,,
14072,1993.0,Not report,,
14073,1995.0,Not report,,
14076,2011.0,England,United Kingdom,High-income
14078,2008.0,North America and India,,
14080,2004.0,United States,United States,High-income
14082,2007.0,China,China,Lower-middle-income
14083,2009.0,China,China,Lower-middle-income
14084,2009.0,China,China,Lower-middle-income
14085,2010.0,China,China,Upper-middle-income
14087,2011.0,Not report,,
14090,2011.0,China,China,Upper-middle-income
14091,2012.0,China,China,Upper-middle-income
14093,2014.0,Not report,,
14097,2015.0,China,China,Upper-middle-income
14098,2015.0,Not report,,
14099,2016.0,USA,United States,High-income
14101,2017.0,Not report,,
14102,2018.0,China,China,Upper-middle-income
14103,2019.0,China,China,Upper-middle-income
14104,2019.0,China,China,Upper-middle-income
14107,2020.0,China,China,Upper-middle-income
14109,2021.0,China,China,Upper-middle-income
14111,2021.0,China,China,Upper-middle-income
14112,2021.0,Not report,,
14113,2022.0,United States,United States,High-income
14114,2021.0,China,China,Upper-middle-income
14115,2021.0,China,China,Upper-middle-income
14117,2012.0,Not report,,
14119,2014.0,Not report,,
14120,2015.0,China,China,Upper-middle-income
14121,2020.0,China,China,Upper-middle-income
14122,2020.0,China,China,Upper-middle-income
14124,2009.0,Europe,,
14125,2004.0,European,,
14130,2014.0,Australia,Australia,High-income
14132,1961.0,Not report,,
14134,2021.0,China,China,Upper-middle-income
14135,2019.0,China,China,Upper-middle-income
14136,2001.0,China,China,Lower-middle-income
14138,2005.0,Not report,,
14139,2011.0,Not report,,
14140,2011.0,Not report,,
14142,2016.0,China,China,Upper-middle-income
14143,2021.0,China,China,Upper-middle-income
14144,2012.0,China,China,Upper-middle-income
14146,2013.0,Not report,,
14147,2014.0,China,China,Upper-middle-income
14148,2014.0,Not report,,
14149,2019.0,China,China,Upper-middle-income
14151,2021.0,China,China,Upper-middle-income
14152,2019.0,China,China,Upper-middle-income
14153,2002.0,China,China,Lower-middle-income
14156,2020.0,Not report,,
14157,2018.0,China,China,Upper-middle-income
14163,2017.0,China,China,Upper-middle-income
14166,2021.0,China,China,Upper-middle-income
14167,2021.0,China,China,Upper-middle-income
14168,2018.0,China,China,Upper-middle-income
14169,2020.0,China,China,Upper-middle-income
14170,2022.0,China,China,Upper-middle-income
14172,2019.0,China,China,Upper-middle-income
14176,2016.0,China,China,Upper-middle-income
14177,2019.0,China,China,Upper-middle-income
14181,2012.0,China,China,Upper-middle-income
14183,2013.0,China,China,Upper-middle-income
14185,2013.0,China,China,Upper-middle-income
14188,2019.0,Not report,,
14189,2019.0,China,China,Upper-middle-income
14190,2021.0,Not report,,
14191,2022.0,China,China,Upper-middle-income
14192,2021.0,China,China,Upper-middle-income
14193,2022.0,China,China,Upper-middle-income
14194,2022.0,China,China,Upper-middle-income
14195,1989.0,France,France,High-income
14198,2008.0,China,China,Lower-middle-income
14199,2008.0,China,China,Lower-middle-income
14200,2016.0,China,China,Upper-middle-income
14202,2022.0,China,China,Upper-middle-income
14203,2022.0,China,China,Upper-middle-income
14204,2022.0,China,China,Upper-middle-income
14206,2014.0,India,India,Lower-middle-income
14208,2022.0,India,India,Lower-middle-income
14209,2017.0,United States,United States,High-income
14210,2022.0,Iran,Iran,Lower-middle-income
14212,2021.0,Algeria,Algeria,Lower-middle-income
14213,2002.0,Not report,,
14214,1987.0,Israel,Israel,High-income
14215,2004.0,Turkey,Turkey,Upper-middle-income
14216,2022.0,Turkey,Turkey,Upper-middle-income
14217,2018.0,Turkey,Turkey,Upper-middle-income
14219,2006.0,Turkey,Turkey,Upper-middle-income
14220,1997.0,Not report,,
14222,2019.0,China,China,Upper-middle-income
14223,2019.0,China,China,Upper-middle-income
14225,2022.0,China,China,Upper-middle-income
14226,2022.0,China,China,Upper-middle-income
14227,2014.0,Egypt,Egypt,Lower-middle-income
14228,2012.0,Not report,,
14234,2017.0,China,China,Upper-middle-income
14235,2020.0,China,China,Upper-middle-income
14237,2019.0,China,China,Upper-middle-income
14238,1999.0,Japan,Japan,High-income
14239,1981.0,Not report,,
14240,2015.0,Not report,,
14241,1996.0,Japan,Japan,High-income
14242,2005.0,Not report,,
14246,2009.0,Not report,,
14250,2013.0,China,China,Upper-middle-income
14253,2015.0,China,China,Upper-middle-income
14254,2016.0,China,China,Upper-middle-income
14256,2017.0,Not report,,
14258,2017.0,China,China,Upper-middle-income
14259,2018.0,Not report,,
14260,2018.0,China,China,Upper-middle-income
14261,2019.0,Korea,South Korea,High-income
14262,2020.0,Not report,,
14263,2020.0,China,China,Upper-middle-income
14264,2020.0,Not report,,
14265,2021.0,China,China,Upper-middle-income
14267,2022.0,China,China,Upper-middle-income
14268,2022.0,Not report,,
14269,2022.0,Not report,,
14270,2023.0,China,China,Upper-middle-income
14271,2021.0,China,China,Upper-middle-income
14272,2012.0,China,China,Upper-middle-income
14273,2015.0,Not report,,
14274,2015.0,Not report,,
14276,2017.0,China,China,Upper-middle-income
14279,2020.0,Not report,,
14280,2011.0,United States,United States,High-income
14281,2003.0,Not report,,
14282,2017.0,Indonesia,Indonesia,Lower-middle-income
14283,2022.0,China,China,Upper-middle-income
14284,2009.0,Not report,,
14286,2014.0,China,China,Upper-middle-income
14287,2014.0,China,China,Upper-middle-income
14288,2015.0,China,China,Upper-middle-income
14289,2017.0,China,China,Upper-middle-income
14290,2018.0,China,China,Upper-middle-income
14291,2020.0,China,China,Upper-middle-income
14292,2021.0,China,China,Upper-middle-income
14293,2021.0,China,China,Upper-middle-income
14294,2022.0,Not report,,
14295,1997.0,Not report,,
14296,1998.0,Singapore,Singapore,High-income
14297,2013.0,China,China,Upper-middle-income
14299,2016.0,Israel,Israel,High-income
14300,1997.0,Saudi Arabia,Saudi Arabia,Upper-middle-income
14301,1999.0,Not report,,
14302,2017.0,Turkey,Turkey,Upper-middle-income
14303,2020.0,Ireland,Ireland,High-income
14305,1986.0,Not report,,
14306,2000.0,Not report,,
14307,2003.0,Japan,Japan,High-income
14308,2015.0,Australia,Australia,High-income
14310,2006.0,Not report,,
14311,2022.0,Not report,,
14313,2012.0,Turkey,Turkey,Upper-middle-income
14315,2017.0,Denmark,Denmark,High-income
14318,2015.0,Not report,,
14319,2019.0,China,China,Upper-middle-income
14320,2020.0,Not report,,
14321,2020.0,China,China,Upper-middle-income
14322,2021.0,China,China,Upper-middle-income
14323,2021.0,China,China,Upper-middle-income
14324,2022.0,China,China,Upper-middle-income
14326,2009.0,Nepal,Nepal,Low-income
14327,1982.0,Not report,,
14328,1984.0,United States,United States,High-income
14329,1985.0,Not report,,
14330,1997.0,China,China,Lower-middle-income
14331,2008.0,Not report,,
14332,2016.0,United States and China,,
14335,1981.0,Not report,,
14337,1990.0,Not report,,
14338,2005.0,Uganda,Uganda,Low-income
14339,2008.0,Uganda,Uganda,Low-income
14340,2013.0,Uganda,Uganda,Low-income
14341,2014.0,Uganda,Uganda,Low-income
14342,2016.0,Uganda,Uganda,Low-income
14343,2018.0,Uganda,Uganda,Low-income
14345,2007.0,"United States, Mexico, Brazil",,
14346,2014.0,Not report,,
14347,2018.0,Not report,,
14348,2001.0,Not report,,
14352,1998.0,Turkey,Turkey,Upper-middle-income
14354,2003.0,Turkey,Turkey,Lower-middle-income
14355,2020.0,Korea,South Korea,High-income
14356,2006.0,China,China,Lower-middle-income
14357,2008.0,Not report,,
14358,2015.0,China,China,Upper-middle-income
14359,2019.0,China,China,Upper-middle-income
14360,2019.0,China,China,Upper-middle-income
14361,2020.0,China,China,Upper-middle-income
14362,2022.0,Not report,,
14363,2021.0,China,China,Upper-middle-income
14364,1997.0,UK,United Kingdom,High-income
14365,2019.0,Not report,,
14366,2006.0,Not report,,
14367,2008.0,Turkey,Turkey,Upper-middle-income
14368,2020.0,Not report,,
14370,1984.0,Not report,,
14371,2003.0,Not report,,
14372,2006.0,Not report,,
14373,2010.0,Not report,,
14374,2011.0,Not report,,
14376,2002.0,Turkey,Turkey,Lower-middle-income
14377,2004.0,Turkey,Turkey,Upper-middle-income
14378,2008.0,Turkey,Turkey,Upper-middle-income
14380,2003.0,Not report,,
14381,2003.0,Turkey,Turkey,Lower-middle-income
14385,2009.0,Not report,,
14386,2009.0,Not report,,
14387,2013.0,Not report,,
14388,2011.0,Turkey,Turkey,Upper-middle-income
14389,2022.0,Turkey,Turkey,Upper-middle-income
14390,2005.0,Not report,,
14391,2014.0,China,China,Upper-middle-income
14392,2016.0,China,China,Upper-middle-income
14394,2021.0,China,China,Upper-middle-income
14395,2017.0,China,China,Upper-middle-income
14396,2020.0,China,China,Upper-middle-income
14398,2006.0,United States,United States,High-income
14399,1991.0,United States,United States,High-income
14400,2002.0,Not report,,
14401,2003.0,"United States, Mexico, South America",,
14402,2013.0,Tanzania,Tanzania,Low-income
14406,1980.0,Japan,Japan,High-income
14407,2010.0,Japan,Japan,High-income
14408,2022.0,China,China,Upper-middle-income
14409,2022.0,United States,United States,High-income
14410,2022.0,Australia,Australia,High-income
14411,2008.0,Asia,,
14412,2010.0,Korea,South Korea,High-income
14413,2010.0,Not report,,
14414,2003.0,Canada,Canada,High-income
14415,2023.0,Japan,Japan,High-income
14416,2009.0,Japan,Japan,High-income
14417,2014.0,Japan,Japan,High-income
14418,2017.0,Japan,Japan,High-income
14419,2019.0,Japan,Japan,High-income
14420,2010.0,Japan,Japan,High-income
14422,1999.0,Japan,Japan,High-income
14423,2006.0,Japan,Japan,High-income
14424,2014.0,Not report,,
14425,2000.0,Japan,Japan,High-income
14427,2016.0,Korea,South Korea,High-income
14428,1983.0,United States,United States,High-income
14429,1996.0,Not report,,
14431,2004.0,United States,United States,High-income
14432,2020.0,"Australia, Europe, Israel, Japan, China, South America, and North America",,
14433,1985.0,Not report,,
14435,2014.0,Not report,,
14436,1999.0,Australia,Australia,High-income
14437,2001.0,UK,United Kingdom,High-income
14439,2012.0,Not report,,
14440,2011.0,Iran,Iran,Upper-middle-income
14441,2013.0,Iran,Iran,Upper-middle-income
14443,2015.0,Iran,Iran,Upper-middle-income
14444,2015.0,Iran,Iran,Upper-middle-income
14446,2002.0,United States,United States,High-income
14447,2021.0,Mali,Mali,Low-income
14452,2009.0,China,China,Lower-middle-income
14453,2014.0,Not report,,
14456,2017.0,China,China,Upper-middle-income
14457,2022.0,China,China,Upper-middle-income
14459,2022.0,China,China,Upper-middle-income
14460,2022.0,China,China,Upper-middle-income
14461,2023.0,China,China,Upper-middle-income
14465,2017.0,China,China,Upper-middle-income
14466,2018.0,China,China,Upper-middle-income
14467,2022.0,China,China,Upper-middle-income
14468,2022.0,China,China,Upper-middle-income
14469,2022.0,China,China,Upper-middle-income
14470,2020.0,China,China,Upper-middle-income
14471,2022.0,China,China,Upper-middle-income
14472,2008.0,China,China,Lower-middle-income
14473,2010.0,China,China,Upper-middle-income
14474,2012.0,China and Malaysia,,
14475,2017.0,China,China,Upper-middle-income
14476,1991.0,Not report,,
14477,1992.0,Not report,,
14478,1992.0,Not report,,
14479,1993.0,UK,United Kingdom,High-income
14480,1993.0,UK,United Kingdom,High-income
14481,1994.0,UK,United Kingdom,High-income
14482,1996.0,Not report,,
14483,1991.0,UK,United Kingdom,High-income
14484,2012.0,Not report,,
14485,2013.0,Turkey,Turkey,Upper-middle-income
14486,1998.0,Not report,,
14489,2010.0,Japan,Japan,High-income
14490,2009.0,United States,United States,High-income
14491,2006.0,Lebanon,Lebanon,Upper-middle-income
14492,2011.0,Not report,,
14493,2007.0,Not report,,
14495,2021.0,Australia and New Zealand,,
14496,2011.0,Iran,Iran,Upper-middle-income
14497,1993.0,Israel,Israel,High-income
14498,2023.0,Not report,,
14499,2022.0,Austria,Austria,High-income
14500,2017.0,Pakistan,Pakistan,Lower-middle-income
14502,2012.0,Poland,Poland,High-income
14503,2022.0,Iran,Iran,Lower-middle-income
14504,2007.0,Iran,Iran,Lower-middle-income
14505,2008.0,Iran,Iran,Lower-middle-income
14506,2013.0,Egypt,Egypt,Lower-middle-income
14507,1987.0,Not report,,
14509,2012.0,Pakistan,Pakistan,Lower-middle-income
14510,2021.0,Croatia,Croatia,High-income
14513,2019.0,Poland,Poland,High-income
14514,2018.0,Pakistan,Pakistan,Lower-middle-income
14515,2022.0,Pakistan,Pakistan,Lower-middle-income
14516,2022.0,Iran,Iran,Lower-middle-income
14519,1985.0,Not report,,
14520,1985.0,Not report,,
14521,1986.0,New Zealand,New Zealand,High-income
14523,1999.0,Italy,Italy,High-income
14524,2022.0,China,China,Upper-middle-income
14525,1995.0,Italy,Italy,High-income
14526,2005.0,Italy,Italy,High-income
14528,2015.0,Egypt,Egypt,Lower-middle-income
14529,2011.0,Iran,Iran,Upper-middle-income
14531,2010.0,Not report,,
14533,2017.0,Iran,Iran,Upper-middle-income
14534,2011.0,United States and Belgium,,
14535,2012.0,Italy,Italy,High-income
14537,1999.0,South African,South Africa,Upper-middle-income
14539,2006.0,South African,South Africa,Upper-middle-income
14540,2010.0,South Africa,South Africa,Upper-middle-income
14541,2006.0,South Africa,South Africa,Upper-middle-income
14544,2022.0,Iran,Iran,Lower-middle-income
14545,2010.0,Iran,Iran,Upper-middle-income
14547,2000.0,"Austria, Belgium, Finland, Germany, Sweden, UK",,
14548,1998.0,UK and Austria,,
14549,2019.0,United States,United States,High-income
14551,2001.0,Not report,,
14558,2014.0,Not report,,
14559,2006.0,Canada,Canada,High-income
14560,2010.0,United States,United States,High-income
14561,1983.0,Not report,,
14563,2001.0,Italy,Italy,High-income
14564,2009.0,Egypt,Egypt,Lower-middle-income
14565,2010.0,Egypt,Egypt,Lower-middle-income
14566,2016.0,Egypt,Egypt,Lower-middle-income
14567,1996.0,United States,United States,High-income
14569,2011.0,United States,United States,High-income
14571,2011.0,United States,United States,High-income
14572,2006.0,United States,United States,High-income
14573,2014.0,Germany,Germany,High-income
14574,1999.0,Norway,Norway,High-income
14575,1999.0,Not report,,
14576,2012.0,Not report,,
14577,2015.0,United States,United States,High-income
14578,2017.0,"Europe (Ukraine, Bulgaria, Russia, Belarus)",,
14579,1999.0,Not report,,
14580,1997.0,United States,United States,High-income
14581,1998.0,United States,United States,High-income
14582,2003.0,United States,United States,High-income
14583,2008.0,United States,United States,High-income
14584,2008.0,United States,United States,High-income
14585,2008.0,United States,United States,High-income
14586,2004.0,Not report,,
14587,2012.0,China,China,Upper-middle-income
14588,2021.0,China,China,Upper-middle-income
14589,2017.0,China,China,Upper-middle-income
14590,2011.0,Not report,,
14591,2009.0,Brazil,Brazil,Upper-middle-income
14595,2000.0,Not report,,
14596,1997.0,Not report,,
14597,2004.0,United States,United States,High-income
14598,1985.0,Sweden,Sweden,High-income
14599,2005.0,Turkey,Turkey,Upper-middle-income
14600,2022.0,China,China,Upper-middle-income
14601,2006.0,United States,United States,High-income
14603,2003.0,Brazil,Brazil,Lower-middle-income
14605,2004.0,China,China,Lower-middle-income
14609,2008.0,"Poland, United States",,
14612,2010.0,Not report,,
14614,2014.0,Not report,,
14615,2013.0,Not report,,
14617,2013.0,Not report,,
14618,2013.0,Not report,,
14619,2013.0,Not report,,
14623,2015.0,Not report,,
14624,2016.0,Not report,,
14628,2017.0,China,China,Upper-middle-income
14629,2017.0,Not report,,
14631,2018.0,China,China,Upper-middle-income
14632,2018.0,China,China,Upper-middle-income
14634,2019.0,Not report,,
14636,2020.0,China,China,Upper-middle-income
14637,2019.0,China,China,Upper-middle-income
14638,2020.0,Not report,,
14639,2020.0,China,China,Upper-middle-income
14641,2021.0,China,China,Upper-middle-income
14642,2020.0,China,China,Upper-middle-income
14643,2021.0,China,China,Upper-middle-income
14644,2021.0,China,China,Upper-middle-income
14647,2021.0,China,China,Upper-middle-income
14648,2022.0,China,China,Upper-middle-income
14651,2013.0,Not report,,
14653,2016.0,China,China,Upper-middle-income
14654,2020.0,China,China,Upper-middle-income
14656,2022.0,"Poland, Spain, Belgium, UK",,
14657,2021.0,Not report,,
14661,2022.0,China,China,Upper-middle-income
14662,2021.0,China,China,Upper-middle-income
14663,2022.0,China,China,Upper-middle-income
14664,2022.0,Not report,,
14665,2022.0,Not report,,
14667,2006.0,United States,United States,High-income
14669,2011.0,Not report,,
14670,2012.0,Not report,,
14672,2014.0,Not report,,
14674,2018.0,China,China,Upper-middle-income
14677,2021.0,China,China,Upper-middle-income
14678,2021.0,China,China,Upper-middle-income
14679,2020.0,China,China,Upper-middle-income
14680,2020.0,China,China,Upper-middle-income
14681,2022.0,China,China,Upper-middle-income
14690,2022.0,Not report,,
14696,2015.0,Not report,,
14697,2018.0,Not report,,
14698,2018.0,China,China,Upper-middle-income
14700,2021.0,China,China,Upper-middle-income
14709,2017.0,China,China,Upper-middle-income
14711,2018.0,Not report,,
14712,2017.0,Not report,,
14714,2021.0,China,China,Upper-middle-income
14715,2022.0,China,China,Upper-middle-income
14716,2019.0,Not report,,
14717,2020.0,China,China,Upper-middle-income
14722,2015.0,China,China,Upper-middle-income
14726,2017.0,China,China,Upper-middle-income
14728,2018.0,China,China,Upper-middle-income
14729,2019.0,China,China,Upper-middle-income
14731,2020.0,China,China,Upper-middle-income
14732,2021.0,Not report,,
14734,2022.0,China,China,Upper-middle-income
14735,2022.0,Not report,,
14738,2017.0,China,China,Upper-middle-income
14739,2011.0,Not report,,
14741,2022.0,Iran,Iran,Lower-middle-income
14742,2015.0,Italy,Italy,High-income
14743,2022.0,Sweden,Sweden,High-income
14745,2006.0,Germany,Germany,High-income
14746,2010.0,Germany,Germany,High-income
14747,2010.0,Not report,,
14748,2022.0,Poland,Poland,High-income
14749,2008.0,United States,United States,High-income
14751,2004.0,Canada,Canada,High-income
14753,2019.0,Switzerland,Switzerland,High-income
14755,2015.0,"Israel, Paraguay, South Africa",,
14756,1987.0,Germany,Germany,High-income
14758,2011.0,Germany,Germany,High-income
14759,2006.0,Not report,,
14760,1986.0,Not report,,
14761,2001.0,Niger,Niger,Low-income
14763,1991.0,Austria,Austria,High-income
14764,2015.0,Iran,Iran,Upper-middle-income
14766,1993.0,United States,United States,High-income
14767,2015.0,United Kingdom,United Kingdom,High-income
14768,2014.0,Not report,,
14769,2013.0,Not report,,
14771,2007.0,Burkina Faso,Burkina Faso,Low-income
14772,2015.0,Burkina Faso,Burkina Faso,Low-income
14773,2007.0,Burkina Faso,Burkina Faso,Low-income
14774,2020.0,Burkina Faso,Burkina Faso,Low-income
14775,1996.0,Canada,Canada,High-income
14777,1999.0,United States,United States,High-income
14778,2007.0,China,China,Lower-middle-income
14780,2014.0,China,China,Upper-middle-income
14781,2022.0,Not report,,
14782,2005.0,Not report,,
14784,2008.0,Burkina Faso,Burkina Faso,Low-income
14788,2007.0,Germany,Germany,High-income
14789,2008.0,Not report,,
14791,2004.0,Italy,Italy,High-income
14792,2011.0,Italy,Italy,High-income
14794,2019.0,Pakistan,Pakistan,Lower-middle-income
14796,2006.0,Not report,,
14798,2016.0,Canada,Canada,High-income
14799,2016.0,Netherlands,Netherlands,High-income
14801,2003.0,Netherlands,Netherlands,High-income
14802,1991.0,Not report,,
14803,2021.0,North America,,
14808,2022.0,India,India,Lower-middle-income
14811,2021.0,French,,
14812,2013.0,South African,South Africa,Upper-middle-income
14815,2014.0,Not report,,
14817,2007.0,Gabon,Gabon,Upper-middle-income
14818,1996.0,Not report,,
14820,1996.0,United States,United States,High-income
14823,2009.0,Turkey,Turkey,Upper-middle-income
14824,2012.0,Iran,Iran,Upper-middle-income
14828,2022.0,"Asia, Europe, North America",,
14829,2012.0,Not report,,
14831,2007.0,Iran,Iran,Lower-middle-income
14832,2022.0,Iran,Iran,Lower-middle-income
14833,2018.0,Not report,,
14834,1995.0,India,India,Low-income
14835,2000.0,Not report,,
14838,1991.0,Indonesia,Indonesia,Low-income
14839,2014.0,Egypt,Egypt,Lower-middle-income
14842,2012.0,Not report,,
14844,2017.0,Iran,Iran,Upper-middle-income
14846,2015.0,Thailand,Thailand,Upper-middle-income
14851,2009.0,Iran,Iran,Upper-middle-income
14852,2018.0,Not report,,
14856,2008.0,Not report,,
14857,2021.0,Egypt,Egypt,Lower-middle-income
14858,2020.0,Bangladesh,Bangladesh,Lower-middle-income
14859,2009.0,Mexico,Mexico,Upper-middle-income
14861,2020.0,India,India,Lower-middle-income
14862,1998.0,India,India,Low-income
14863,2017.0,Indonesia,Indonesia,Lower-middle-income
14866,2003.0,United States,United States,High-income
14868,2023.0,Not report,,
14870,2022.0,Bangladesh,Bangladesh,Lower-middle-income
14871,2019.0,Pakistan,Pakistan,Lower-middle-income
14872,2017.0,Iran,Iran,Upper-middle-income
14873,2006.0,Nigeria,Nigeria,Low-income
14875,1996.0,Not report,,
14876,2013.0,Thailand,Thailand,Upper-middle-income
14877,2007.0,Not report,,
14878,2022.0,India,India,Lower-middle-income
14879,2017.0,India,India,Lower-middle-income
14880,2015.0,Iran,Iran,Upper-middle-income
14881,2021.0,Egypt,Egypt,Lower-middle-income
14884,2011.0,Nigeria,Nigeria,Lower-middle-income
14886,2021.0,Uganda,Uganda,Low-income
14887,1994.0,Not report,,
14888,2012.0,Korea,South Korea,High-income
14890,2012.0,Iran,Iran,Upper-middle-income
14891,2022.0,Pakistan,Pakistan,Lower-middle-income
14892,2017.0,Nigeria,Nigeria,Lower-middle-income
14893,2008.0,Not report,,
14894,2010.0,Jordan,Jordan,Upper-middle-income
14895,1990.0,Sweden,Sweden,High-income
14896,1995.0,Not report,,
14897,2000.0,Not report,,
14898,2022.0,United States,United States,High-income
14899,1999.0,Not report,,
14901,2006.0,Not report,,
14902,2015.0,Not report,,
14903,2021.0,Côte d’Ivoire,Cote d'Ivoire,Lower-middle-income
14906,1981.0,England and Libya,,
14908,1986.0,Not report,,
14910,2010.0,Not report,,
14912,2014.0,Iran,Iran,Upper-middle-income
14913,2020.0,Sweden,Sweden,High-income
14914,1964.0,Not report,,
14915,2022.0,China,China,Upper-middle-income
14916,2019.0,Not report,,
14917,1993.0,Not report,,
14918,1985.0,Norway,Norway,High-income
14919,1995.0,"Austria (Vienna, Linz, Salzburg)",Austria,High-income
14920,1988.0,South African,South Africa,Upper-middle-income
14921,1987.0,Not report,,
14922,2015.0,Iran,Iran,Upper-middle-income
14923,2011.0,Not report,,
14924,2023.0,Not report,,
14925,2021.0,China,China,Upper-middle-income
14926,1984.0,England,United Kingdom,High-income
14927,2010.0,Sweden,Sweden,High-income
14928,2022.0,India,India,Lower-middle-income
14930,2021.0,Iran,Iran,Lower-middle-income
14931,1996.0,India,India,Low-income
14932,2000.0,United States,United States,High-income
14934,1987.0,Netherlands,Netherlands,High-income
14935,2022.0,Not report,,
14936,2008.0,Not report,,
14937,2016.0,Not report,,
14938,1986.0,Not report,,
14940,2021.0,Not report,,
14941,2022.0,Not report,,
14942,1998.0,Not report,,
14943,2022.0,China,China,Upper-middle-income
14944,1995.0,Not report,,
14945,2012.0,Mali,Mali,Low-income
14946,2022.0,"Australia, Canada, France, Italy, The Netherlands, New Zealand, Turkey, United States",,
14947,2008.0,Turkey,Turkey,Upper-middle-income
14948,2004.0,Not report,,
14949,2014.0,Not report,,
14950,2016.0,Not report,,
14951,2011.0,Thailand,Thailand,Upper-middle-income
14953,1992.0,United States,United States,High-income
14955,2009.0,Pakistan,Pakistan,Lower-middle-income
14956,2003.0,United States,United States,High-income
14960,2011.0,Germany,Germany,High-income
14962,2010.0,"Tunisia, Finland, France, Morocco, Belgium",,
14963,1986.0,Canada,Canada,High-income
14964,1997.0,Canada,Canada,High-income
14965,2015.0,Nicaragua,Nicaragua,Lower-middle-income
14966,1993.0,Not report,,
14967,1994.0,Not report,,
14969,2017.0,Australia,Australia,High-income
14974,2010.0,Not report,,
14975,2002.0,United States,United States,High-income
14976,2022.0,China,China,Upper-middle-income
14977,1983.0,Thailand,Thailand,Lower-middle-income
14978,1995.0,Germany,Germany,High-income
14979,2022.0,México,Mexico,Upper-middle-income
14980,2017.0,"Belgium, Czech Republic, Hong Kong, Hungary, Israel, Italy, Slovakia, South Africa, Spain, Sweden, Ukraine, UK, USA",,
14981,2019.0,South Africa,South Africa,Upper-middle-income
14982,1983.0,Not report,,
14984,2012.0,Not report,,
14985,2022.0,Spain,Spain,High-income
14986,2012.0,Turkey,Turkey,Upper-middle-income
14988,2019.0,United States,United States,High-income
14989,2017.0,Not report,,
14990,2009.0,Brazil,Brazil,Upper-middle-income
14992,2021.0,Not report,,
14993,1975.0,Not report,,
14995,2017.0,Turkey,Turkey,Upper-middle-income
14996,2010.0,Cuba,Cuba,Upper-middle-income
14997,1996.0,Not report,,
15000,2022.0,UK,United Kingdom,High-income
15003,2002.0,Italy,Italy,High-income
15004,1999.0,Italy,Italy,High-income
15008,2012.0,Turkey,Turkey,Upper-middle-income
15009,2015.0,Turkey,Turkey,Upper-middle-income
15011,2015.0,Not report,,
15012,2002.0,Not report,,
15014,2023.0,India,India,Lower-middle-income
15015,2015.0,Thailand,Thailand,Upper-middle-income
15016,2020.0,India,India,Lower-middle-income
15017,2001.0,Not report,,
15019,2016.0,Not report,,
15020,2020.0,Not report,,
15023,2013.0,United States,United States,High-income
15027,2016.0,Not report,,
15028,2018.0,Korea,South Korea,High-income
15029,2021.0,Thailand,Thailand,Upper-middle-income
15030,1981.0,Thailand,Thailand,Lower-middle-income
15031,2009.0,Canada,Canada,High-income
15032,2014.0,India,India,Lower-middle-income
15033,2016.0,Not report,,
15034,2018.0,Hajar,,
15035,2001.0,Bangladesh,Bangladesh,Low-income
15037,2022.0,UK,United Kingdom,High-income
15038,2022.0,United Kingdom,United Kingdom,High-income
15039,2021.0,China,China,Upper-middle-income
15041,2019.0,China,China,Upper-middle-income
15042,2016.0,United States,United States,High-income
15043,2010.0,Not report,,
15044,2022.0,Spain and France,,
15045,2017.0,Italy,Italy,High-income
15046,2017.0,United States,United States,High-income
15047,1986.0,Not report,,
15049,2021.0,"US, Argentina, Australia, Colombia, Hungary, Italy, Mexico,Poland, Republic of Korea, and Ukraine",,
15050,2002.0,Not report,,
15051,1999.0,United States,United States,High-income
15053,2014.0,Finland,Finland,High-income
15054,2003.0,Not report,,
15056,2011.0,Iran,Iran,Upper-middle-income
15057,2021.0,Iran,Iran,Lower-middle-income
15058,2014.0,Iran,Iran,Upper-middle-income
15059,2023.0,Not report,,
15060,1975.0,Not report,,
15061,2022.0,Not report,,
15062,2023.0,"Uganda, Democratic Republic of Congo",,
15063,2022.0,Pakistan,Pakistan,Lower-middle-income
15064,2007.0,Not report,,
15065,2013.0,Not report,,
15066,2020.0,Iran,Iran,Lower-middle-income
15067,2009.0,Bolivia,Bolivia,Lower-middle-income
15068,2008.0,South Africa,South Africa,Upper-middle-income
15069,2000.0,Not report,,
15070,2010.0,Europe,,
15071,2014.0,India,India,Lower-middle-income
15072,2022.0,India,India,Lower-middle-income
15073,2022.0,India,India,Lower-middle-income
15074,2021.0,Not report,,
15075,2021.0,Not report,,
15076,2004.0,Not report,,
15077,1993.0,UK  ,United Kingdom,High-income
15078,1996.0,India,India,Low-income
15079,2015.0,Not report,,
15080,2022.0,"Global (USA, Canada, Europe, Australia, Middle East)",,
15081,2019.0,Sweden,Sweden,High-income
15083,2021.0,Denmark,Denmark,High-income
15084,2000.0,Zambia,Zambia,Low-income
15085,2020.0,China,China,Upper-middle-income
15087,2014.0,Tunisia,Tunisia,Upper-middle-income
15088,2009.0,Tunisia,Tunisia,Lower-middle-income
15089,2012.0,US and Europe,,
15091,2016.0,India,India,Lower-middle-income
15092,2016.0,Not report,,
15093,2001.0,Tanzania,Tanzania,Low-income
15094,2019.0,Poland,Poland,High-income
15095,2013.0,Not report,,
15096,2019.0,Not report,,
15098,2006.0,Not report,,
15099,2017.0,Not report,,
15100,2022.0,Iran,Iran,Lower-middle-income
15101,2017.0,India and Africa,,
15102,2011.0,Thailand,Thailand,Upper-middle-income
15103,2009.0,Brazil,Brazil,Upper-middle-income
15107,2009.0,Not report,,
15108,2009.0,Italy,Italy,High-income
15110,2021.0,Germany,Germany,High-income
15111,2022.0,Not report,,
15112,2017.0,Turkey,Turkey,Upper-middle-income
15114,2015.0,Not report,,
15115,2021.0,"Uganda, Zimbabwe, South Africa, Thailand, Europe",,
15116,2018.0,Not report,,
15117,2022.0,Not report,,
15118,2011.0,Not report,,
15119,2019.0,pakistan,Pakistan,Lower-middle-income
15120,2005.0,Not report,,
15121,2017.0,Japan,Japan,High-income
15122,1988.0,European,,
15129,2007.0,Germany,Germany,High-income
15130,2012.0,Iran,Iran,Upper-middle-income
15131,1993.0,Not report,,
15133,2022.0,United States,United States,High-income
15135,2003.0,Australia,Australia,High-income
15136,2020.0,China,China,Upper-middle-income
15138,1998.0,United States and Puerto Rico,,
15139,1971.0,Not report,,
15140,1999.0,Not report,,
15141,2019.0,Pakistan,Pakistan,Lower-middle-income
15142,2022.0,Sudan,Sudan,Low-income
15143,2013.0,India,India,Lower-middle-income
15144,2019.0,Nigeria,Nigeria,Lower-middle-income
15145,2023.0,India,India,Lower-middle-income
15146,2010.0,Thailand,Thailand,Upper-middle-income
15147,2009.0,Not report,,
15148,2020.0,Iran,Iran,Lower-middle-income
15149,2021.0,Pakistan,Pakistan,Lower-middle-income
15150,2022.0,Not report,,
15151,2020.0,Not report,,
15153,2006.0,Not report,,
15154,1990.0,Not report,,
15155,2022.0,Not report,,
15156,1990.0,Not report,,
15157,1992.0,Not report,,
15158,2004.0,Not report,,
15160,1992.0,Not report,,
15162,2022.0,Not report,,
15163,2020.0,France,France,High-income
15166,2022.0,Romania,Romania,High-income
15167,2004.0,Not report,,
15168,2013.0,Not report,,
15171,2019.0,Iran,Iran,Upper-middle-income
15172,2020.0,Not report,,
15174,2014.0,Not report,,
15175,2019.0,Not report,,
15176,2012.0,Iran,Iran,Upper-middle-income
15177,2019.0,Iran,Iran,Upper-middle-income
15178,2021.0,Iran,Iran,Lower-middle-income
15180,2016.0,India,India,Lower-middle-income
15181,1983.0,United States,United States,High-income
15182,2012.0,Not report,,
15183,2013.0,Not report,,
15184,2022.0,Iran,Iran,Lower-middle-income
15187,2020.0,Iran,Iran,Lower-middle-income
15189,2021.0,Iran,Iran,Lower-middle-income
15190,2010.0,India,India,Lower-middle-income
15191,2007.0,India,India,Lower-middle-income
15194,1979.0,Not report,,
15195,2019.0,Not report,,
15196,2000.0,Netherlands,Netherlands,High-income
15197,1999.0,Netherlands,Netherlands,High-income
15198,1999.0,Netherlands,Netherlands,High-income
15199,2022.0,Japan,Japan,High-income
15201,2020.0,"Austria, Brazil, Germany, India, Israel, Japan, Slovenia, Sweden, Turkey, Ukraine, United States",,
15202,2012.0,Not report,,
15204,2022.0,India,India,Lower-middle-income
15206,1993.0,Switzerland,Switzerland,High-income
15207,2005.0,Not report,,
15208,2022.0,"United States, United Kingdom, Italy, Germany, Canada",,
15209,2006.0,Not report,,
15210,2021.0,India,India,Lower-middle-income
15212,2020.0,Korea,South Korea,High-income
15214,2007.0,Not report,,
15216,2009.0,Not report,,
15217,2019.0,Not report,,
15218,2021.0,India,India,Lower-middle-income
15219,2021.0,Egypt,Egypt,Lower-middle-income
15221,2010.0,Ukraine,Ukraine,Lower-middle-income
15223,2021.0,Finland,Finland,High-income
15225,2010.0,Not report,,
15226,2005.0,Iran,Iran,Lower-middle-income
15228,2012.0,Saudi Arabia,Saudi Arabia,High-income
15231,2021.0,Iran,Iran,Lower-middle-income
15232,2008.0,Not report,,
15233,2017.0,Pakistan,Pakistan,Lower-middle-income
15234,2022.0,Pakistan,Pakistan,Lower-middle-income
15235,2019.0,Not report,,
15238,2018.0,Not report,,
15240,2013.0,Not report,,
15241,2011.0,Not report,,
15242,1994.0,Canada,Canada,High-income
15243,2001.0,France,France,High-income
15245,1998.0,Canada,Canada,High-income
15246,1998.0,Not report,,
15247,1985.0,Not report,,
15248,1995.0,"South Africa, Argentina, France, Israel",,
15249,1998.0,"US, Canada",,
15250,2020.0,Japan,Japan,High-income
15251,2017.0,Not report,,
15252,1998.0,Not report,,
15253,2021.0,Indonesia,Indonesia,Lower-middle-income
15254,2011.0,United States,United States,High-income
15255,2018.0,Poland,Poland,High-income
15257,2014.0,United States,United States,High-income
15259,2017.0,Not report,,
15262,2013.0,United States,United States,High-income
15263,2017.0,India,India,Lower-middle-income
15264,2007.0,India,India,Lower-middle-income
15267,2019.0,Not report,,
15268,2019.0,United States,United States,High-income
15269,2010.0,Not report,,
15271,2016.0,Iran,Iran,Upper-middle-income
15272,2007.0,India,India,Lower-middle-income
15273,2016.0,Not report,,
15274,2013.0,Not report,,
15276,2021.0,Not report,,
15277,2023.0,Not report,,
15280,2013.0,Not report,,
15281,2017.0,Iran,Iran,Upper-middle-income
15282,2020.0,Not report,,
15283,2018.0,"Belgium, Brazil, Canada, Croatia, Czech Republic, Israel, Republic of Macedonia, Poland, Russian Federation, Serbia, Slovenia, South Africa, Spain, and United States",,
15285,1984.0,South Africa,South Africa,Lower-middle-income
15293,2013.0,Iran,Iran,Upper-middle-income
15294,2018.0,Netherlands,Netherlands,High-income
15295,2015.0,Not report,,
15297,2009.0,United States,United States,High-income
15298,1987.0,Canada,Canada,High-income
15300,1983.0,United States,United States,High-income
15301,2022.0,Poland,Poland,High-income
15303,1998.0,United States,United States,High-income
15305,1980.0,Not report,,
15306,1975.0,Not report,,
15312,1996.0,Not report,,
15314,2021.0,Not report,,
15316,1999.0,Not report,,
15317,2011.0,Not report,,
15319,2012.0,Not report,,
15321,2020.0,Not report,,
15322,2009.0,Netherlands,Netherlands,High-income
15323,2008.0,Not report,,
15324,2021.0,India,India,Lower-middle-income
15325,2021.0,Not report,,
15326,2017.0,Not report,,
15327,2010.0,India,India,Lower-middle-income
15329,2020.0,Canada,Canada,High-income
15330,2021.0,Not report,,
15331,2012.0,Not report,,
15332,2009.0,Not report,,
15333,2008.0,Not report,,
15335,1994.0,Not report,,
15336,2021.0,China,China,Upper-middle-income
15337,2002.0,Not report,,
15339,1995.0,United States,United States,High-income
15341,1994.0,Not report,,
15342,2014.0,Iran,Iran,Upper-middle-income
15343,2013.0,Turkey,Turkey,Upper-middle-income
15345,2001.0,Turkey,Turkey,Lower-middle-income
15347,2022.0,Croatia,Croatia,High-income
15350,1996.0,Not report,,
15351,2007.0,Not report,,
15352,2007.0,"Italy, Chile, Argentina, Hungary, Austria, Czech Republic, Belgium, France, Portugal, Germany, Switzerland",,
15353,1989.0,Australia,Australia,High-income
15354,2000.0,Ecuador,Ecuador,Lower-middle-income
15355,2010.0,South African,South Africa,Upper-middle-income
15356,2015.0,South African,South Africa,Upper-middle-income
15357,2022.0,Italy,Italy,High-income
15358,1991.0,United States,United States,High-income
15361,2020.0,Uganda,Uganda,Low-income
15362,1992.0,Not report,,
15363,1991.0,Liberia,Liberia,Low-income
15366,2018.0,England and Wales,,
15367,2000.0,UK,United Kingdom,High-income
15368,2011.0,United States and Canada,,
15370,2022.0,"Asia-Pacific region, Europe, North America",,
15371,2020.0,Canada,Canada,High-income
15375,2022.0,Not report,,
15377,2016.0,UK,United Kingdom,High-income
15378,2020.0,Not report,,
15379,2020.0,Tanzania,Tanzania,Lower-middle-income
15380,2021.0,Tanzania,Tanzania,Lower-middle-income
15381,2020.0,Tanzania,Tanzania,Lower-middle-income
15382,1995.0,United States,United States,High-income
15384,1995.0,"United States(14 centers); Chile(2);Canada(2); and one each in Argentina, Germany, Guatemala, Greece, Mexico and Venezuela.",,
15385,2010.0,Not report,,
15386,2000.0,Italy,Italy,High-income
15388,2002.0,Not report,,
15389,2012.0,Not report,,
15391,2021.0,Not report,,
15393,2022.0,Netherlands,Netherlands,High-income
15394,1988.0,South African,South Africa,Upper-middle-income
15395,2022.0,Burkina Faso,Burkina Faso,Low-income
15396,2021.0,Burkina Faso,Burkina Faso,Low-income
15397,1998.0,Not report,,
15399,2009.0,Australia,Australia,High-income
15400,1987.0,Not report,,
15405,2008.0,United States,United States,High-income
15406,1993.0,Not report,,
15408,2000.0,Italy,Italy,High-income
15409,2007.0,Not report,,
15411,1989.0,Not report,,
15413,2021.0,"Austria, Belgium, Canada, Spain, UK, Israel, Poland, Slovakia, USA，Japan",,
15414,1998.0,Scotland,United Kingdom,High-income
15415,1986.0,Not report,,
15416,1995.0,Not report,,
15420,2020.0,Not report,,
15421,1989.0,Not report,,
15422,2011.0,"Belgium, France and Italy",,
15423,2023.0,Italy,Italy,High-income
15424,2021.0,Netherlands,Netherlands,High-income
15425,2010.0,Malaysia,Malaysia,Upper-middle-income
15426,2009.0,India,India,Lower-middle-income
15427,2017.0,Not report,,
15428,2017.0,Iran,Iran,Upper-middle-income
15429,2022.0,Iran,Iran,Lower-middle-income
15430,2019.0,Iran,Iran,Upper-middle-income
15431,2018.0,Not report,,
15432,1991.0,Not report,,
15433,2013.0,Germany,Germany,High-income
15435,2007.0,Not report,,
15436,2017.0,Not report,,
15437,1974.0,Not report,,
15439,2020.0,United States,United States,High-income
15440,2016.0,"United States, Poland, Slovakia",,
15441,2023.0,USA,United States,High-income
15447,2009.0,United States,United States,High-income
15449,2021.0,Iran,Iran,Lower-middle-income
15453,1992.0,Not report,,
15455,2017.0,Burkina Faso,Burkina Faso,Low-income
15457,2016.0,Syria,Syria,Lower-middle-income
15459,1997.0,Gabon,Gabon,Upper-middle-income
15461,2022.0,European,,
15464,2004.0,Not report,,
15476,1986.0,Netherlands,Netherlands,High-income
15478,2003.0,Not report,,
15479,2006.0,Canada,Canada,High-income
15485,2007.0,Not report,,
15488,2022.0,"Europe, Israel, United States",,
15496,2005.0,United States,United States,High-income
15497,2007.0,"European countries, Australia, South Africa",,
15499,2008.0,India,India,Lower-middle-income
15501,2022.0,Egypt,Egypt,Lower-middle-income
15503,1992.0,Nigeria,Nigeria,Low-income
15504,2006.0,Israel,Israel,High-income
15505,2021.0,Serbia,Serbia,Upper-middle-income
15506,2004.0,United States,United States,High-income
15507,2021.0,Egypt,Egypt,Lower-middle-income
15508,2013.0,Not report,,
15509,2019.0,Not report,,
15510,2022.0,Not report,,
15514,2012.0,Not report,,
15515,2011.0,Not report,,
15517,2019.0,Mexico,Mexico,Upper-middle-income
15518,2021.0,Iran,Iran,Lower-middle-income
15521,2000.0,Mexico,Mexico,Upper-middle-income
15522,1984.0,Not report,,
15524,2012.0,Not report,,
15525,2022.0,"Global (Bulgaria, Hungary, Philippines, Spain, United States)",,
15526,2017.0,Sweden,Sweden,High-income
15527,2021.0,Indonesia,Indonesia,Lower-middle-income
15528,2021.0,Korea,South Korea,High-income
15529,2010.0,Korea,South Korea,High-income
15530,2022.0,Korea,South Korea,High-income
15531,2010.0,Not report,,
15532,2022.0,Australia,Australia,High-income
15533,2023.0,Not report,,
15535,2022.0,China,China,Upper-middle-income
15536,2021.0,China,China,Upper-middle-income
15537,2022.0,China,China,Upper-middle-income
15538,2023.0,China,China,Upper-middle-income
15539,2017.0,Pakistan,Pakistan,Lower-middle-income
15540,1996.0,United States,United States,High-income
15541,2021.0,Not report,,
15545,1999.0,Not report,,
15546,2016.0,China,China,Upper-middle-income
15547,2022.0,Not reported,,
15548,2013.0,Not report,,
15549,2022.0,China,China,Upper-middle-income
15552,2022.0,Estonia,Estonia,High-income
15553,2022.0,China,China,Upper-middle-income
15555,2022.0,China,China,Upper-middle-income
15556,2020.0,China,China,Upper-middle-income
15557,2011.0,Canada,Canada,High-income
15561,2022.0,China,China,Upper-middle-income
15563,2016.0,Iran,Iran,Upper-middle-income
15564,2001.0,Malawi,Malawi,Low-income
15565,2004.0,Iran,Iran,Lower-middle-income
15566,2021.0,India,India,Lower-middle-income
15567,2022.0,Not report,,
15570,2011.0,Brazil,Brazil,Upper-middle-income
15572,2022.0,Not report,,
15573,2017.0,Iran,Iran,Upper-middle-income
15574,2021.0,Tanzania,Tanzania,Lower-middle-income
15575,2014.0,Not report,,
15576,2013.0,Saudi Arabia,Saudi Arabia,High-income
15577,2006.0,Iran,Iran,Lower-middle-income
15578,2022.0,Not report,,
15580,2019.0,Iran,Iran,Upper-middle-income
15581,2022.0,Mali,Mali,Low-income
15582,2016.0,United States,United States,High-income
15584,2020.0,Iraq,Iraq,Upper-middle-income
15585,2004.0,Not report,,
15586,2021.0,Iran,Iran,Lower-middle-income
15587,2000.0,United Kingdom and United States,,
15589,2021.0,Iran,Iran,Lower-middle-income
15590,2016.0,Not report,,
15591,2022.0,"Australia, Canada, Denmark, France, Germany, Israel, Netherlands, Spain, Switzerland, United Kingdom",,
15593,2022.0,Egypt,Egypt,Lower-middle-income
15594,2019.0,Iran,Iran,Upper-middle-income
15596,2022.0,"Europe, Israel, United States",,
15597,2021.0,Bangladesh,Bangladesh,Lower-middle-income
15598,2022.0,Not report,,
15601,1998.0,Sierra Leone,Sierra Leone,Low-income
15604,2021.0,Italy,Italy,High-income
15606,2013.0,Not report,,
15607,2014.0,Not report,,
15609,2021.0,Iran,Iran,Lower-middle-income
15610,2013.0,Iran,Iran,Upper-middle-income
15611,2017.0,Iran,Iran,Upper-middle-income
15612,2012.0,Pakistan,Pakistan,Lower-middle-income
15614,2022.0,Denmark,Denmark,High-income
15615,2012.0,Not report,,
15616,2021.0,Egypt,Egypt,Lower-middle-income
15619,2008.0,Canada,Canada,High-income
15620,2020.0,Not report,,
15621,2008.0,Not report,,
15623,2009.0,Iran,Iran,Upper-middle-income
15624,2009.0,USA,United States,High-income
15625,2013.0,Egypt,Egypt,Lower-middle-income
15626,2017.0,India,India,Lower-middle-income
15629,2017.0,USA,United States,High-income
15631,2006.0,Not report,,
15632,1988.0,Not report,,
15634,2018.0,India,India,Lower-middle-income
15635,2018.0,Not report,,
15636,2005.0,United States and Canada,,
15637,1988.0,Not report,,
15638,1997.0,Not report,,
15642,2013.0,Iran,Iran,Upper-middle-income
15646,2019.0,Not report,,
15648,2021.0,"International, multicenter (Australia and Europe)",,
15649,2021.0,Turkey,Turkey,Upper-middle-income
15651,2005.0,Not report,,
15653,1984.0,Not report,,
15655,2020.0,Pakistan,Pakistan,Lower-middle-income
15656,2015.0,Iran,Iran,Upper-middle-income
15657,2002.0,Slovenia,Slovenia,High-income
15663,2023.0,India,India,Lower-middle-income
15664,1990.0,Not report,,
15665,2008.0,Iran,Iran,Lower-middle-income
15666,2016.0,Not report,,
15667,2022.0,India,India,Lower-middle-income
15669,2016.0,India,India,Lower-middle-income
15670,2017.0,India,India,Lower-middle-income
15671,2011.0,Iran,Iran,Upper-middle-income
15672,2018.0,Not report,,
15673,2007.0,Iran,Iran,Lower-middle-income
15674,2020.0,Not report,,
15676,2001.0,Not report,,
15677,1998.0,Not report,,
15678,2022.0,United States,United States,High-income
15681,2023.0,Not report,,
15682,2021.0,Iran,Iran,Lower-middle-income
15683,2022.0,Not report,,
15684,2022.0,Not report,,
15688,1990.0,South Africa,South Africa,Upper-middle-income
15689,1993.0,Not report,,
15691,2014.0,United States,United States,High-income
15693,1992.0,Not report,,
15695,2022.0,Iran,Iran,Lower-middle-income
15697,1996.0,Israel,Israel,High-income
15698,2021.0,Pakistan,Pakistan,Lower-middle-income
15699,2022.0,Not report,,
15702,1994.0,Not report,,
15703,2016.0,Not report,,
15704,2022.0,Not report,,
15706,2023.0,Not report,,
15707,1989.0,Not report,,
15710,,Italy and Romania,,
15714,1976.0,Not report,,
15715,1994.0,UK,United Kingdom,High-income
15718,2023.0,China,China,Upper-middle-income
15726,2021.0,Poland,Poland,High-income
15728,2022.0,Not report,,
15729,2015.0,China,China,Upper-middle-income
15732,2013.0,Not report,,
15734,2005.0,Italy,Italy,High-income
15736,2008.0,China,China,Lower-middle-income
15744,2017.0,Not report,,
15745,1978.0,Canada,Canada,High-income
15746,2020.0,United States,United States,High-income
15755,1993.0,United States,United States,High-income
15757,2021.0,Canada,Canada,High-income
15762,1993.0,France,France,High-income
15766,2020.0,Not report,,
15770,2021.0,Australia,Australia,High-income
15772,2009.0,Not report,,
15774,2020.0,Egypt,Egypt,Lower-middle-income
15776,2018.0,Sweden,Sweden,High-income
15785,2022.0,Not report,,
15789,2007.0,Not report,,
15794,1994.0,United States,United States,High-income
15798,1990.0,Not report,,
15803,2023.0,"Australia/New Zealand, Austria, Czech Republic, Germany, Israel, Italy, Switzerland",,
15809,1996.0,Saudi Arabia,Saudi Arabia,Upper-middle-income
15811,2023.0,India,India,Lower-middle-income
15814,2023.0,United States,United States,High-income
15815,2023.0,Singapore,Singapore,High-income
15816,2023.0,China,China,Upper-middle-income
15818,2023.0,Not report,,
15819,2023.0,Not report,,
15820,2023.0,Iran,Iran,Upper-middle-income
15862,2023.0,"Austria, France, Hungary, India, Israel, Italy, Japan, Latvia, Russia, Thailand, Ukraine, United States of America",,
15863,2023.0,Not report,,
15865,2023.0,Korea,South Korea,High-income
15866,2023.0,Not report,,
15867,2023.0,United States,United States,High-income
15868,2023.0,France,France,High-income
15869,2023.0,United States,United States,High-income
15871,2023.0,China,China,Upper-middle-income
15872,2023.0,Not report,,
15873,2023.0,Iran,Iran,Upper-middle-income
15874,2023.0,Not report,,
15875,2023.0,Not report,,
15876,2023.0,Not report,,
15877,2023.0,The Netherlands and Belgium,,
15879,2023.0,Australia,Australia,High-income
15891,2022.0,Indonesia,Indonesia,Upper-middle-income
15897,2022.0,Not report,,
15901,2023.0,India,India,Lower-middle-income
15902,2023.0,United States and Canada,,
15903,2023.0,Italy,Italy,High-income
15904,2023.0,Not report,,
15906,2022.0,China,China,Upper-middle-income
15909,2022.0,Pakistan,Pakistan,Lower-middle-income
15913,2022.0,China,China,Upper-middle-income
15916,2022.0,Korea,South Korea,High-income
15917,2022.0,United States,United States,High-income
15918,2022.0,United States,United States,High-income
15919,2023.0,Spain,Spain,High-income
15923,2022.0,"South Africa, Uganda, Zimbabwe, Thailand",,
15924,2019.0,UK,United Kingdom,High-income
15925,2021.0,Greece,Greece,High-income
15928,2021.0,"Bulgaria, Finland, Hungary, Poland, Romania, Russia, Serbia, South Africa, and Ukraine",,
15929,2020.0,United States,United States,High-income
15930,2022.0,Not report,,
15932,2022.0,Not report,,
15933,2022.0,India,India,Lower-middle-income
15937,2022.0,China,China,Upper-middle-income
15938,2022.0,Australia,Australia,High-income
15942,2022.0,Indonesia,Indonesia,Upper-middle-income
15947,2022.0,Netherlands,Netherlands,High-income
15948,2022.0,Canada,Canada,High-income
15949,2022.0,Spain,Spain,High-income
15950,2022.0,Sweden,Sweden,High-income
15955,2022.0,Egypt,Egypt,Lower-middle-income
15956,2022.0,Egypt,Egypt,Lower-middle-income
15958,2022.0,Iran,Iran,Lower-middle-income
15961,2020.0,"North America, Latin America, Europe, and the Asia–Pacific region",,
15962,2022.0,"North America, Europe, Latin America, Asia Pacific and South Africa",,
15963,2022.0,Not report,,
15965,2023.0,Not report,,
15966,2022.0,Austria,Austria,High-income
15968,2022.0,Not report,,
15969,2022.0,India,India,Lower-middle-income
15971,2022.0,Turkey,Turkey,Upper-middle-income
15974,2022.0,Not report,,
15976,2022.0,India,India,Lower-middle-income
15977,2022.0,Netherlands,Netherlands,High-income
15980,2022.0,Egypt,Egypt,Lower-middle-income
15983,2022.0,Korea,South Korea,High-income
15986,2022.0,Not report,,
15987,2022.0,India,India,Lower-middle-income
15988,2022.0,Finland,Finland,High-income
15991,2023.0,India,India,Lower-middle-income
15992,2022.0,India,India,Lower-middle-income
15998,2022.0,Iran,Iran,Lower-middle-income
16000,2022.0,India,India,Lower-middle-income
16007,2022.0,India,India,Lower-middle-income
16011,2022.0,Not report,,
16014,2022.0,Not report,,
16017,2022.0,United States,United States,High-income
16018,2022.0,Not report,,
16025,2022.0,"Asia, Europe, and South America",,
16027,2023.0,Not report,,
16028,2022.0,Australia and New Zealand,,
16030,2023.0,United States,United States,High-income
16031,2022.0,China,China,Upper-middle-income
16033,2022.0,Brazil,Brazil,Upper-middle-income
16034,2023.0,Not report,,
16035,2022.0,India,India,Lower-middle-income
16037,2022.0,China,China,Upper-middle-income
16041,2022.0,Iran,Iran,Lower-middle-income
16050,2022.0,Not report,,
16052,2022.0,Not report,,
16056,2022.0,Not report,,
16058,2022.0,Not report,,
16059,2021.0,Not report,,
16061,2022.0,Not report,,
16067,2022.0,Not report,,
16069,2022.0,India,India,Lower-middle-income
16070,2022.0,India,India,Lower-middle-income
16073,2022.0,Not report,,
16074,2022.0,Not report,,
16075,2022.0,Malawi,Malawi,Low-income
16076,2023.0,China,China,Upper-middle-income
16077,2022.0,"Ghana, Kenya, South Africa, Tanzania, Uganda, Egypt, Lebanon, Turkey, India, Belgium, Greece, Italy, Spain, United Kingdom, United States, Brazil",,
16078,2023.0,Not report,,
16079,2022.0,Not report,,
16080,2022.0,Not report,,
16082,2022.0,China,China,Upper-middle-income
16083,2022.0,China,China,Upper-middle-income
16086,2022.0,Not report,,
16087,2022.0,Not report,,
16088,2022.0,Egypt,Egypt,Lower-middle-income
16089,2022.0,Egypt,Egypt,Lower-middle-income
16091,2022.0,Egypt,Egypt,Lower-middle-income
16092,2022.0,Canada,Canada,High-income
16093,2022.0,Not report,,
16094,2022.0,India,India,Lower-middle-income
16095,2022.0,India,India,Lower-middle-income
16099,2022.0,Egypt,Egypt,Lower-middle-income
16100,2022.0,Not report,,
16102,2022.0,Australia,Australia,High-income
16103,2023.0,Not report,,
16104,2022.0,Not report,,
16105,2022.0,India,India,Lower-middle-income
16106,2023.0,Not report,,
16108,2023.0,United States,United States,High-income
16110,2022.0,India,India,Lower-middle-income
16112,2022.0,Not report,,
16113,2022.0,Not report,,
16114,2022.0,Not report,,
16116,2022.0,United Kingdom,United Kingdom,High-income
16117,2022.0,India,India,Lower-middle-income
16122,2022.0,Not report,,
16127,2022.0,Not report,,
16134,2022.0,Egypt,Egypt,Lower-middle-income
16142,2023.0,"North America, Europe, Asia, and Australia",,
16146,2022.0,Europe and North America,,
16153,2023.0,India,India,Lower-middle-income
16154,2022.0,Not report,,
16156,2022.0,Denmark,Denmark,High-income
16157,2022.0,Iran,Iran,Lower-middle-income
16159,2022.0,"United States, Canada, Europe, Middle East",,
16162,2022.0,Egypt,Egypt,Lower-middle-income
16166,2022.0,Saudi Arabia,Saudi Arabia,High-income
16173,2022.0,Iran,Iran,Lower-middle-income
16175,2022.0,India,India,Lower-middle-income
16176,2022.0,Iran,Iran,Lower-middle-income
16179,2022.0,United States,United States,High-income
16180,2017.0,Not report,,
16191,2022.0,Iran,Iran,Lower-middle-income
16194,2022.0,Egypt,Egypt,Lower-middle-income
16195,2022.0,Egypt,Egypt,Lower-middle-income
16196,2022.0,Egypt,Egypt,Lower-middle-income
16198,2022.0,United States,United States,High-income
16204,2022.0,Thailand,Thailand,Upper-middle-income
16252,2021.0,Nigeria,Nigeria,Lower-middle-income
16253,2021.0,United States,United States,High-income
16255,2021.0,Spain,Spain,High-income
16256,2021.0,Spain,Spain,High-income
16274,2021.0,Iran,Iran,Lower-middle-income
16277,2021.0,China,China,Upper-middle-income
16278,2021.0,Not report,,
16281,2020.0,Spain,Spain,High-income
16287,2021.0,Indonesia,Indonesia,Lower-middle-income
16292,2021.0,Democratic People's Republic of Korea,North Korea,Low-income
16294,2021.0,United States,United States,High-income
16297,2021.0,India,India,Lower-middle-income
16303,2023.0,Bangladesh,Bangladesh,Lower-middle-income
16304,2021.0,Venezuela,Venezuela,Upper-middle-income
16306,2021.0,Not report,,
16307,2001.0,Not report,,
16313,2021.0,Not report,,
16325,2021.0,United States,United States,High-income
16338,2021.0,Not report,,
16340,2020.0,Egypt,Egypt,Lower-middle-income
16342,2020.0,Not report,,
16343,2021.0,Pakistan,Pakistan,Lower-middle-income
16349,2022.0,Not report,,
16350,2021.0,United States,United States,High-income
16354,2021.0,Not report,,
16355,2021.0,China,China,Upper-middle-income
16367,2021.0,Not report,,
16368,2021.0,Not report,,
16372,2020.0,Not report,,
16373,2021.0,Not report,,
16375,2021.0,China,China,Upper-middle-income
16381,2020.0,Netherlands,Netherlands,High-income
16385,2021.0,Not report,,
16386,2021.0,Not report,,
16387,2021.0,England,United Kingdom,High-income
16396,2021.0,"Germany, Belgium, Brazil, Guatemala, Hungary, Poland, France, Italy and Lithuania",,
16415,2021.0,India,India,Lower-middle-income
16426,2021.0,Poland,Poland,High-income
16427,2021.0,Iran,Iran,Lower-middle-income
16428,2021.0,Not report,,
16436,2021.0,Not report,,
16440,2021.0,United States,United States,High-income
16452,2021.0,United States,United States,High-income
16453,2021.0,Iran,Iran,Lower-middle-income
16457,2021.0,China,China,Upper-middle-income
16464,2021.0,Egypt,Egypt,Lower-middle-income
16496,2020.0,Egypt,Egypt,Lower-middle-income
16500,2020.0,Egypt,Egypt,Lower-middle-income
16510,2020.0,India,India,Lower-middle-income
16516,2020.0,Not report,,
16519,2020.0,Not report,,
16526,2020.0,India,India,Lower-middle-income
16529,2022.0,Not report,,
16533,2020.0,Brazil,Brazil,Upper-middle-income
16534,2020.0,"North America, Latin America, Europe, and the Asia–Pacific region",,
16535,2020.0,Indonesia,Indonesia,Lower-middle-income
16536,2019.0,UK,United Kingdom,High-income
16538,2020.0,South Africa,South Africa,Upper-middle-income
16539,2020.0,Iran,Iran,Lower-middle-income
16546,2023.0,Pakistan,Pakistan,Lower-middle-income
16548,2020.0,Japan,Japan,High-income
16549,2020.0,Turkey,Turkey,Upper-middle-income
16550,2020.0,China,China,Upper-middle-income
16565,2020.0,India,India,Lower-middle-income
16566,2020.0,China,China,Upper-middle-income
16571,2021.0,India,India,Lower-middle-income
16575,2020.0,UK,United Kingdom,High-income
16583,2020.0,Italy,Italy,High-income
16586,2020.0,China,China,Upper-middle-income
16587,2020.0,Not report,,
16597,2020.0,Not report,,
16599,2020.0,Pakistan,Pakistan,Lower-middle-income
16603,2020.0,Turkey,Turkey,Upper-middle-income
16607,2020.0,Indonesia,Indonesia,Lower-middle-income
16614,2020.0,India,India,Lower-middle-income
16615,2020.0,Not report,,
16624,2020.0,Not report,,
16625,2020.0,Not report,,
16636,2020.0,Egypt,Egypt,Lower-middle-income
16647,2020.0,Egypt,Egypt,Lower-middle-income
16651,2020.0,Mexico,Mexico,Upper-middle-income
16654,2020.0,Pakistan,Pakistan,Lower-middle-income
16668,2020.0,India,India,Lower-middle-income
16674,2019.0,United States,United States,High-income
16684,2019.0,Italy,Italy,High-income
16695,2019.0,Not report,,
16697,2019.0,Not report,,
16700,2019.0,Not report,,
16707,2019.0,Not report,,
16708,2019.0,UK,United Kingdom,High-income
16710,2019.0,Iran,Iran,Upper-middle-income
16715,2019.0,Turkey,Turkey,Upper-middle-income
16728,2019.0,Not report,,
16729,2019.0,Not report,,
16731,2019.0,Iran,Iran,Upper-middle-income
16740,2019.0,Pakistan,Pakistan,Lower-middle-income
16746,2020.0,India,India,Lower-middle-income
16747,2019.0,Not report,,
16748,2019.0,India,India,Lower-middle-income
16759,2019.0,China,China,Upper-middle-income
16765,2019.0,England and Wales,,
16778,2019.0,Turkey,Turkey,Upper-middle-income
16781,2019.0,Not report,,
16788,2019.0,Not report,,
16793,2019.0,Iran,Iran,Upper-middle-income
16879,2018.0,Pakistan,Pakistan,Lower-middle-income
16881,2017.0,Korea,South Korea,High-income
16882,2018.0,India,India,Lower-middle-income
16887,2018.0,Not report,,
16889,2018.0,Japan,Japan,High-income
16893,2018.0,India,India,Lower-middle-income
16894,2018.0,Italy,Italy,High-income
16903,2018.0,Not report,,
16923,2018.0,India,India,Lower-middle-income
16924,2018.0,Not report,,
16939,2018.0,Egypt,Egypt,Lower-middle-income
16948,2018.0,Iran,Iran,Upper-middle-income
16949,2019.0,Pakistan,Pakistan,Lower-middle-income
16956,2018.0,Not report,,
16999,2017.0,India,India,Lower-middle-income
17007,2017.0,Italy,Italy,High-income
17013,2017.0,China,China,Upper-middle-income
17022,2017.0,Not report,,
17030,2017.0,Egypt,Egypt,Lower-middle-income
17036,2017.0,Not report,,
17037,2017.0,India,India,Lower-middle-income
17039,2017.0,Not report,,
17046,2017.0,Netherlands,Netherlands,High-income
17047,2016.0,Not report,,
17054,2017.0,Canada,Canada,High-income
17062,2017.0,China,China,Upper-middle-income
17065,2017.0,China,China,Upper-middle-income
17066,2017.0,China,China,Upper-middle-income
17092,2017.0,India,India,Lower-middle-income
17174,2016.0,Israel,Israel,High-income
17184,2016.0,Not report,,
17190,2016.0,Not report,,
17200,2016.0,Not report,,
17226,2016.0,Pakistan,Pakistan,Lower-middle-income
17230,2016.0,Not report,,
17233,2016.0,Netherlands,Netherlands,High-income
17234,2016.0,United States,United States,High-income
17235,2016.0,Iran,Iran,Upper-middle-income
17245,2016.0,Thailand,Thailand,Upper-middle-income
17249,2016.0,China,China,Upper-middle-income
17292,2016.0,Not report,,
17304,2020.0,Guinea,Guinea,Low-income
17321,2010.0,Not report,,
17326,2013.0,United States,United States,High-income
17352,2015.0,Not report,,
17353,2015.0,Not report,,
17355,2015.0,Not report,,
17361,2015.0,Not report,,
17364,2015.0,United States and Australia,,
17366,2015.0,Not report,,
17377,2017.0,"Belgium, Canada, Chile, Czech Republic, Germany, Hungary, Italy, Mexico, Netherlands, Poland, Spain, Switzerland, Turkey",,
17382,2015.0,Not report,,
17432,2014.0,Italy,Italy,High-income
17433,2014.0,Central African Republic,Central African Republic,Low-income
17439,2014.0,Italy,Italy,High-income
17444,2014.0,Australia and New Zealand,,
17450,2014.0,Netherlands,Netherlands,High-income
17451,2014.0,Iran,Iran,Upper-middle-income
17465,2014.0,India,India,Lower-middle-income
17479,2014.0,Not report,,
17484,2014.0,Saudi Arabia,Saudi Arabia,High-income
17493,2014.0,Not report,,
17500,2014.0,UK,United Kingdom,High-income
17501,2014.0,South African,South Africa,Upper-middle-income
17508,2014.0,Egypt,Egypt,Lower-middle-income
17512,2019.0,Not report,,
17539,2015.0,"Chile, Costa Rica, Peru, Philippines, Russian Federation, Serbia, South Africa, Switzerland, Ukraine, United States",,
17542,2018.0,Not report,,
17565,2013.0,Not report,,
17566,2013.0,Iran,Iran,Upper-middle-income
17567,2013.0,Turkey,Turkey,Upper-middle-income
17592,2013.0,Not report,,
17599,2013.0,Iran,Iran,Upper-middle-income
17607,2013.0,Not report,,
17609,2013.0,Indonesia,Indonesia,Lower-middle-income
17614,2013.0,England and Scotland,,
17615,2013.0,Not report,,
17616,2013.0,China,China,Upper-middle-income
17620,2013.0,Not report,,
17624,2013.0,United States,United States,High-income
17625,2013.0,Bangladesh,Bangladesh,Low-income
17639,2013.0,Brazil,Brazil,Upper-middle-income
17647,2013.0,Korea,South Korea,High-income
17668,2013.0,Germany,Germany,High-income
17699,2012.0,United States,United States,High-income
17703,2012.0,Not report,,
17711,2012.0,Not report,,
17722,2012.0,Iran,Iran,Upper-middle-income
17732,2012.0,Iran,Iran,Upper-middle-income
17735,2012.0,Not report,,
17757,2012.0,Not report,,
17777,2012.0,Not report,,
17836,2010.0,Not report,,
17841,2011.0,Not report,,
17848,2011.0,Brazil,Brazil,Upper-middle-income
17849,2011.0,Brasil,Brazil,Upper-middle-income
17852,2011.0,Not report,,
17859,2011.0,Not report,,
17862,2011.0,Turkey,Turkey,Upper-middle-income
17873,2011.0,Bangladesh,Bangladesh,Low-income
17876,2011.0,Not report,,
17883,2011.0,United States,United States,High-income
17890,2011.0,Not report,,
17895,2011.0,Turkey,Turkey,Upper-middle-income
17907,2011.0,Not report,,
17922,2011.0,Not report,,
17931,2011.0,Not report,,
17945,2010.0,Israel,Israel,High-income
17946,2010.0,United States,United States,High-income
17947,2010.0,United States,United States,High-income
17962,2010.0,Not report,,
17968,2010.0,Not report,,
17969,2010.0,India,India,Lower-middle-income
17972,2010.0,Poland,Poland,High-income
17974,2010.0,Not report,,
17982,2010.0,Not report,,
17983,2010.0,Not report,,
17984,2010.0,Not report,,
17986,2010.0,United States,United States,High-income
18020,2009.0,Iran,Iran,Upper-middle-income
18022,2009.0,Turkey,Turkey,Upper-middle-income
18023,2009.0,India,India,Lower-middle-income
18029,2009.0,Thailand,Thailand,Lower-middle-income
18032,2009.0,Not report,,
18034,2009.0,Not report,,
18037,2009.0,United States,United States,High-income
18039,2009.0,Not report,,
18044,2009.0,India,India,Lower-middle-income
18056,2009.0,Iran,Iran,Upper-middle-income
18065,2009.0,Iran,Iran,Upper-middle-income
18066,2009.0,Not report,,
18067,2009.0,China,China,Lower-middle-income
18110,2008.0,United States,United States,High-income
18111,2008.0,United States,United States,High-income
18114,2008.0,Not report,,
18115,2008.0,Europe,,
18121,2008.0,United States and Canada,,
18122,2008.0,Bangladesh,Bangladesh,Low-income
18123,2008.0,Venezuela,Venezuela,Upper-middle-income
18124,2008.0,Italy,Italy,High-income
18128,2008.0,Thailand,Thailand,Lower-middle-income
18131,2008.0,Turkey,Turkey,Upper-middle-income
18133,2008.0,Not report,,
18135,2008.0,Turkey,Turkey,Upper-middle-income
18160,2008.0,United States,United States,High-income
18165,2008.0,United States,United States,High-income
18167,2008.0,Iran,Iran,Lower-middle-income
18172,2008.0,Iran,Iran,Lower-middle-income
18175,2008.0,United States,United States,High-income
18177,2008.0,Saudi Arabia,Saudi Arabia,High-income
18178,2008.0,Qatar,Qatar,High-income
18179,2008.0,Not report,,
18182,2008.0,Not report,,
18222,2007.0,Brazil,Brazil,Upper-middle-income
18225,2007.0,Not report,,
18227,2007.0,Not report,,
18228,2007.0,Not report,,
18229,2007.0,Not report,,
18231,2007.0,Not report,,
18232,2007.0,Not report,,
18233,2007.0,Not report,,
18234,2007.0,Not report,,
18235,2007.0,Not report,,
18245,2007.0,Not report,,
18246,2007.0,Jordan,Jordan,Lower-middle-income
18253,2007.0,China,China,Lower-middle-income
18261,2007.0,France,France,High-income
18296,2006.0,Not report,,
18301,2006.0,Thailand,Thailand,Lower-middle-income
18304,2006.0,Not report,,
18306,2006.0,Thailand,Thailand,Lower-middle-income
18311,2006.0,Not report,,
18312,2006.0,United States,United States,High-income
18318,2006.0,Not report,,
18323,2006.0,Not report,,
18332,2006.0,Czech Republic,Czechia,High-income
18338,2006.0,Not report,,
18341,2006.0,Canada,Canada,High-income
18366,2005.0,Not report,,
18369,2005.0,Not report,,
18370,2005.0,Not report,,
18375,2005.0,Not report,,
18377,2005.0,Not report,,
18380,2005.0,Not report,,
18385,2005.0,Tanzania,Tanzania,Low-income
18386,2005.0,U.S.,United States,High-income
18393,2005.0,China,China,Lower-middle-income
18394,2005.0,Italy,Italy,High-income
18404,2005.0,Thailand,Thailand,Lower-middle-income
18426,2004.0,Canada,Canada,High-income
18427,2004.0,United States,United States,High-income
18429,2004.0,Europe,,
18432,2004.0,Saudi Arabia,Saudi Arabia,High-income
18438,2004.0,United States,United States,High-income
18439,2004.0,United States,United States,High-income
18440,2004.0,Thailand,Thailand,Lower-middle-income
18442,2004.0,United States,United States,High-income
18444,2004.0,Not report,,
18449,2005.0,China,China,Lower-middle-income
18451,2004.0,Not report,,
18452,2004.0,Puerto Rico,Puerto Rico,High-income
18454,2004.0,United States,United States,High-income
18464,2004.0,Not report,,
18470,2004.0,Not report,,
18472,2004.0,Not report,,
18476,2004.0,Nigeria,Nigeria,Low-income
18507,2003.0,Not report,,
18509,2003.0,Europe,,
18513,2003.0,México,Mexico,Upper-middle-income
18516,2003.0,Netherlands,Netherlands,High-income
18518,2003.0,Not report,,
18519,2003.0,Not report,,
18524,2003.0,Not report,,
18531,2003.0,United States,United States,High-income
18533,2003.0,Not report,,
18534,2003.0,China,China,Lower-middle-income
18537,2003.0,Not report,,
18538,2003.0,United States,United States,High-income
18539,2003.0,UK,United Kingdom,High-income
18541,2003.0,Not report,,
18574,2003.0,Not report,,
18585,2002.0,India,India,Low-income
18587,2002.0,Not report,,
18592,2002.0,Not report,,
18594,2002.0,Germany,Germany,High-income
18597,2002.0,India,India,Low-income
18598,2002.0,Bangladesh,Bangladesh,Low-income
18599,2002.0,Sudan,Sudan,Low-income
18605,2002.0,Not report,,
18608,2002.0,Guinea-Bissau,Guinea-Bissau,Low-income
18612,2002.0,United States,United States,High-income
18620,2002.0,Not report,,
18627,2002.0,Not report,,
18631,2002.0,Sweden,Sweden,High-income
18632,2002.0,United States,United States,High-income
18633,2002.0,Mexico,Mexico,Upper-middle-income
18646,2002.0,Iran,Iran,Lower-middle-income
18653,2002.0,Not report,,
18689,2001.0,Not report,,
18691,2001.0,Not report,,
18697,2001.0,Not report,,
18699,2001.0,Not report,,
18700,2001.0,Not report,,
18705,2001.0,Not report,,
18711,2001.0,Brazil,Brazil,Upper-middle-income
18719,2001.0,Not report,,
18720,2001.0,Not report,,
18721,2001.0,Not report,,
18724,2001.0,United States,United States,High-income
18729,2001.0,Not report,,
18732,2001.0,UK,United Kingdom,High-income
18733,2001.0,Canada,Canada,High-income
18734,2001.0,Not report,,
18735,2002.0,United Kingdom,United Kingdom,High-income
18736,2001.0,Netherlands,Netherlands,High-income
18737,2001.0,Not report,,
18741,2001.0,Not report,,
18750,2001.0,Not report,,
18754,2001.0,Netherlands,Netherlands,High-income
18757,2001.0,Not report,,
18758,2001.0,Not report,,
18760,2001.0,China,China,Lower-middle-income
18762,2001.0,Nigeria,Nigeria,Low-income
18770,2001.0,Not report,,
18802,2000.0,United States,United States,High-income
18807,2000.0,Not report,,
18808,2000.0,South African,South Africa,Upper-middle-income
18812,2000.0,Not report,,
18818,2000.0,"UK, France",,
18819,2000.0,Not report,,
18821,2000.0,Finland,Finland,High-income
18823,2000.0,Scotland,United Kingdom,High-income
18829,2000.0,Not report,,
18841,2000.0,Israel,Israel,High-income
18842,2000.0,Israel,Israel,High-income
18845,2000.0,U.S.,United States,High-income
18847,2000.0,Not report,,
18850,2000.0,"Argentina, Chile, Uruguay, Australia, New Zealand, Canada, Israel, United States",,
18852,2000.0,Turkey,Turkey,Upper-middle-income
18856,2000.0,Not report,,
18860,2000.0,Canada,Canada,High-income
18861,2000.0,Not report,,
18862,2000.0,India,India,Low-income
18911,1999.0,Germany,Germany,High-income
18913,1999.0,"The Netherlands, Great Britain, France, Spain, Norway",,
18916,1999.0,Vietnam,Vietnam,Low-income
18921,1999.0,Malaysia,Malaysia,Upper-middle-income
18931,1999.0,Not report,,
18932,1999.0,Not report,,
18936,1999.0,Not report,,
18939,1999.0,Not report,,
18944,1999.0,Haiti,Haiti,Low-income
18946,1999.0,Not report,,
18956,1999.0,India,India,Low-income
18989,1999.0,Not report,,
18993,1999.0,Kenya,Kenya,Low-income
18996,1999.0,Not report,,
19002,1999.0,United States and France,,
19094,1998.0,Not report,,
19096,1996.0,Denmark,Denmark,High-income
19102,1998.0,Not report,,
19103,1998.0,Canada,Canada,High-income
19111,1998.0,"Nordic countries (Sweden, Finland, Denmark and Norway)",,
19129,1998.0,European,,
19155,1998.0,Not report,,
19158,1998.0,Not report,,
19178,1998.0,Not report,,
19194,1998.0,Indonesia,Indonesia,Low-income
19256,1997.0,Not report,,
19264,1997.0,Not report,,
19274,1997.0,Not report,,
19282,1997.0,Libya,Libya,Upper-middle-income
19283,1997.0,Finland,Finland,High-income
19292,1997.0,Not report,,
19297,1997.0,Italy,Italy,High-income
19301,1997.0,Not report,,
19312,1997.0,Not report,,
19431,1996.0,Not report,,
19445,1997.0,Not report,,
19446,1996.0,Not report,,
19449,1996.0,Not report,,
19451,1996.0,Finland,Finland,High-income
19454,1996.0,United States,United States,High-income
19456,1996.0,Not report,,
19458,1996.0,Not report,,
19460,1996.0,United States,United States,High-income
19462,1996.0,UK,United Kingdom,High-income
19479,1996.0,Not report,,
19487,1996.0,Canada,Canada,High-income
19491,1996.0,Not report,,
19496,1996.0,Not report,,
19499,1996.0,United States,United States,High-income
19507,1996.0,France and Belgium,,
19536,1996.0,Not report,,
19541,1996.0,United States,United States,High-income
19639,1995.0,Not report,,
19640,1995.0,Not report,,
19646,1995.0,"France, Belgium, Germany and South Africa",,
19666,1995.0,Not report,,
19673,1995.0,Mozambique,Mozambique,Low-income
19686,1995.0,Belgium,Belgium,High-income
19697,1995.0,Not report,,
19796,1994.0,United States,United States,High-income
19813,1994.0,"France, Belgium",,
19837,1994.0,United Kingdom,United Kingdom,High-income
19839,1994.0,United States,United States,High-income
19842,1994.0,Not report,,
19852,1994.0,United States,United States,High-income
19867,1994.0,United States,United States,High-income
19991,1993.0,Not report,,
19997,1993.0,Not report,,
20007,1993.0,Mozambique,Mozambique,Low-income
20012,1993.0,United States,United States,High-income
20013,1993.0,United States,United States,High-income
20026,1993.0,Not report,,
20029,1993.0,Not report,,
20030,1993.0,Not report,,
20031,1993.0,United States,United States,High-income
20037,1993.0,Not report,,
20041,1993.0,United States,United States,High-income
20045,1993.0,United States,United States,High-income
20067,1993.0,United States and Finland,,
20079,1993.0,United States,United States,High-income
20146,1992.0,Finland,Finland,High-income
20150,1992.0,Canada,Canada,High-income
20154,1992.0,Not report,,
20158,1992.0,Canada,Canada,High-income
20162,1992.0,Not report,,
20165,1992.0,European,,
20194,1992.0,Not report,,
20266,1991.0,Not report,,
20278,1991.0,United States,United States,High-income
20415,1990.0,Australia,Australia,High-income
20421,1990.0,United States,United States,High-income
20423,1990.0,United States,United States,High-income
20432,1990.0,Not report,,
20437,1990.0,Not report,,
20446,1990.0,United States,United States,High-income
20455,1990.0,China,China,Low-income
20548,1989.0,Not report,,
20580,1989.0,Papua New Guinea,Papua New Guinea,Lower-middle-income
20588,1989.0,United States,United States,High-income
20604,1989.0,Not report,,
20633,1989.0,Not report,,
20653,1989.0,Not report,,
20691,1988.0,Mozambique,Mozambique,Low-income
20702,1988.0,Not report,,
20780,1987.0,Canada,Canada,High-income
20873,1986.0,United States,United States,High-income
20875,1986.0,"United States, Dominican Republic",,
20881,1986.0,Not report,,
20887,1986.0,United States,United States,High-income
20950,1986.0,Not report,,
20965,1985.0,Not report,,
20973,1985.0,United States,United States,High-income
20978,1985.0,United States,United States,High-income
20991,1985.0,Not report,,
20993,1985.0,Not report,,
20998,1985.0,United States,United States,High-income
21070,1984.0,United States,United States,High-income
21072,1984.0,Not report,,
21082,1984.0,United Kingdom,United Kingdom,High-income
21089,1984.0,Not report,,
21092,1984.0,Not report,,
21097,1984.0,United States,United States,High-income
21101,1984.0,Not report,,
21169,1983.0,Not report,,
21192,1983.0,Not report,,
21273,1982.0,Not report,,
21284,1982.0,Not report,,
21291,1982.0,Not report,,
21351,1981.0,Thailand,Thailand,Lower-middle-income
21419,1980.0,Not report,,
21421,1980.0,Not report,,
21428,1980.0,United States,United States,High-income
21435,1980.0,United States,United States,High-income
21436,1980.0,United States,United States,High-income
21494,1979.0,Not report,,
21786,1973.0,South African,South Africa,Lower-middle-income
21787,1973.0,Not report,,
21894,2015.0,United States,United States,High-income
21979,2011.0,"United Kingdom, Scandinavia, northern Europe, southern Europe",,
22109,2002.0,Not report,,
22110,2011.0,Not report,,
22114,2007.0,Not report,,
22115,2013.0,United States,United States,High-income
22119,1991.0,Not report,,
22139,2018.0,United States,United States,High-income
22156,2017.0,Not report,,
22161,2015.0,Japan,Japan,High-income
22166,2013.0,Not report,,
22173,2015.0,Not report,,
22174,1999.0,Not report,,
22175,1997.0,Not report,,
22176,2001.0,United States,United States,High-income
22178,1990.0,Not report,,
22179,2001.0,Not report,,
22180,2008.0,United States,United States,High-income
22182,2011.0,United States,United States,High-income
22187,2014.0,Not report,,
22188,2014.0,Not report,,
22198,2022.0,Not report,,
22209,2012.0,Venezuela,Venezuela,Upper-middle-income
22223,2007.0,United States,United States,High-income
22253,2021.0,Not report,,
22256,2009.0,Not report,,
22298,1971.0,Not report,,
22299,1992.0,Not report,,
22302,2016.0,Iran,Iran,Upper-middle-income
22305,1983.0,Not report,,
22310,2020.0,Germany and Switzerland,,
22313,1992.0,Not report,,
22319,2017.0,United States,United States,High-income
22320,2019.0,"Argentina, Belgium, Brazil, Czech Republic, France, Ireland, Israel, Italy, Norway, Switzerland, Slovenia, Spain, the Netherlands, and the UK",,
22321,2018.0,"Belgium, Brazil, Czech Republic, France, Israel, Italy, Norway, Slovakia, Slovenia, Spain, Switzerland, Netherlands, UK, and Ireland",,
22328,2010.0,Not report,,
22339,1998.0,Argentina,Argentina,Upper-middle-income
22369,2004.0,Not report,,
22371,1986.0,Not report,,
22379,2018.0,United States,United States,High-income
22380,2012.0,China,China,Upper-middle-income
22382,2003.0,United States,United States,High-income
22455,1993.0,Turkey,Turkey,Lower-middle-income
22460,1997.0,Not report,,
22463,2022.0,Zimbabwe and Malawi,,
22804,1980.0,Not report,,
22861,2012.0,Malawi,Malawi,Low-income
22863,2013.0,Not report,,
22864,2017.0,Not report,,
22866,2001.0,Tanzania,Tanzania,Low-income
22869,2018.0,United States,United States,High-income
22870,1989.0,Not report,,
22871,2002.0,Not report,,
22872,1984.0,Not report,,
22873,2007.0,Italy,Italy,High-income
22874,2009.0,Not report,,
22875,2017.0,Iran,Iran,Upper-middle-income
22877,2008.0,Not report,,
22878,1993.0,United States,United States,High-income
22879,2022.0,Not report,,
22881,1984.0,Not report,,
22882,2023.0,"united states, finland, france, italy, the netherlands",,
22883,2003.0,kenya,Kenya,Low-income
22884,2021.0,Honduras,Honduras,Lower-middle-income
22886,2014.0,Uganda,Uganda,Low-income
22892,1998.0,South African,South Africa,Lower-middle-income
22893,2020.0,Not report,,
22894,2006.0,United States,United States,High-income
22895,2012.0,Not report,,
22900,2014.0,Not report,,
22902,2023.0,Not report,,
22903,2001.0,UK,United Kingdom,High-income
22904,1993.0,United states,United States,High-income
22906,1992.0,United States,United States,High-income
22907,2010.0,Not report,,
22908,1984.0,Finland,Finland,High-income
22909,2022.0,China,China,Upper-middle-income
22910,2010.0,Not report,,
22911,2017.0,Not report,,
22912,1993.0,United States,United States,High-income
22914,2014.0,Not report,,
22915,2019.0,Not report,,
22916,2020.0,Iran,Iran,Lower-middle-income
22921,2013.0,Pakistan,Pakistan,Lower-middle-income
22924,2018.0,Not report,,
22925,2013.0,Egypt,Egypt,Lower-middle-income
22926,2021.0,Iran,Iran,Lower-middle-income
22927,2018.0,"north america, south america, europe, south africa, australia, and new zealand",,
22928,1996.0,Not report,,
22929,2016.0,Serbia,Serbia,Upper-middle-income
22931,2018.0,Not report,,
22932,2007.0,Not report,,
22933,2018.0,Not report,,
22934,1992.0,Not report,,
22935,2008.0,Ecuador,Ecuador,Lower-middle-income
22936,1998.0,United States,United States,High-income
22937,2012.0,Vietnam,Vietnam,Lower-middle-income
22938,2020.0,China,China,Upper-middle-income
22941,2012.0,United States,United States,High-income
22943,2019.0,"united states, japan, uk, canada, sweden, korea, australia",,
22946,1997.0,United States,United States,High-income
22947,2006.0,Not report,,
22948,2002.0,Greece,Greece,High-income
22951,2022.0,United States,United States,High-income
22952,2002.0,Iran,Iran,Lower-middle-income
22953,2017.0,Not report,,
22955,1997.0,United States,United States,High-income
22956,1992.0,Not report,,
22957,2023.0,Not report,,
22958,2006.0,Finland,Finland,High-income
22961,2021.0,Spain,Spain,High-income
22966,2018.0,Not report,,
22967,2008.0,Ethiopia; India; Uganda,,
22968,2008.0,Not report,,
22969,1993.0,United States,United States,High-income
22971,2020.0,usa  canada,,
22973,1999.0,Netherlands,Netherlands,High-income
22975,1989.0,Canada,Canada,High-income
22976,2005.0,Not report,,
22977,2019.0,Egypt,Egypt,Lower-middle-income
22978,2014.0,United States,United States,High-income
22979,2012.0,Not report,,
22980,2019.0,"ghana, kenya, brazil, united states, canada, saudi arabia, oman, egypt, lebanon, turkey, belgium, italy, united kingdom",,
22981,2022.0,Not report,,
22982,2022.0,Not report,,
22983,2015.0,Not report,,
22987,2018.0,Not report,,
22988,2011.0,United States,United States,High-income
22989,2000.0,Not report,,
22990,2015.0,Sweden,Sweden,High-income
22992,2001.0,Not report,,
23000,2008.0,China,China,Lower-middle-income
23002,2020.0,Not report,,
23004,1986.0,Not report,,
23005,1987.0,Not report,,
23006,2016.0,Not report,,
23008,2021.0,Uganda,Uganda,Low-income
23011,2013.0,Ghana,Ghana,Lower-middle-income
23014,2016.0,Not report,,
23015,2003.0,Not report,,
23019,1988.0,United States,United States,High-income
23021,2022.0,Not report,,
23023,2011.0,Mali,Mali,Low-income
23024,2020.0,Not report,,
23026,1980.0,United States,United States,High-income
23028,2008.0,United States,United States,High-income
23031,2022.0,UK,United Kingdom,High-income
23032,2010.0,Australia and New Zealand,,
23036,1997.0,Not report,,
23037,1978.0,United States,United States,High-income
23039,2001.0,United States,United States,High-income
23041,2000.0,Finland,Finland,High-income
23045,2022.0,"australia, canada, france, mexico, spain, the united kingdom, and the united states",,
23046,1997.0,India,India,Low-income
23049,2010.0,United States and Canada,,
23050,2015.0,Not report,,
23051,2014.0,Not report,,
23054,2010.0,Mali,Mali,Low-income
23055,2017.0,Qatar,Qatar,High-income
23056,2012.0,Not report,,
23057,2020.0,China,China,Upper-middle-income
23061,2022.0,Europe and North America,,
23062,2005.0,United States,United States,High-income
23063,1992.0,Not report,,
23064,2007.0,Not report,,
23065,2019.0,Finland,Finland,High-income
23066,2019.0,Finland,Finland,High-income
23067,2021.0,United states,United States,High-income
23070,1972.0,United States,United States,High-income
23071,1998.0,Not report,,
23073,2022.0,côte d'ivoire,Cote d'Ivoire,Lower-middle-income
23076,1999.0,Not report,,
23078,1980.0,United States,United States,High-income
23079,2023.0,Italy,Italy,High-income
23080,2008.0,Egypt,Egypt,Lower-middle-income
23082,2011.0,Japan,Japan,High-income
23083,2014.0,Netherlands,Netherlands,High-income
23084,2019.0,Iran,Iran,Upper-middle-income
23085,2014.0,United States,United States,High-income
23086,2002.0,Not report,,
23088,2009.0,Not report,,
23089,2012.0,Not report,,
23090,2018.0,UK,United Kingdom,High-income
23091,2013.0,South Africa,South Africa,Upper-middle-income
23093,2018.0,China,China,Upper-middle-income
23094,2018.0,Not report,,
23095,1997.0,Not report,,
23097,1987.0,Not report,,
23098,2002.0,Kenya,Kenya,Low-income
23099,2006.0,Pakistan,Pakistan,Low-income
23100,2003.0,Canada and United States,,
23102,2019.0,"Malawi, Niger, and Tanzania",,
23104,2008.0,Not report,,
23105,2015.0,Not report,,
23106,2000.0,United States,United States,High-income
23108,2010.0,Not report,,
23109,2010.0,Not report,,
23110,2018.0,Not report,,
23111,2022.0,Japan,Japan,High-income
23112,2001.0,Not report,,
23113,2017.0,India,India,Lower-middle-income
23115,2012.0,Not report,,
23118,2003.0,Not report,,
23121,2023.0,Nigeria,Nigeria,Lower-middle-income
23122,2022.0,India,India,Lower-middle-income
23124,1997.0,Not report,,
23126,2008.0,Not report,,
23130,2008.0,Netherlands and Belgium,,
23131,2021.0,Iran,Iran,Lower-middle-income
23132,2000.0,Not report,,
23133,2011.0,China,China,Upper-middle-income
23135,2020.0,Not report,,
23137,2020.0,UK,United Kingdom,High-income
23138,2015.0,United Arab Emirates,United Arab Emirates,High-income
23140,1997.0,Not report,,
23142,1983.0,Not report,,
23143,2020.0,Not report,,
23144,2019.0,United States,United States,High-income
23148,2009.0,Spain,Spain,High-income
23149,2023.0,Not report,,
23152,2010.0,Not report,,
23153,2023.0,United States,United States,High-income
23158,2009.0,Peru and Malaysia,,
23159,1998.0,Not report,,
23160,2019.0,Not report,,
23161,2018.0,UK,United Kingdom,High-income
23162,2009.0,United States,United States,High-income
23163,2014.0,Brazil,Brazil,Upper-middle-income
23166,1994.0,Bangladesh,Bangladesh,Low-income
23167,2017.0,United States,United States,High-income
23168,2020.0,Egypt,Egypt,Lower-middle-income
23171,1992.0,Not report,,
23172,1992.0,Not report,,
23174,2002.0,Not report,,
23176,1996.0,India,India,Low-income
23178,2014.0,Uganda,Uganda,Low-income
23180,2020.0,Brazil,Brazil,Upper-middle-income
23182,2017.0,Not report,,
23183,2022.0,Mexico,Mexico,Upper-middle-income
23184,2009.0,United States,United States,High-income
23185,2009.0,Not report,,
23186,1987.0,China,China,Low-income
23187,2003.0,Not report,,
23189,2008.0,Not report,,
23192,2016.0,Sweden,Sweden,High-income
23195,2016.0,Not report,,
23197,1981.0,Not report,,
23199,2002.0,United States,United States,High-income
23200,2006.0,Not report,,
23201,2007.0,Not report,,
23202,2010.0,Gambia,Gambia,Low-income
23203,2020.0,Not report,,
23205,2021.0,United States,United States,High-income
23206,2022.0,Iran,Iran,Lower-middle-income
23207,1993.0,Not report,,
23209,1998.0,Lesotho,Lesotho,Low-income
23211,1983.0,China,China,Low-income
23212,2006.0,United States,United States,High-income
23213,1993.0,Not report,,
23214,2015.0,India,India,Lower-middle-income
23215,2003.0,Not report,,
23217,2006.0,Not report,,
23220,2023.0,United States,United States,High-income
23222,2002.0,Not report,,
23223,2002.0,"north america, central america, south america, egypt, south africa, hungary",,
23224,1998.0,UK,United Kingdom,High-income
23227,1996.0,Not report,,
23228,1999.0,UK,United Kingdom,High-income
23231,2017.0,Not report,,
23232,2022.0,Not report,,
23235,2000.0,UK,United Kingdom,High-income
23237,2010.0,Not report,,
23238,2012.0,United States,United States,High-income
23242,2006.0,India,India,Low-income
23243,2011.0,Brazil,Brazil,Upper-middle-income
23245,2000.0,Chile,Chile,Upper-middle-income
23248,2016.0,uganda and zimbabwe,,
23249,1997.0,Not report,,
23251,2016.0,Pakistan,Pakistan,Lower-middle-income
23252,1992.0,United Astates and Canada,,
23253,1992.0,United States,United States,High-income
23254,2019.0,UK,United Kingdom,High-income
23258,2010.0,Not report,,
23260,1999.0,North American,,
23261,2007.0,Bangladesh,Bangladesh,Low-income
23262,2020.0,Korea,South Korea,High-income
23263,2019.0,Not report,,
23264,2013.0,Not report,,
23267,2021.0,Not report,,
23270,2010.0,Germany,Germany,High-income
23271,2013.0,United States,United States,High-income
23274,2021.0,Not report,,
23275,2023.0,Not report,,
23276,2007.0,Sweden,Sweden,High-income
23277,2001.0,Not report,,
23278,1996.0,Not report,,
23279,2005.0,Not report,,
23281,2007.0,Not report,,
23282,2019.0,Qatar,Qatar,High-income
23286,2005.0,UK,United Kingdom,High-income
23287,2022.0,Italy,Italy,High-income
23289,1984.0,United States,United States,High-income
23290,2005.0,Not report,,
23292,2014.0,Not report,,
23294,2016.0,Sweden,Sweden,High-income
23295,2002.0,Not report,,
23296,1996.0,Not report,,
23297,1989.0,South African,South Africa,Upper-middle-income
23300,2018.0,Not report,,
23301,1999.0,Not report,,
23302,2013.0,China,China,Upper-middle-income
23304,2009.0,Burkina Faso,Burkina Faso,Low-income
23305,2020.0,Finland,Finland,High-income
23306,2021.0,Not report,,
23307,1987.0,United States,United States,High-income
23308,2018.0,Thailand,Thailand,Upper-middle-income
23309,1989.0,Not report,,
23310,2022.0,Israel,Israel,High-income
23313,2019.0,Egypt,Egypt,Lower-middle-income
23314,2011.0,United States,United States,High-income
23315,2003.0,United States,United States,High-income
23316,1999.0,Not report,,
23317,2017.0,Brazil,Brazil,Upper-middle-income
23318,2023.0,"asia, europe, the middle east, north africa, and north america",,
23319,2016.0,Not report,,
23320,1994.0,Malaysian ,Malaysia,Upper-middle-income
23322,2014.0,India,India,Lower-middle-income
23323,2003.0,Not report,,
23324,2021.0,United States,United States,High-income
23326,2007.0,Not report,,
23327,2019.0,Indonesia,Indonesia,Upper-middle-income
23328,1991.0,Canada,Canada,High-income
23329,2018.0,Iran,Iran,Upper-middle-income
23331,2014.0,Not report,,
23332,2012.0,Not report,,
23333,2022.0,Not report,,
23335,2001.0,Not report,,
23341,2010.0,Not report,,
23343,2012.0,Not report,,
23344,2016.0,Finland,Finland,High-income
23345,2020.0,Not report,,
23347,2012.0,Not report,,
23349,2019.0,Netherlands,Netherlands,High-income
23350,2011.0,Not report,,
23352,2023.0,Malawi and Zimbabwe,,
23353,2019.0,Turkey,Turkey,Upper-middle-income
23355,2007.0,Not report,,
23356,2006.0,Not report,,
23357,1995.0,Not report,,
23358,2019.0,Not report,,
23359,2004.0,Not report,,
23360,2012.0,United States,United States,High-income
23361,2016.0,Not report,,
23362,2022.0,Iran,Iran,Lower-middle-income
23365,1995.0,Europe,,
23366,1997.0,United States,United States,High-income
23367,2012.0,Not report,,
23369,1979.0,Not report,,
23370,2013.0,Not report,,
23371,2022.0,Saudi Arabia,Saudi Arabia,High-income
23372,1977.0,UK,United Kingdom,High-income
23375,1973.0,Not report,,
23378,1984.0,Not report,,
23379,2011.0,Turkey,Turkey,Upper-middle-income
23383,2014.0,Not report,,
23384,2020.0,Not report,,
23385,2000.0,UK  ,United Kingdom,High-income
23387,2018.0,Israel,Israel,High-income
23389,1998.0,Not report,,
23390,1985.0,Lebanon,Lebanon,Lower-middle-income
23392,2019.0,Turkey,Turkey,Upper-middle-income
23393,1981.0,United States,United States,High-income
23394,2020.0,Brazil,Brazil,Upper-middle-income
23395,2021.0,"argentina, belgium, brazil, canada, japan, malaysia, mexico, the netherlands, spain, and the united states",,
23396,1996.0,Not report,,
23397,2011.0,Not report,,
23398,2015.0,Not report,,
23399,2012.0,Rwanda,Rwanda,Low-income
23401,2009.0,United States,United States,High-income
23402,1999.0,Not report,,
23403,2020.0,UK,United Kingdom,High-income
23404,2000.0,UK,United Kingdom,High-income
23408,2012.0,Germany,Germany,High-income
23409,2015.0,United States,United States,High-income
23411,1997.0,Israel,Israel,High-income
23412,2012.0,India,India,Lower-middle-income
23415,1987.0,Sweden ,Sweden,High-income
23416,2001.0,Not report,,
23417,1998.0,Not report,,
23419,2016.0,"England, Wales and Scotland",,
23421,1994.0,Not report,,
23423,1993.0,United Kingdom,United Kingdom,High-income
23425,1992.0,Not report,,
23426,2016.0,uganda and zimbabwe,,
23427,1992.0,Not report,,
23428,2017.0,Japan,Japan,High-income
23429,2018.0,France,France,High-income
23430,2019.0,Japan,Japan,High-income
23431,2022.0,Not report,,
23432,2017.0,united states   canada,,
23433,2010.0,Australia,Australia,High-income
23437,2000.0,Not report,,
23438,1979.0,Not report,,
23439,1997.0,Not report,,
23441,2022.0,Brazil,Brazil,Upper-middle-income
23442,2001.0,Not report,,
23443,2020.0,Turkey,Turkey,Upper-middle-income
23445,2021.0,"belgium, france, germany, poland, usa, canada",,
23447,1997.0,United States,United States,High-income
23448,1999.0,Australia,Australia,High-income
23450,2012.0,United States,United States,High-income
23452,2020.0,Japan,Japan,High-income
23454,2010.0,Japan and Europe,,
23455,1993.0,Not report,,
23456,1998.0,Not report,,
23458,2017.0,Not report,,
23459,2018.0,Denmark,Denmark,High-income
23460,2015.0,Not report,,
23464,1994.0,Ethiopia,Ethiopia,Low-income
23465,2003.0,Laos,Laos,Low-income
23468,2003.0,Not report,,
23469,1984.0,United States,United States,High-income
23470,2020.0,"belgium, mexico, russia, sweden, and the united states",,
23471,2013.0,Iran,Iran,Upper-middle-income
23472,2009.0,United States,United States,High-income
23475,2009.0,China,China,Lower-middle-income
23480,2021.0,Not report,,
23482,2015.0,United States,United States,High-income
23484,2002.0,Poland,Poland,Upper-middle-income
23485,2013.0,United States,United States,High-income
23486,2019.0,Mozambique,Mozambique,Low-income
23490,1999.0,United States,United States,High-income
23491,2012.0,"United States, Brazil and panama",,
23492,2016.0,Not report,,
23493,2010.0,Not report,,
23494,2001.0,United States,United States,High-income
23496,2011.0,Not report,,
23497,2000.0,"england, scotland, wales, belgium, spain, south africa, norway, sweden, denmark, netherlands",,
23501,2012.0,United States,United States,High-income
23502,2016.0,US and Canada,,
23504,1986.0,Canada,Canada,High-income
23505,2016.0,Not report,,
23507,2013.0,Nigeria,Nigeria,Lower-middle-income
23508,1994.0,Canada,Canada,High-income
23509,2010.0,United States,United States,High-income
23512,2020.0,Canada,Canada,High-income
23513,2020.0,Egypt,Egypt,Lower-middle-income
23514,2014.0,Brazil,Brazil,Upper-middle-income
23515,2018.0,Uganda,Uganda,Low-income
23517,2020.0,Egypt,Egypt,Lower-middle-income
23518,2008.0,Not report,,
23519,2010.0,Not report,,
23520,1997.0,Not report,,
23523,2005.0,United States,United States,High-income
23526,2007.0,Italy,Italy,High-income
23529,2000.0,Israel,Israel,High-income
23530,2020.0,Not report,,
23532,2012.0,Not report,,
23535,2014.0,Brazil,Brazil,Upper-middle-income
23536,2004.0,Not report,,
23537,2012.0,Not report,,
23538,2011.0,Not report,,
23539,2016.0,Not report,,
23540,2020.0,Not report,,
23541,2021.0,Sierra Leone,Sierra Leone,Low-income
23542,2022.0,Not report,,
23544,2020.0,Zimbabwe,Zimbabwe,Lower-middle-income
23545,2021.0,Zimbabwe,Zimbabwe,Lower-middle-income
23547,1991.0,Canada,Canada,High-income
23550,1992.0,Brazil,Brazil,Upper-middle-income
23552,2020.0,New zealand,New Zealand,High-income
23553,2017.0,Netherlands,Netherlands,High-income
23555,2008.0,United States,United States,High-income
23556,1995.0,Not report,,
23557,2015.0,Not report,,
23558,2001.0,Not report,,
23559,2014.0,Not report,,
23560,1992.0,Denmark,Denmark,High-income
23561,1991.0,Norway,Norway,High-income
23562,2011.0,Not report,,
23563,2007.0,Sweden,Sweden,High-income
23564,2020.0,Not report,,
23567,2020.0,Egypt,Egypt,Lower-middle-income
23568,2019.0,Bosnia and Herzegovina,,
23569,2011.0,Thailand,Thailand,Upper-middle-income
23570,2000.0,Not report,,
23572,1993.0,Not report,,
23573,1998.0,United States,United States,High-income
23574,2002.0,Not report,,
23576,2002.0,Iran,Iran,Lower-middle-income
23577,2002.0,Not report,,
23581,2014.0,Malawi,Malawi,Low-income
23584,2015.0,Austria,Austria,High-income
23585,1983.0,Not report,,
23589,1998.0,Brazil,Brazil,Upper-middle-income
23591,2008.0,Iran,Iran,Lower-middle-income
23592,2016.0,Brazil,Brazil,Upper-middle-income
23593,2015.0,United States,United States,High-income
23595,2009.0,Japan,Japan,High-income
23598,1998.0,Not report,,
23602,2021.0,Brazil,Brazil,Upper-middle-income
23603,1994.0,Not report,,
23605,1992.0,United States,United States,High-income
23606,2020.0,India,India,Lower-middle-income
23607,2008.0,Not report,,
23609,2018.0,Iran,Iran,Upper-middle-income
23610,2019.0,Iran,Iran,Upper-middle-income
23611,2010.0,Not report,,
23612,2005.0,Not report,,
23613,2010.0,Not report,,
23615,2009.0,China,China,Lower-middle-income
23616,2013.0,Iran,Iran,Upper-middle-income
23619,2021.0,China,China,Upper-middle-income
23620,2002.0,Not report,,
23621,2005.0,Canada,Canada,High-income
23623,1992.0,Not report,,
23624,1995.0,France,France,High-income
23628,2001.0,United States,United States,High-income
23629,2020.0,India,India,Lower-middle-income
23630,2016.0,India,India,Lower-middle-income
23631,2014.0,Uganda,Uganda,Low-income
23632,2021.0,Egypt,Egypt,Lower-middle-income
23633,2019.0,Italy,Italy,High-income
23635,2010.0,Egypt,Egypt,Lower-middle-income
23637,2020.0,Not report,,
23638,2015.0,Iran,Iran,Upper-middle-income
23639,2021.0,Not report,,
23640,2016.0,Not report,,
23641,2000.0,Not report,,
23642,2019.0,Not report,,
23643,1978.0,Not report,,
23644,2016.0,India,India,Lower-middle-income
23646,2020.0,Indonesia,Indonesia,Lower-middle-income
23648,1988.0,Not report,,
23649,1997.0,Not report,,
23650,2021.0,Pakistan,Pakistan,Lower-middle-income
23651,2019.0,India,India,Lower-middle-income
23654,2015.0,Not report,,
23655,2017.0,Iran,Iran,Upper-middle-income
23656,1999.0,UK,United Kingdom,High-income
23657,2022.0,Pakistan,Pakistan,Lower-middle-income
23658,2018.0,Not report,,
23659,2009.0,Not report,,
23660,2019.0,Not report,,
23661,1995.0,Not report,,
23662,2016.0,Serbia,Serbia,Upper-middle-income
23663,1983.0,Not report,,
23664,1987.0,Not report,,
23665,2007.0,Not report,,
23666,2017.0,Thailand,Thailand,Upper-middle-income
23668,2016.0,Iran,Iran,Upper-middle-income
23669,1978.0,Not report,,
23670,2019.0,Iran,Iran,Upper-middle-income
23671,1993.0,Not report,,
23672,2008.0,Not report,,
23673,1994.0,Not report,,
23674,2012.0,Colombia,Colombia,Upper-middle-income
23676,2006.0,Iran,Iran,Lower-middle-income
23677,2011.0,Not report,,
23678,2015.0,Not report,,
23681,2009.0,Not report,,
23682,1984.0,Not report,,
23683,2011.0,Not report,,
23686,2006.0,Not report,,
23688,2011.0,Not report,,
23689,2017.0,Not report,,
23690,1987.0,Not report,,
23692,1968.0,Not report,,
23694,2021.0,Not report,,
23695,2015.0,Not report,,
23696,2016.0,Iran,Iran,Upper-middle-income
23698,2019.0,Not report,,
23699,2020.0,Not report,,
23700,1981.0,UK  ,United Kingdom,High-income
23701,2019.0,Not report,,
23703,2016.0,Pakistan,Pakistan,Lower-middle-income
23705,2011.0,Kenya,Kenya,Low-income
23706,2017.0,Zimbabwe,Zimbabwe,Low-income
23707,2002.0,Netherlands,Netherlands,High-income
23710,2011.0,"austria, denmark, finland, france, germany, norway, poland, spain, sweden, switzerland, united kingdom",,
23712,2015.0,"north and south america, europe, asia, and africa",,
23713,2012.0,Italy,Italy,High-income
23714,2010.0,united kingdom,United Kingdom,High-income
23715,2017.0,United States and Europe,,
23716,2021.0,Not report,,
23717,2005.0,United kingdom,United Kingdom,High-income
23718,1996.0,United States,United States,High-income
23723,2015.0,China,China,Upper-middle-income
23724,2022.0,Not report,,
23725,2022.0,Janpan,Japan,High-income
23727,2010.0,Thailand,Thailand,Upper-middle-income
23728,1990.0,Not report,,
23729,2007.0,United States,United States,High-income
23733,2007.0,United Kingdom,United Kingdom,High-income
23735,2008.0,Not report,,
23736,2011.0,Not report,,
23737,2014.0,Not report,,
23739,2011.0,Iran,Iran,Upper-middle-income
23741,2005.0,Not report,,
23743,2011.0,Not report,,
23744,2021.0,Netherlands,Netherlands,High-income
23745,1993.0,Not report,,
23746,2017.0,Switzerland,Switzerland,High-income
23747,2013.0,UK,United Kingdom,High-income
23749,2018.0,United States,United States,High-income
23753,2011.0,Not report,,
23754,2018.0,India,India,Lower-middle-income
23755,2011.0,Not report,,
23756,2007.0,Netherlands,Netherlands,High-income
23757,2018.0,India,India,Lower-middle-income
23758,2022.0,Niger,Niger,Low-income
23760,2019.0,Jordan,Jordan,Upper-middle-income
23762,2019.0,United Sates,United States,High-income
23765,2005.0,Iran,Iran,Lower-middle-income
23766,2022.0,Nigeria,Nigeria,Lower-middle-income
23768,2003.0,Not report,,
23769,1997.0,Not report,,
23770,2014.0,Turkey,Turkey,Upper-middle-income
23771,2011.0,Iran,Iran,Upper-middle-income
23773,2021.0,Tanzania,Tanzania,Lower-middle-income
23774,2012.0,Bangladesh,Bangladesh,Low-income
23775,2021.0,China,China,Upper-middle-income
23776,2021.0,Netherlands and Belgium,,
23778,2014.0,Not report,,
23779,2009.0,Not report,,
23780,2016.0,China,China,Upper-middle-income
23781,1981.0,United States,United States,High-income
23782,2020.0,Danmark,Denmark,High-income
23784,1999.0,UK,United Kingdom,High-income
23785,2010.0,Not report,,
23786,1992.0,Not report,,
23873,2021.0,Germany,Germany,High-income
23893,2019.0,Uganda,Uganda,Low-income
23934,1995.0,Not report,,
23975,2003.0,Not report,,
24146,2021.0,Israel,Israel,High-income
24164,2013.0,United States,United States,High-income
24247,1996.0,Israel,Israel,High-income
24248,1989.0,Not report,,
